elapsedTime,Systemzeit,PosX,PosY,PosZ,NcBlock,Programmname,Werkzeugname,Programmstatus,Betriebsart,DrivePower,DrivePowerX,DrivePowerY,DrivePowerZ,DrivePowerA,DrivePowerC,DrivePowerSpindle,VorschubX,VorschubY,VorschubZ,Spindeldrehzahl,BeschleunigungX,BeschleunigungY,BeschleunigungZ,Spindelbeschleunigung,Hauptversorgung,24V-Versorgung,Antriebe,Bandfilteranlage,Hebepumpe,Kühlung,KühlungSchaltschrank,Späneförderer,NebelRauchabscheider,AirPower_Hauptversorgung,AirPower_Blum,AirPower_Hauptventilblock,AirPower_BlasluftKegelreinigung,AirPower_KlemmungTisch,AirPower_NPS,AirPower_Werkzeugkühlung,AirPower_ÖlLuftschmierungSpindel,AirPower_Sperrluft,AirPower_BlasluftSpindelMitte,TemperaturAußen,TemperaturArbeitsraum,Signallampe_rot,Signallampe_grün,Signallampe_blau,Signallampe_gelb,Späneförderer_vorwärts,Späneförderer_rückwärts,Späneförderer_Pumpe,Hebepumpe_aktiv,Nebelabscheider,Spülpistole,Schaltschrank_Temperatur,Tür_gesperrt
0.19,undefined,0,0,0,0,0,0,0,0,0,0,0,0,0,0,0,0,0,0,0,0,0,0,0,2076.03,415.62,732.99,0,0,1333.22,62.55,0,0,2644.2,54.6,2655.9,0,0,0,0,794.27,1401.43,0,26.2,26.4,false,true,undefined,false,false,false,false,undefined,false,false,true,true
0.31,undefined,0,0,0,0,0,0,0,0,0,0,0,0,0,0,0,0,0,0,0,0,0,0,0,2076.03,415.62,732.99,0,0,1333.22,62.55,0,0,2644.2,54.6,2655.9,0,0,0,0,794.27,1400.1,0,26.2,26.4,false,true,undefined,false,false,false,false,undefined,false,false,true,true
0.435,undefined,0,0,0,0,0,0,0,0,0,0,0,0,0,0,0,0,0,0,0,0,0,0,0,2076.03,415.62,732.99,0,0,1333.22,62.55,0,0,2644.2,54.6,2655.9,0,0,0,0,794.27,1400.1,0,26.2,26.4,false,true,undefined,false,false,false,false,undefined,false,false,true,true
0.558,undefined,0,0,0,0,0,0,0,0,0,0,0,0,0,0,0,0,0,0,0,0,0,0,0,2081.45,419.31,730.89,0,0,1329.7,62.44,0,0,2644.2,54.6,2655.9,0,0,0,0,794.27,1398.77,0,26.2,26.4,false,true,undefined,false,false,false,false,undefined,false,false,true,true
0.667,undefined,0,0,0,0,0,0,0,0,0,0,0,0,0,0,0,0,0,0,0,0,0,0,0,2081.45,419.31,730.89,0,0,1329.7,62.44,0,0,2631.17,54.6,2655.9,0,0,0,0,795.6,1398.77,0,26.2,26.4,false,true,undefined,false,false,false,false,undefined,false,false,true,true
0.783,undefined,0,0,0,0,0,0,0,0,0,0,0,0,0,0,0,0,0,0,0,0,0,0,0,2081.45,419.31,730.89,0,0,1329.7,62.44,0,0,2635.07,54.6,2654.57,0,0,0,0,795.6,1398.77,0,26.2,26.4,false,true,undefined,false,false,false,false,undefined,false,false,true,true
0.916,undefined,0,0,0,0,0,0,0,0,0,0,0,0,0,0,0,0,0,0,0,0,0,0,0,2081.45,419.31,730.89,0,0,1329.7,62.44,0,0,2642.87,54.6,2654.57,0,0,35.1,0,795.6,1398.77,0,26.2,26.4,false,true,undefined,false,false,false,false,undefined,false,false,true,true
1.045,undefined,0,0,0,0,0,0,0,0,0,0,0,0,0,0,0,0,0,0,0,0,0,0,0,2050.82,417.09,732.01,0,0,1307.71,62.37,0,0,2654.57,59.83,2644.2,0,0,41.57,0,795.6,1398.77,0,26.2,26.4,false,true,undefined,false,false,false,false,undefined,false,false,true,true
1.154,undefined,0,0,0,0,0,0,0,0,0,0,0,0,0,0,0,0,0,0,0,0,0,0,0,2050.82,417.09,732.01,0,0,1307.71,62.37,0,0,2654.57,64.97,2642.87,0,0,41.57,0,795.6,1398.77,0,26.2,26.4,false,true,undefined,false,false,false,false,undefined,false,false,true,true
1.267,undefined,0,0,0,0,0,0,0,0,0,0,0,0,0,0,0,0,0,0,0,0,0,0,0,2050.82,417.09,732.01,0,0,1307.71,62.37,0,0,2662.37,66.3,2646.77,0,0,37.67,0,796.93,1398.77,0,26.2,26.4,false,true,undefined,false,false,false,false,undefined,false,false,true,true
1.388,undefined,0,0,0,0,0,0,0,0,0,0,0,0,0,0,0,0,0,0,0,0,0,0,0,2050.82,417.09,732.01,0,0,1307.71,62.39,0,0,2670.17,66.3,2644.2,0,0,29.87,0,795.6,1398.77,0,26.2,26.4,false,true,undefined,false,false,false,false,undefined,false,false,true,true
1.522,undefined,0,0,0,0,0,0,0,0,0,0,0,0,0,0,0,0,0,0,0,0,0,0,0,2015.93,414.39,755.68,0,0,1278.63,62.39,0,0,2672.83,66.3,2644.2,0,0,23.4,0,795.6,1398.77,0,26.2,26.4,false,true,undefined,false,false,false,false,undefined,false,false,true,true
1.615,undefined,0,0,0,0,0,0,0,0,0,0,0,0,0,0,0,0,0,0,0,0,0,0,0,2015.93,414.39,755.68,0,0,1278.63,62.39,0,0,2672.83,66.3,2644.2,0,0,23.4,0,795.6,1398.77,0,26.2,26.4,false,true,undefined,false,false,false,false,undefined,false,false,true,true
1.727,undefined,0,0,0,0,0,0,0,0,0,0,0,0,0,0,0,0,0,0,0,0,0,0,0,2015.93,414.39,755.68,0,0,1278.63,62.39,0,0,2672.83,66.3,2644.2,0,0,23.4,0,795.6,1398.77,0,26.2,26.4,false,true,undefined,false,false,false,false,undefined,false,false,true,true
1.854,undefined,0,0,0,0,0,0,0,0,0,0,0,0,0,0,0,0,0,0,0,0,0,0,0,2015.93,414.39,755.68,0,0,1278.63,62.39,0,0,2672.83,66.3,2644.2,0,0,23.4,0,795.6,1398.77,0,26.2,26.4,false,true,undefined,false,false,false,false,undefined,false,false,true,true
1.963,undefined,0,0,0,0,0,0,0,0,0,0,0,0,0,0,0,0,0,0,0,0,0,0,0,2003.16,414.09,753.25,0,0,1264.27,62.53,0,0,2672.83,66.3,2644.2,0,0,23.4,0,795.6,1398.77,0,26.2,26.4,false,true,undefined,false,false,false,false,undefined,false,false,true,true
2.091,undefined,0,0,0,0,0,0,0,0,0,0,0,0,0,0,0,0,0,0,0,0,0,0,0,2003.16,414.09,753.25,0,0,1264.27,62.53,0,0,2672.83,66.3,2644.2,0,0,23.4,0,795.6,1401.43,0,26.2,26.4,false,true,undefined,false,false,false,false,undefined,false,false,true,true
2.215,undefined,0,0,0,0,0,0,0,0,0,0,0,0,0,0,0,0,0,0,0,0,0,0,0,2003.16,414.09,753.25,0,0,1264.27,62.53,0,0,2672.83,66.3,2644.2,0,0,23.4,0,795.6,1402.67,0,26.2,26.4,false,true,undefined,false,false,false,false,undefined,false,false,true,true
2.344,undefined,0,0,0,0,0,0,0,0,0,0,0,0,0,0,0,0,0,0,0,0,0,0,0,2003.16,414.09,753.25,0,0,1264.27,62.53,0,0,2672.83,66.3,2644.2,0,0,23.4,0,795.6,1401.43,0,26.2,26.4,false,true,undefined,false,false,false,false,undefined,false,false,true,true
2.471,undefined,0,0,0,0,0,0,0,0,0,0,0,0,0,0,0,0,0,0,0,0,0,0,0,1995.82,414.34,779.12,0,0,1262.16,62.51,0,0,2672.83,66.3,2644.2,0,0,23.4,0,795.6,1402.67,0,26.2,26.4,false,true,undefined,false,false,false,false,undefined,false,false,true,true
2.592,undefined,0,0,0,0,0,0,0,0,0,0,0,0,0,0,0,0,0,0,0,0,0,0,0,1995.82,414.34,779.12,0,0,1262.16,62.51,0,0,2672.83,66.3,2644.2,0,0,23.4,0,794.27,1401.43,0,26.2,26.4,false,true,undefined,false,false,false,false,undefined,false,false,true,true
2.718,undefined,0,0,0,0,0,0,0,0,0,0,0,0,0,0,0,0,0,0,0,0,0,0,0,1995.82,414.34,779.12,0,0,1262.16,62.51,0,0,2637.73,66.3,2644.2,0,0,23.4,0,794.27,1402.67,0,26.2,26.4,false,true,undefined,false,false,false,false,undefined,false,false,true,true
2.841,undefined,0,0,0,0,0,0,0,0,0,0,0,0,0,0,0,0,0,0,0,0,0,0,0,1995.82,414.34,748.18,0,0,1262.16,62.54,0,0,2637.73,66.3,2644.2,0,0,23.4,0,794.27,1402.67,0,26.2,26.4,false,true,undefined,false,false,false,false,undefined,false,false,true,true
2.938,undefined,0,0,0,0,0,0,0,0,0,0,0,0,0,0,0,0,0,0,0,0,0,0,0,1988.82,414.51,748.18,0,0,1257.64,62.54,0,0,2637.73,66.3,2644.2,0,0,23.4,0,794.27,1401.43,0,26.2,26.4,false,true,undefined,false,false,false,false,undefined,false,false,true,true
3.058,undefined,0,0,0,0,0,0,0,0,0,0,0,0,0,0,0,0,0,0,0,0,0,0,0,1988.82,414.51,748.18,0,0,1257.64,62.54,0,0,2637.73,66.3,2644.2,0,0,23.4,0,794.27,1401.43,0,26.2,26.4,false,true,undefined,false,false,false,false,undefined,false,false,true,true
3.187,undefined,0,0,0,0,0,0,0,0,0,0,0,0,0,0,0,0,0,0,0,0,0,0,0,1988.82,414.51,748.18,0,0,1257.64,62.54,0,0,2637.73,66.3,2644.2,0,0,23.4,0,794.27,1401.43,0,26.2,26.4,false,true,undefined,false,false,false,false,undefined,false,false,true,true
3.307,undefined,0,0,0,0,0,0,0,0,0,0,0,0,0,0,0,0,0,0,0,0,0,0,0,1988.82,414.51,748.18,0,0,1257.64,62.54,0,0,2637.73,66.3,2644.2,0,0,23.4,0,794.27,1401.43,0,26.2,26.4,false,true,undefined,false,false,false,false,undefined,false,false,true,true
3.418,undefined,0,0,0,0,0,0,0,0,0,0,0,0,0,0,0,0,0,0,0,0,0,0,0,1989.99,413.53,794.66,0,0,1255.75,62.6,0,0,2637.73,66.3,2644.2,0,0,23.4,0,794.27,1400.1,0,26.2,26.4,false,true,undefined,false,false,false,false,undefined,false,false,true,true
3.528,undefined,0,0,0,0,0,0,0,0,0,0,0,0,0,0,0,0,0,0,0,0,0,0,0,1989.99,413.53,794.66,0,0,1255.75,62.6,0,0,2637.73,66.3,2644.2,0,0,23.4,0,794.27,1400.1,0,26.2,26.4,false,true,undefined,false,false,false,false,undefined,false,false,true,true
3.653,undefined,0,0,0,0,0,0,0,0,0,0,0,0,0,0,0,0,0,0,0,0,0,0,0,1989.99,413.53,794.66,0,0,1255.75,62.6,0,0,2637.73,66.3,2644.2,0,0,23.4,0,794.27,1400.1,0,26.2,26.4,false,true,undefined,false,false,false,false,undefined,false,false,true,true
3.776,undefined,0,0,0,0,0,0,0,0,0,0,0,0,0,0,0,0,0,0,0,0,0,0,0,1989.99,413.53,794.66,0,0,1255.75,62.6,0,0,2637.73,66.3,2644.2,0,0,23.4,0,794.27,1400.1,0,26.2,26.4,false,true,undefined,false,false,false,false,undefined,false,false,true,true
3.876,undefined,0,0,0,0,0,0,0,0,0,0,0,0,0,0,0,0,0,0,0,0,0,0,0,1994.72,414.44,773.13,0,0,1262.78,62.65,0,0,2637.73,66.3,2644.2,0,0,23.4,0,794.27,1400.1,0,26.2,26.4,false,true,undefined,false,false,false,false,undefined,false,false,true,true
3.982,undefined,0,0,0,0,0,0,0,0,0,0,0,0,0,0,0,0,0,0,0,0,0,0,0,1994.72,414.44,773.13,0,0,1262.78,62.65,0,0,2637.73,66.3,2644.2,0,0,23.4,0,794.27,1400.1,0,26.2,26.4,false,true,undefined,false,false,false,false,undefined,false,false,true,true
4.108,undefined,0,0,0,0,0,0,0,0,0,0,0,0,0,0,0,0,0,0,0,0,0,0,0,1994.72,414.44,773.13,0,0,1262.78,62.65,0,0,2637.73,57.17,2648.1,0,0,3.9,0,798.17,1400.1,0,26.2,26.4,false,true,undefined,false,false,false,false,undefined,false,false,true,true
4.215,undefined,0,0,0,0,0,0,0,0,0,0,0,0,0,0,0,0,0,0,0,0,0,0,0,1994.72,414.44,773.13,0,0,1262.78,62.65,0,0,2648.1,57.17,2648.1,0,0,0,0,798.17,1400.1,0,26.2,26.4,false,true,undefined,false,false,false,false,undefined,false,false,true,true
4.325,undefined,0,0,0,0,0,0,0,0,0,0,0,0,0,0,0,0,0,0,0,0,0,0,0,1993.28,414.44,762.21,0,0,1260.32,62.65,0,0,2648.1,54.6,2640.3,0,0,0,0,794.27,1400.1,0,26.2,26.4,false,true,undefined,false,false,false,false,undefined,false,false,true,true
4.425,undefined,0,0,0,0,0,0,0,0,0,0,0,0,0,0,0,0,0,0,0,0,0,0,0,1993.28,414.44,762.21,0,0,1260.32,62.65,0,0,2641.63,54.6,2645.53,0,0,0,0,794.27,1400.1,0,26.2,26.4,false,true,undefined,false,false,false,false,undefined,false,false,true,true
4.559,undefined,0,0,0,0,0,0,0,0,0,0,0,0,0,0,0,0,0,0,0,0,0,0,0,1993.28,414.44,762.21,0,0,1260.32,62.65,0,0,2636.4,54.6,2653.33,0,0,0,0,794.27,1400.1,0,26.2,26.4,false,true,undefined,false,false,false,false,undefined,false,false,true,true
4.673,undefined,0,0,0,0,0,0,0,0,0,0,0,0,0,0,0,0,0,0,0,0,0,0,0,1993.28,414.44,762.21,0,0,1260.32,62.65,0,0,2636.4,54.6,2653.33,0,0,0,0,794.27,1400.1,0,26.2,26.4,false,true,undefined,false,false,false,false,undefined,false,false,true,true
4.791,undefined,0,0,0,0,0,0,0,0,0,0,0,0,0,0,0,0,0,0,0,0,0,0,0,1993.54,414.06,762.21,0,0,1256.66,62.62,0,0,2635.07,54.6,2662.37,0,0,0,0,795.6,1402.67,0,26.2,26.4,false,true,undefined,false,false,false,false,undefined,false,false,true,true
4.922,undefined,0,0,0,0,0,0,0,0,0,0,0,0,0,0,0,0,0,0,0,0,0,0,0,1993.54,414.06,753.88,0,0,1256.66,62.62,0,0,2635.07,55.93,2668.93,0,0,0,0,796.93,1402.67,0,26.2,26.4,false,true,undefined,false,false,false,false,undefined,false,false,true,true
5.035,undefined,0,0,0,0,0,0,0,0,0,0,0,0,0,0,0,0,0,0,0,0,0,0,0,1993.54,414.06,753.88,0,0,1256.66,62.62,0,0,2636.4,54.6,2666.27,0,0,0,0,796.93,1402.67,0,26.2,26.4,false,true,undefined,false,false,false,false,undefined,false,false,true,true
5.147,undefined,0,0,0,0,0,0,0,0,0,0,0,0,0,0,0,0,0,0,0,0,0,0,0,1993.54,414.06,753.88,0,0,1256.66,62.62,0,0,2640.3,54.6,2665.03,0,0,0,0,796.93,1402.67,0,26.2,26.4,false,true,undefined,false,false,false,false,undefined,false,false,true,true
5.263,undefined,0,0,0,0,0,0,0,0,0,0,0,0,0,0,0,0,0,0,0,0,0,0,0,1985.86,413.56,764.57,0,0,1256.66,62.49,0,0,2645.53,54.6,2665.03,0,0,0,0,796.93,1402.67,0,26.2,26.4,false,true,undefined,false,false,false,false,undefined,false,false,true,true
5.37,undefined,0,0,0,0,0,0,0,0,0,0,0,0,0,0,0,0,0,0,0,0,0,0,0,1985.86,413.56,764.57,0,0,1259.27,62.49,0,0,2645.53,54.6,2667.6,0,0,0,0,796.93,1402.67,0,26.2,26.4,false,true,undefined,false,false,false,false,undefined,false,false,true,true
5.475,undefined,0,0,0,0,0,0,0,0,0,0,0,0,0,0,0,0,0,0,0,0,0,0,0,1985.86,413.56,764.57,0,0,1259.27,62.49,0,0,2646.77,54.6,2662.37,0,0,0,0,798.17,1402.67,0,26.2,26.4,false,true,undefined,false,false,false,false,undefined,false,false,true,true
5.6,undefined,0,0,0,0,0,0,0,0,0,0,0,0,0,0,0,0,0,0,0,0,0,0,0,1985.86,413.56,764.57,0,0,1259.27,62.49,0,0,2642.87,54.6,2657.23,0,0,0,0,798.17,1402.67,0,26.2,26.4,false,true,undefined,false,false,false,false,undefined,false,false,true,true
5.723,undefined,0,0,0,0,0,0,0,0,0,0,0,0,0,0,0,0,0,0,0,0,0,0,0,1985.86,413.56,764.57,0,0,1254.97,62.49,0,0,2644.2,54.6,2657.23,0,0,0,0,798.17,1402.67,0,26.2,26.4,false,true,undefined,false,false,false,false,undefined,false,false,true,true
5.851,undefined,0,0,0,0,0,0,0,0,0,0,0,0,0,0,0,0,0,0,0,0,0,0,0,1985.08,415.86,774.72,0,0,1254.97,62.64,0,0,2632.5,54.6,2652,0,0,0,0,796.93,1402.67,0,26.2,26.4,false,true,undefined,false,false,false,false,undefined,false,false,true,true
5.975,undefined,0,0,0,0,0,0,0,0,0,0,0,0,0,0,0,0,0,0,0,0,0,0,0,1985.08,415.86,774.72,0,0,1254.97,62.64,0,0,2632.5,54.6,2648.1,0,0,0,0,795.6,1402.67,0,26.2,26.4,false,true,undefined,false,false,false,false,undefined,false,false,true,true
6.106,undefined,0,0,0,0,0,0,0,0,0,0,0,0,0,0,0,0,0,0,0,0,0,0,0,1985.08,415.86,774.72,0,0,1254.97,62.64,0,0,2624.7,54.6,2650.67,0,0,0,0,795.6,1402.67,0,26.2,26.4,false,true,undefined,false,false,false,false,undefined,false,false,true,true
6.231,undefined,0,0,0,0,0,0,0,0,0,0,0,0,0,0,0,0,0,0,0,0,0,0,0,1982.88,414.17,774.72,0,0,1250.49,62.6,0,0,2624.7,54.6,2654.57,0,0,0,0,795.6,1400.1,0,26.2,26.4,false,true,undefined,false,false,false,false,undefined,false,false,true,true
6.354,undefined,0,0,0,0,0,0,0,0,0,0,0,0,0,0,0,0,0,0,0,0,0,0,0,1982.88,414.17,806.62,0,0,1250.49,62.6,0,0,2635.07,54.6,2652,0,0,0,0,795.6,1402.67,0,26.2,26.4,false,true,undefined,false,false,false,false,undefined,false,false,true,true
6.464,undefined,0,0,0,0,0,0,0,0,0,0,0,0,0,0,0,0,0,0,0,0,0,0,0,1982.88,414.17,806.62,0,0,1250.49,62.6,0,0,2640.3,54.6,2652,0,0,0,0,795.6,1401.43,0,26.2,26.4,false,true,undefined,false,false,false,false,undefined,false,false,true,true
6.573,undefined,0,0,0,0,0,0,0,0,0,0,0,0,0,0,0,0,0,0,0,0,0,0,0,1982.88,414.17,806.62,0,0,1250.49,62.6,0,0,2640.3,54.6,2652,0,0,0,0,795.6,1401.43,0,26.2,26.4,false,true,undefined,false,false,false,false,undefined,false,false,true,true
6.68,undefined,0,0,0,0,0,0,0,0,0,0,0,0,0,0,0,0,0,0,0,0,0,0,0,1982.88,414.17,806.62,0,0,1250.49,62.6,0,0,2637.73,54.6,2644.2,0,0,0,0,795.6,1401.43,0,26.2,26.4,false,true,undefined,false,false,false,false,undefined,false,false,true,true
6.786,undefined,0,0,0,0,0,0,0,0,0,0,0,0,0,0,0,0,0,0,0,0,0,0,0,1983.74,414.99,799.72,0,0,1250.96,62.61,0,0,2635.07,54.6,2648.1,0,0,0,0,796.93,1401.43,0,26.2,26.4,false,true,undefined,false,false,false,false,undefined,false,false,true,true
6.918,undefined,0,0,0,0,0,0,0,0,0,0,0,0,0,0,0,0,0,0,0,0,0,0,0,1983.74,414.99,799.72,0,0,1250.96,62.61,0,0,2635.07,54.6,2648.1,0,0,0,0,796.93,1401.43,0,26.2,26.4,false,true,undefined,false,false,false,false,undefined,false,false,true,true
7.026,undefined,0,0,0,0,0,0,0,0,0,0,0,0,0,0,0,0,0,0,0,0,0,0,0,1983.74,414.99,799.72,0,0,1250.96,62.61,0,0,2635.07,54.6,2657.23,0,0,0,0,795.6,1401.43,0,26.2,26.4,false,true,undefined,false,false,false,false,undefined,false,false,true,true
7.148,undefined,0,0,0,0,0,0,0,0,0,0,0,0,0,0,0,0,0,0,0,0,0,0,0,1983.74,414.99,799.72,0,0,1250.96,62.61,0,0,2641.63,54.6,2655.9,0,0,0,0,794.27,1401.43,0,26.2,26.4,false,true,undefined,false,false,false,false,undefined,false,false,true,true
7.277,undefined,0,0,0,0,0,0,0,0,0,0,0,0,0,0,0,0,0,0,0,0,0,0,0,1981.52,417.4,784.61,0,0,1247.75,62.56,0,0,2645.53,54.6,2655.9,0,0,0,0,795.6,1401.43,0,26.2,26.4,false,true,undefined,false,false,false,false,undefined,false,false,true,true
7.393,undefined,0,0,0,0,0,0,0,0,0,0,0,0,0,0,0,0,0,0,0,0,0,0,0,1981.52,417.4,784.61,0,0,1247.75,62.56,0,0,2646.77,54.6,2658.47,0,0,0,0,795.6,1401.43,0,26.2,26.4,false,true,undefined,false,false,false,false,undefined,false,false,true,true
7.5,undefined,0,0,0,0,0,0,0,0,0,0,0,0,0,0,0,0,0,0,0,0,0,0,0,1981.52,417.4,784.61,0,0,1247.75,62.56,0,0,2641.63,54.6,2658.47,0,0,0,0,795.6,1401.43,0,26.2,26.4,false,true,undefined,false,false,false,false,undefined,false,false,true,true
7.626,undefined,0,0,0,0,0,0,0,0,0,0,0,0,0,0,0,0,0,0,0,0,0,0,0,1981.52,415.42,784.61,0,0,1247.75,62.56,0,0,2641.63,54.6,2658.47,0,0,0,0,795.6,1401.43,0,26.2,26.4,false,true,undefined,false,false,false,false,undefined,false,false,true,true
7.741,undefined,0,0,0,0,0,0,0,0,0,0,0,0,0,0,0,0,0,0,0,0,0,0,0,1979.36,415.42,752.14,0,0,1244.87,62.56,0,0,2641.63,54.6,2658.47,0,0,0,0,795.6,1400.1,0,26.2,26.4,false,true,undefined,false,false,false,false,undefined,false,false,true,true
7.851,undefined,0,0,0,0,0,0,0,0,0,0,0,0,0,0,0,0,0,0,0,0,0,0,0,1979.36,415.42,752.14,0,0,1244.87,62.56,0,0,2641.63,54.6,2658.47,0,0,0,0,795.6,1398.77,0,26.2,26.4,false,true,undefined,false,false,false,false,undefined,false,false,true,true
7.974,undefined,0,0,0,0,0,0,0,0,0,0,0,0,0,0,0,0,0,0,0,0,0,0,0,1979.36,415.42,752.14,0,0,1244.87,62.56,0,0,2641.63,54.6,2658.47,0,0,0,0,795.6,1398.77,0,26.2,26.4,false,true,undefined,false,false,false,false,undefined,false,false,true,true
8.087,undefined,0,0,0,0,0,0,0,0,0,0,0,0,0,0,0,0,0,0,0,0,0,0,0,1979.36,415.42,752.14,0,0,1244.87,62.56,0,0,2641.63,54.6,2658.47,0,0,0,0,795.6,1398.77,0,26.2,26.4,false,true,undefined,false,false,false,false,undefined,false,false,true,true
8.19,undefined,0,0,0,0,0,0,0,0,0,0,0,0,0,0,0,0,0,0,0,0,0,0,0,1982.37,415.21,752.13,0,0,1246.19,62.64,0,0,2641.63,54.6,2658.47,0,0,0,0,795.6,1401.43,0,26.2,26.4,false,true,undefined,false,false,false,false,undefined,false,false,true,true
8.305,undefined,0,0,0,0,0,0,0,0,0,0,0,0,0,0,0,0,0,0,0,0,0,0,0,1982.37,415.21,752.13,0,0,1246.19,62.64,0,0,2641.63,54.6,2658.47,0,0,0,0,795.6,1401.43,0,26.2,26.4,false,true,undefined,false,false,false,false,undefined,false,false,true,true
8.429,undefined,0,0,0,0,0,0,0,0,0,0,0,0,0,0,0,0,0,0,0,0,0,0,0,1982.37,415.21,752.13,0,0,1246.19,62.64,0,0,2641.63,54.6,2658.47,0,0,0,0,795.6,1400.1,0,26.2,26.4,false,true,undefined,false,false,false,false,undefined,false,false,true,true
8.538,undefined,0,0,0,0,0,0,0,0,0,0,0,0,0,0,0,0,0,0,0,0,0,0,0,1982.37,415.21,752.13,0,0,1246.19,62.64,0,0,2641.63,54.6,2658.47,0,0,0,0,795.6,1400.1,0,26.2,26.4,false,true,undefined,false,false,false,false,undefined,false,false,true,true
8.661,undefined,0,0,0,0,0,0,0,0,0,0,0,0,0,0,0,0,0,0,0,0,0,0,0,2146.61,421.83,775.45,0,0,1243.92,62.59,0,0,2641.63,54.6,2654.57,0,0,0,0,796.93,1400.1,0,26.2,26.4,false,true,undefined,false,false,false,false,undefined,false,false,true,true
8.782,undefined,0,0,0,0,0,0,0,0,0,0,0,0,0,0,0,0,0,0,0,0,0,0,0,2146.61,421.83,775.45,0,0,1243.92,62.59,0,0,2645.53,54.6,2654.57,0,0,0,0,796.93,1400.1,0,26.2,26.4,false,true,undefined,false,false,false,false,undefined,false,false,true,true
8.889,undefined,0,0,0,0,0,0,0,0,0,0,0,0,0,0,0,0,0,0,0,0,0,0,0,2146.61,421.83,775.45,0,0,1243.92,62.59,0,0,2645.53,54.6,2654.57,0,0,0,0,796.93,1400.1,0,26.2,26.4,false,true,undefined,false,false,false,false,undefined,false,false,true,true
9.008,undefined,0,0,0,0,0,0,0,0,0,0,0,0,0,0,0,0,0,0,0,0,0,0,0,2146.61,421.83,775.45,0,0,1243.92,62.59,0,0,2645.53,54.6,2654.57,0,0,0,0,796.93,1400.1,0,26.2,26.4,false,true,undefined,false,false,false,false,undefined,false,false,true,true
9.139,undefined,0,0,0,0,0,0,0,0,0,0,0,0,0,0,0,0,0,0,0,0,0,0,0,2140.04,420.15,747.67,0,0,1257.03,62.65,0,0,2645.53,54.6,2654.57,0,0,0,0,796.93,1400.1,0,26.2,26.4,false,true,undefined,false,false,false,false,undefined,false,false,true,true
9.246,undefined,0,0,0,0,0,0,0,0,0,0,0,0,0,0,0,0,0,0,0,0,0,0,0,2140.04,420.15,747.67,0,0,1257.03,62.65,0,0,2645.53,54.6,2654.57,0,0,0,0,796.93,1400.1,0,26.2,26.4,false,true,undefined,false,false,false,false,undefined,false,false,true,true
9.35,undefined,0,0,0,0,0,0,0,0,0,0,0,0,0,0,0,0,0,0,0,0,0,0,0,2140.04,420.15,747.67,0,0,1257.03,62.65,0,0,2645.53,54.6,2654.57,0,0,0,0,796.93,1400.1,0,26.2,26.4,false,true,undefined,false,false,false,false,undefined,false,false,true,true
9.485,undefined,0,0,0,0,0,0,0,0,0,0,0,0,0,0,0,0,0,0,0,0,0,0,0,2140.04,420.15,747.67,0,0,1257.03,62.65,0,0,2645.53,54.6,2654.57,0,0,0,0,796.93,1400.1,0,26.2,26.4,false,true,undefined,false,false,false,false,undefined,false,false,true,true
9.602,undefined,0,0,0,0,0,0,0,0,0,0,0,0,0,0,0,0,0,0,0,0,0,0,0,2156.5,416.37,743.99,0,0,1276.13,62.65,0,0,2645.53,54.6,2654.57,0,0,0,0,796.93,1400.1,0,26.2,26.4,false,true,undefined,false,false,false,false,undefined,false,false,true,true
9.727,undefined,0,0,0,0,0,0,0,0,0,0,0,0,0,0,0,0,0,0,0,0,0,0,0,2156.5,416.37,743.99,0,0,1276.13,62.65,0,0,2645.53,54.6,2654.57,0,0,0,0,796.93,1400.1,0,26.2,26.4,false,true,undefined,false,false,false,false,undefined,false,false,true,true
9.838,undefined,0,0,0,0,0,0,0,0,0,0,0,0,0,0,0,0,0,0,0,0,0,0,0,2156.5,416.37,743.99,0,0,1276.13,62.65,0,0,2645.53,54.6,2654.57,0,0,0,0,796.93,1400.1,0,26.2,26.4,false,true,undefined,false,false,false,false,undefined,false,false,true,true
9.96,undefined,0,0,0,0,0,0,0,0,0,0,0,0,0,0,0,0,0,0,0,0,0,0,0,2156.5,416.37,743.99,0,0,1276.13,62.65,0,0,2645.53,54.6,2654.57,0,0,0,0,796.93,1400.1,0,26.2,26.4,false,true,undefined,false,false,false,false,undefined,false,false,true,true
10.072,undefined,0,0,0,0,0,0,0,0,0,0,0,0,0,0,0,0,0,0,0,0,0,0,0,2171.59,416.58,742.62,0,0,1276.13,62.61,0,0,2645.53,54.6,2659.8,0,0,0,0,796.93,1400.1,0,26.2,26.4,false,true,undefined,false,false,false,false,undefined,false,false,true,true
10.203,undefined,0,0,0,0,0,0,0,0,0,0,0,0,0,0,0,0,0,0,0,0,0,0,0,2171.59,416.58,742.62,0,0,1294.23,62.61,0,0,2646.77,54.6,2659.8,0,0,0,0,794.27,1400.1,0,26.2,26.4,false,true,undefined,false,false,false,false,undefined,false,false,true,true
10.324,undefined,0,0,0,0,0,0,0,0,0,0,0,0,0,0,0,0,0,0,0,0,0,0,0,2171.59,416.58,742.62,0,0,1294.23,62.61,0,0,2646.77,54.6,2649.43,0,0,0,0,794.27,1400.1,0,26.2,26.4,false,true,undefined,false,false,false,false,undefined,false,false,true,true
10.457,undefined,0,0,0,0,0,0,0,0,0,0,0,0,0,0,0,0,0,0,0,0,0,0,0,2171.59,416.58,742.62,0,0,1294.23,62.61,0,0,2648.1,54.6,2645.53,0,0,0,0,794.27,1400.1,0,26.2,26.4,false,true,undefined,false,false,false,false,undefined,false,false,true,true
10.565,undefined,0,0,0,0,0,0,0,0,0,0,0,0,0,0,0,0,0,0,0,0,0,0,0,2187.08,416.21,741.52,0,0,1303.23,62.69,0,0,2650.67,54.6,2646.77,0,0,0,0,794.27,1400.1,0,26.2,26.4,false,true,undefined,false,false,false,false,undefined,false,false,true,true
10.689,undefined,0,0,0,0,0,0,0,0,0,0,0,0,0,0,0,0,0,0,0,0,0,0,0,2187.08,416.21,741.52,0,0,1303.23,62.69,0,0,2652,54.6,2653.33,0,0,0,0,794.27,1400.1,0,26.2,26.4,false,true,undefined,false,false,false,false,undefined,false,false,true,true
10.813,undefined,0,0,0,0,0,0,0,0,0,0,0,0,0,0,0,0,0,0,0,0,0,0,0,2187.08,416.21,741.52,0,0,1303.23,62.69,0,0,2648.1,54.6,2653.33,0,0,0,0,794.27,1400.1,0,26.2,26.4,false,true,undefined,false,false,false,false,undefined,false,false,true,true
10.946,undefined,0,0,0,0,0,0,0,0,0,0,0,0,0,0,0,0,0,0,0,0,0,0,0,2187.08,416.21,741.52,0,0,1303.23,62.69,0,0,2648.1,55.93,2654.57,0,0,0,0,794.27,1400.1,0,26.2,26.4,false,true,undefined,false,false,false,false,undefined,false,false,true,true
11.058,undefined,0,0,0,0,0,0,0,0,0,0,0,0,0,0,0,0,0,0,0,0,0,0,0,2195.05,415.21,721.29,0,0,1313.25,62.7,0,0,2648.1,55.93,2661.13,0,0,0,0,794.27,1400.1,0,26.2,26.4,false,true,undefined,false,false,false,false,undefined,false,false,true,true
11.183,undefined,0,0,0,0,0,0,0,0,0,0,0,0,0,0,0,0,0,0,0,0,0,0,0,2195.05,415.21,721.29,0,0,1313.25,62.7,0,0,2652,55.93,2661.13,0,0,0,0,794.27,1400.1,0,26.2,26.4,false,true,undefined,false,false,false,false,undefined,false,false,true,true
11.305,undefined,0,0,0,0,0,0,0,0,0,0,0,0,0,0,0,0,0,0,0,0,0,0,0,2195.05,415.21,721.29,0,0,1313.25,62.7,0,0,2658.47,55.93,2654.57,0,0,0,0,795.6,1400.1,0,26.2,26.4,false,true,undefined,false,false,false,false,undefined,false,false,true,true
11.441,undefined,0,0,0,0,0,0,0,0,0,0,0,0,0,0,0,0,0,0,0,0,0,0,0,2195.05,415.21,721.29,0,0,1313.25,62.7,0,0,2662.37,55.93,2645.53,0,0,0,0,795.6,1401.43,0,26.2,26.4,false,true,undefined,false,false,false,false,undefined,false,false,true,true
11.556,undefined,0,0,0,0,0,0,0,0,0,0,0,0,0,0,0,0,0,0,0,0,0,0,0,2198.72,415.24,728.93,0,0,1319.05,62.75,0,0,2659.8,55.93,2645.53,0,0,0,0,796.93,1401.43,0,26.2,26.4,false,true,undefined,false,false,false,false,undefined,false,false,true,true
11.673,undefined,0,0,0,0,0,0,0,0,0,0,0,0,0,0,0,0,0,0,0,0,0,0,0,2198.72,415.24,728.93,0,0,1319.05,62.75,0,0,2659.8,55.93,2649.43,0,0,0,0,796.93,1401.43,0,26.2,26.4,false,true,undefined,false,false,false,false,undefined,false,false,true,true
11.808,undefined,0,0,0,0,0,0,0,0,0,0,0,0,0,0,0,0,0,0,0,0,0,0,0,2198.72,415.24,728.93,0,0,1319.05,62.75,0,0,2659.8,54.6,2658.47,0,0,0,0,798.17,1401.43,0,26.2,26.4,false,true,undefined,false,false,false,false,undefined,false,false,true,true
11.916,undefined,0,0,0,0,0,0,0,0,0,0,0,0,0,0,0,0,0,0,0,0,0,0,0,2198.72,415.24,728.93,0,0,1319.05,62.75,0,0,2654.57,54.6,2659.8,0,0,0,0,798.17,1401.43,0,26.2,26.4,false,true,undefined,false,false,false,false,undefined,false,false,true,true
12.028,undefined,0,0,0,0,0,0,0,0,0,0,0,0,0,0,0,0,0,0,0,0,0,0,0,2212.68,416.48,715.6,0,0,1322.93,62.68,0,0,2648.1,54.6,2652,0,0,0,0,796.93,1401.43,0,26.2,26.4,false,true,undefined,false,false,false,false,undefined,false,false,true,true
12.142,undefined,0,0,0,0,0,0,0,0,0,0,0,0,0,0,0,0,0,0,0,0,0,0,0,2212.68,416.48,715.6,0,0,1322.93,62.68,0,0,2642.87,54.6,2652,0,0,0,0,795.6,1401.43,0,26.2,26.4,false,true,undefined,false,false,false,false,undefined,false,false,true,true
12.249,undefined,0,0,0,0,0,0,0,0,0,0,0,0,0,0,0,0,0,0,0,0,0,0,0,2212.68,416.48,715.6,0,0,1322.93,62.68,0,0,2642.87,54.6,2646.77,0,0,0,0,795.6,1401.43,0,26.2,26.4,false,true,undefined,false,false,false,false,undefined,false,false,true,true
12.357,undefined,0,0,0,0,0,0,0,0,0,0,0,0,0,0,0,0,0,0,0,0,0,0,0,2212.68,416.48,715.6,0,0,1322.93,62.68,0,0,2637.73,54.6,2640.3,0,0,0,0,795.6,1401.43,0,26.2,26.4,false,true,undefined,false,false,false,false,undefined,false,false,true,true
12.484,undefined,0,0,0,0,0,0,0,0,0,0,0,0,0,0,0,0,0,0,0,0,0,0,0,2212.29,416.42,744.55,0,0,1328.44,62.67,0,0,2635.07,54.6,2640.3,0,0,0,0,795.6,1401.43,0,26.2,26.4,false,true,undefined,false,false,false,false,undefined,false,false,true,true
12.615,undefined,0,0,0,0,0,0,0,0,0,0,0,0,0,0,0,0,0,0,0,0,0,0,0,2212.29,416.42,744.55,0,0,1328.44,62.67,0,0,2635.07,54.6,2633.83,0,0,0,0,795.6,1401.43,0,26.2,26.4,false,true,undefined,false,false,false,false,undefined,false,false,true,true
12.704,undefined,0,0,0,0,0,0,0,0,0,0,0,0,0,0,0,0,0,0,0,0,0,0,0,2212.29,416.42,744.55,0,0,1328.44,62.67,0,0,2635.07,54.6,2633.83,0,0,0,0,795.6,1401.43,0,26.2,26.4,false,true,undefined,false,false,false,false,undefined,false,false,true,true
12.84,undefined,0,0,0,0,0,0,0,0,0,0,0,0,0,0,0,0,0,0,0,0,0,0,0,2212.29,416.42,744.55,0,0,1328.44,62.67,0,0,2635.07,54.6,2633.83,0,0,0,0,795.6,1401.43,0,26.2,26.4,false,true,undefined,false,false,false,false,undefined,false,false,true,true
12.947,undefined,0,0,0,0,0,0,0,0,0,0,0,0,0,0,0,0,0,0,0,0,0,0,0,2209.13,417.37,730.89,0,0,1322.24,62.7,0,0,2635.07,54.6,2633.83,0,0,0,0,795.6,1405.33,0,26.2,26.4,false,true,undefined,false,false,false,false,undefined,false,false,true,true
13.056,undefined,0,0,0,0,0,0,0,0,0,0,0,0,0,0,0,0,0,0,0,0,0,0,0,2209.13,417.37,730.89,0,0,1322.24,62.7,0,0,2635.07,54.6,2633.83,0,0,0,0,795.6,1405.33,0,26.2,26.4,false,true,undefined,false,false,false,false,undefined,false,false,true,true
13.166,undefined,0,0,0,0,0,0,0,0,0,0,0,0,0,0,0,0,0,0,0,0,0,0,0,2209.13,417.37,730.89,0,0,1322.24,62.7,0,0,2635.07,54.6,2633.83,0,0,0,0,795.6,1404,0,26.2,26.4,false,true,undefined,false,false,false,false,undefined,false,false,true,true
13.27,undefined,0,0,0,0,0,0,0,0,0,0,0,0,0,0,0,0,0,0,0,0,0,0,0,2209.13,417.37,730.89,0,0,1322.24,62.7,0,0,2635.07,54.6,2633.83,0,0,0,0,795.6,1404,0,26.2,26.4,false,true,undefined,false,false,false,false,undefined,false,false,true,true
13.372,undefined,0,0,0,0,0,0,0,0,0,0,0,0,0,0,0,0,0,0,0,0,0,0,0,2209.13,417.37,730.89,0,0,1322.24,62.7,0,0,2635.07,54.6,2633.83,0,0,0,0,795.6,1404,0,26.2,26.4,false,true,undefined,false,false,false,false,undefined,false,false,true,true
13.488,undefined,0,0,0,0,0,0,0,0,0,0,0,0,0,0,0,0,0,0,0,0,0,0,0,2195.15,420.74,751.03,0,0,1305.77,62.71,0,0,2635.07,54.6,2633.83,0,0,0,0,795.6,1402.67,0,26.2,26.4,false,true,undefined,false,false,false,false,undefined,false,false,true,true
13.597,undefined,0,0,0,0,0,0,0,0,0,0,0,0,0,0,0,0,0,0,0,0,0,0,0,2195.15,420.74,751.03,0,0,1305.77,62.71,0,0,2635.07,54.6,2633.83,0,0,0,0,795.6,1402.67,0,26.2,26.4,false,true,undefined,false,false,false,false,undefined,false,false,true,true
13.72,undefined,0,0,0,0,0,0,0,0,0,0,0,0,0,0,0,0,0,0,0,0,0,0,0,2195.15,420.74,751.03,0,0,1305.77,62.71,0,0,2629.93,54.6,2633.83,0,0,0,0,795.6,1402.67,0,26.2,26.4,false,true,undefined,false,false,false,false,undefined,false,false,true,true
13.84,undefined,0,0,0,0,0,0,0,0,0,0,0,0,0,0,0,0,0,0,0,0,0,0,0,2195.15,420.74,751.03,0,0,1305.77,62.71,0,0,2629.93,54.6,2633.83,0,0,0,0,795.6,1402.67,0,26.2,26.4,false,true,undefined,false,false,false,false,undefined,false,false,true,true
13.941,undefined,0,0,0,0,0,0,0,0,0,0,0,0,0,0,0,0,0,0,0,0,0,0,0,2169.45,420.49,734.14,0,0,1285.63,62.68,0,0,2629.93,54.6,2633.83,0,0,0,0,795.6,1402.67,0,26.2,26.4,false,true,undefined,false,false,false,false,undefined,false,false,true,true
14.067,undefined,0,0,0,0,0,0,0,0,0,0,0,0,0,0,0,0,0,0,0,0,0,0,0,2169.45,420.49,734.14,0,0,1285.63,62.68,0,0,2629.93,54.6,2633.83,0,0,0,0,795.6,1402.67,0,26.2,26.4,false,true,undefined,false,false,false,false,undefined,false,false,true,true
14.187,undefined,0,0,0,0,0,0,0,0,0,0,0,0,0,0,0,0,0,0,0,0,0,0,0,2169.45,420.49,734.14,0,0,1285.63,62.68,0,0,2629.93,54.6,2633.83,0,0,0,0,795.6,1402.67,0,26.2,26.4,false,true,undefined,false,false,false,false,undefined,false,false,true,true
14.304,undefined,0,0,0,0,0,0,0,0,0,0,0,0,0,0,0,0,0,0,0,0,0,0,0,2169.45,420.49,734.14,0,0,1285.63,62.68,0,0,2629.93,54.6,2633.83,0,0,0,0,795.6,1402.67,0,26.2,26.4,false,true,undefined,false,false,false,false,undefined,false,false,true,true
14.43,undefined,0,0,0,0,0,0,0,0,0,0,0,0,0,0,0,0,0,0,0,0,0,0,0,2886.94,420.07,1015.26,0,0,1267.22,62.7,0,0,2629.93,54.6,2633.83,0,0,0,0,795.6,1402.67,0,26.2,26.4,false,true,undefined,false,false,false,false,undefined,false,false,true,true
14.558,undefined,0,0,0,0,0,0,0,0,0,0,0,0,0,0,0,0,0,0,0,0,0,0,0,2886.94,420.07,1015.26,0,0,1267.22,62.7,0,0,2629.93,54.6,2633.83,0,0,0,0,795.6,1402.67,0,26.2,26.4,false,true,undefined,false,false,false,false,undefined,true,false,true,true
14.666,undefined,0,0,0,0,0,0,0,0,0,0,0,0,0,0,0,0,0,0,0,0,0,0,0,2886.94,420.07,1015.26,0,0,1267.22,62.7,0,0,2629.93,54.6,2633.83,0,0,0,0,795.6,1402.67,0,26.2,26.4,false,true,undefined,false,false,false,false,undefined,true,false,true,true
14.784,undefined,0,0,0,0,0,0,0,0,0,0,0,0,0,0,0,0,0,0,0,0,0,0,0,2886.94,420.07,1015.26,0,0,1267.22,62.7,0,0,2629.93,54.6,2633.83,0,0,0,0,795.6,1402.67,0,26.2,26.4,false,true,undefined,false,false,false,false,undefined,true,false,true,true
14.9,undefined,0,0,0,0,0,0,0,0,0,0,0,0,0,0,0,0,0,0,0,0,0,0,0,13308.61,426.04,2640.56,4051.69,0,1259.7,62.43,0,1608.1,2629.93,54.6,2633.83,0,0,0,0,795.6,1402.67,0,26.3,26.4,false,true,undefined,false,false,false,false,undefined,true,false,true,true
15.016,undefined,0,0,0,0,0,0,0,0,0,0,0,0,0,0,0,0,0,0,0,0,0,0,0,13308.61,426.04,2640.56,4051.69,0,1259.7,62.43,0,1608.1,2629.93,54.6,2633.83,0,0,0,0,795.6,1401.43,0,26.3,26.4,false,true,undefined,false,false,false,false,undefined,true,false,true,true
15.147,undefined,0,0,0,0,0,0,0,0,0,0,0,0,0,0,0,0,0,0,0,0,0,0,0,13308.61,426.04,2640.56,4051.69,0,1259.7,62.43,0,1608.1,2629.93,54.6,2648.1,0,0,0,0,795.6,1401.43,0,26.3,26.4,false,true,undefined,false,false,false,false,undefined,true,false,true,true
15.269,undefined,0,0,0,0,0,0,0,0,0,0,0,0,0,0,0,0,0,0,0,0,0,0,0,13308.61,426.04,2640.56,4051.69,0,1259.7,62.43,0,1608.1,2631.17,54.6,2648.1,0,0,0,0,795.6,1401.43,0,26.3,26.4,false,true,undefined,false,false,false,false,undefined,true,false,true,true
15.394,undefined,0,0,0,0,0,0,0,0,0,0,0,0,0,0,0,0,0,0,0,0,0,0,0,7243.9,428.08,845.02,3010.79,0,1259.31,62.63,0,1843.53,2631.17,54.6,2658.47,0,0,0,0,799.5,1401.43,0,26.3,26.4,false,true,undefined,false,false,false,false,undefined,true,false,true,true
15.527,undefined,0,0,0,0,0,0,0,0,0,0,0,0,0,0,0,0,0,0,0,0,0,0,0,7243.9,428.08,845.02,3010.79,0,1259.31,62.63,0,1843.53,2636.4,54.6,2662.37,0,0,0,0,800.83,1400.1,0,26.3,26.4,false,true,undefined,false,false,false,false,undefined,true,false,true,true
15.638,undefined,0,0,0,0,0,0,0,0,0,0,0,0,0,0,0,0,0,0,0,0,0,0,0,7243.9,428.08,845.02,3010.79,0,1259.31,62.63,0,1843.53,2637.73,53.27,2659.8,0,0,0,0,800.83,1400.1,0,26.3,26.4,false,true,undefined,false,false,false,false,undefined,true,false,true,true
15.743,undefined,0,0,0,0,0,0,0,0,0,0,0,0,0,0,0,0,0,0,0,0,0,0,0,7243.9,428.08,845.02,3010.79,0,1259.31,62.63,0,1843.53,2640.3,54.6,2662.37,0,0,0,0,800.83,1400.1,0,26.3,26.4,false,true,undefined,false,false,false,false,undefined,true,false,true,true
15.869,undefined,0,0,0,0,0,0,0,0,0,0,0,0,0,0,0,0,0,0,0,0,0,0,0,6522.09,428.34,733.21,3006.85,0,1255.78,62.71,0,1291.74,2644.2,54.6,2661.13,0,0,0,0,800.83,1398.77,0,26.3,26.4,false,true,undefined,false,false,false,false,undefined,true,false,true,true
15.998,undefined,0,0,0,0,0,0,0,0,0,0,0,0,0,0,0,0,0,0,0,0,0,0,0,6522.09,428.34,733.21,3006.85,0,1255.78,62.71,0,1291.74,2642.87,54.6,2661.13,0,0,0,0,800.83,1398.77,0,26.3,26.4,false,true,undefined,false,false,false,false,undefined,true,false,true,true
16.105,undefined,0,0,0,0,0,0,0,0,0,0,0,0,0,0,0,0,0,0,0,0,0,0,0,6522.09,428.34,733.21,3006.85,0,1255.78,62.71,0,1291.74,2642.87,54.6,2661.13,0,0,0,0,802.07,1398.77,0,26.3,26.4,false,true,undefined,false,false,false,false,undefined,true,false,true,true
16.206,undefined,0,0,0,0,0,0,0,0,0,0,0,0,0,0,0,0,0,0,0,0,0,0,0,6522.09,428.34,733.21,3006.85,0,1255.78,62.71,0,1291.74,2642.87,54.6,2663.7,0,0,0,0,802.07,1398.77,0,26.3,26.4,false,true,undefined,false,false,false,false,undefined,true,false,true,true
16.337,undefined,0,0,0,0,0,0,0,0,0,0,0,0,0,0,0,0,0,0,0,0,0,0,0,7280.6,428.08,1209.84,3011.14,0,1259.3,62.72,0,807.25,2648.1,54.6,2663.7,0,0,0,0,802.07,1398.77,0,26.3,26.4,false,true,undefined,false,false,false,false,undefined,true,false,true,true
16.472,undefined,0,0,0,0,0,0,0,0,0,0,0,0,0,0,0,0,0,0,0,0,0,0,0,7280.6,428.08,1209.84,3011.14,0,1259.3,62.72,0,807.25,2642.87,54.6,2667.6,0,0,0,0,802.07,1398.77,0,26.3,26.4,false,true,undefined,false,false,false,false,undefined,true,false,true,true
16.579,undefined,0,0,0,0,0,0,0,0,0,0,0,0,0,0,0,0,0,0,0,0,0,0,0,7280.6,428.08,1209.84,3011.14,0,1259.3,62.72,0,807.25,2642.87,54.6,2663.7,0,0,0,0,802.07,1398.77,0,26.3,26.4,false,true,undefined,false,false,false,false,undefined,true,false,true,true
16.706,undefined,0,0,0,0,0,0,0,0,0,0,0,0,0,0,0,0,0,0,0,0,0,0,0,7280.6,428.08,1209.84,3011.14,0,1259.3,62.72,0,807.25,2646.77,54.6,2665.03,0,0,0,0,802.07,1398.77,0,26.3,26.4,false,true,undefined,false,false,false,false,undefined,true,false,true,true
16.829,undefined,0,0,0,0,0,0,0,0,0,0,0,0,0,0,0,0,0,0,0,0,0,0,0,7533.5,428.15,1379.49,3012.58,0,1260.94,62.72,0,537.34,2646.77,54.6,2665.03,0,0,0,0,802.07,1398.77,0,26.3,26.4,false,true,undefined,false,false,false,false,undefined,true,false,true,true
16.931,undefined,0,0,0,0,0,0,0,0,0,0,0,0,0,0,0,0,0,0,0,0,0,0,0,7533.5,428.15,1379.49,3012.58,0,1260.94,62.72,0,537.34,2646.77,54.6,2665.03,0,0,0,0,802.07,1398.77,0,26.3,26.4,false,true,undefined,false,false,false,false,undefined,true,false,true,true
17.033,undefined,0,0,0,0,0,0,0,0,0,0,0,0,0,0,0,0,0,0,0,0,0,0,0,7533.5,428.15,1379.49,3012.58,0,1260.94,62.72,0,537.34,2646.77,54.6,2665.03,0,0,0,0,802.07,1398.77,0,26.3,26.4,false,true,undefined,false,false,false,false,undefined,true,false,true,true
17.154,undefined,0,0,0,0,0,0,0,0,0,0,0,0,0,0,0,0,0,0,0,0,0,0,0,7533.5,428.15,1379.49,3012.58,0,1260.94,62.72,0,537.34,2646.77,54.6,2665.03,0,0,0,0,802.07,1398.77,0,26.3,26.4,false,true,undefined,false,false,false,false,undefined,true,false,true,true
17.278,undefined,0,0,0,0,0,0,0,0,0,0,0,0,0,0,0,0,0,0,0,0,0,0,0,7446.4,429.93,1426.58,3013.1,0,1255.45,62.69,0,433.01,2646.77,54.6,2665.03,0,0,0,0,802.07,1398.77,0,26.3,26.4,false,true,undefined,false,false,false,false,undefined,true,false,true,true
17.383,undefined,0,0,0,0,0,0,0,0,0,0,0,0,0,0,0,0,0,0,0,0,0,0,0,7446.4,429.93,1426.58,3013.1,0,1255.45,62.69,0,433.01,2646.77,54.6,2665.03,0,0,0,0,802.07,1398.77,0,26.3,26.4,false,true,undefined,false,false,false,false,undefined,true,false,true,true
17.493,undefined,0,0,0,0,0,0,0,0,0,0,0,0,0,0,0,0,0,0,0,0,0,0,0,7446.4,429.93,1426.58,3013.1,0,1255.45,62.69,0,433.01,2646.77,54.6,2665.03,0,0,0,0,802.07,1398.77,0,26.3,26.4,false,true,undefined,false,false,false,false,undefined,true,false,true,true
17.614,undefined,0,0,0,0,0,0,0,0,0,0,0,0,0,0,0,0,0,0,0,0,0,0,0,7446.4,429.93,1426.58,3013.1,0,1255.45,62.69,0,433.01,2646.77,54.6,2665.03,0,0,0,0,802.07,1398.77,0,26.3,26.4,false,true,undefined,false,false,false,false,undefined,true,false,true,true
17.746,undefined,0,0,0,0,0,0,0,0,0,0,0,0,0,0,0,0,0,0,0,0,0,0,0,7416.99,431.44,1433.5,3013.37,0,1255.45,62.63,0,398.79,2646.77,55.93,2665.03,0,0,0,0,800.83,1398.77,0,26.3,26.4,false,true,undefined,false,false,false,false,undefined,true,false,true,true
17.858,undefined,0,0,0,0,0,0,0,0,0,0,0,0,0,0,0,0,0,0,0,0,0,0,0,7416.99,431.44,1433.5,3013.37,0,1255.75,62.63,0,398.79,2627.27,54.6,2654.57,0,0,0,0,800.83,1398.77,0,26.3,26.4,false,true,undefined,false,false,false,false,undefined,true,false,true,true
17.978,undefined,0,0,0,0,0,0,0,0,0,0,0,0,0,0,0,0,0,0,0,0,0,0,0,7416.99,431.44,1433.5,3013.37,0,1255.75,62.63,0,398.79,2622.13,54.6,2665.03,0,0,0,0,800.83,1398.77,0,26.3,26.4,false,true,undefined,false,false,false,false,undefined,true,false,true,true
18.087,undefined,0,0,0,0,0,0,0,0,0,0,0,0,0,0,0,0,0,0,0,0,0,0,0,7416.99,431.44,1433.5,3013.37,0,1255.75,62.63,0,398.79,2623.37,54.6,2665.03,0,0,0,0,800.83,1398.77,0,26.3,26.4,false,true,undefined,false,false,false,false,undefined,true,false,true,true
18.211,undefined,0,0,0,0,0,0,0,0,0,0,0,0,0,0,0,0,0,0,0,0,0,0,0,7416.99,429.57,1400.68,3010.67,0,1255.75,62.63,0,388.3,2623.37,54.6,2662.37,0,0,0,0,800.83,1398.77,0,26.3,26.4,false,true,undefined,false,false,false,false,undefined,true,false,true,true
18.33,undefined,0,0,0,0,0,0,0,0,0,0,0,0,0,0,0,0,0,0,0,0,0,0,0,7390.77,429.57,1400.68,3010.67,0,1255.07,62.63,0,388.3,2624.7,54.6,2654.57,0,0,0,0,800.83,1398.77,0,26.3,26.4,false,true,undefined,false,false,false,false,undefined,true,false,true,true
18.451,undefined,0,0,0,0,0,0,0,0,0,0,0,0,0,0,0,0,0,0,0,0,0,0,0,7390.77,429.57,1400.68,3010.67,0,1255.07,62.63,0,388.3,2631.17,54.6,2655.9,0,0,0,0,800.83,1398.77,0,26.3,26.4,false,true,undefined,false,false,false,false,undefined,true,false,true,true
18.58,undefined,0,0,0,0,0,0,0,0,0,0,0,0,0,0,0,0,0,0,0,0,0,0,0,7390.77,429.57,1400.68,3010.67,0,1255.07,62.63,0,388.3,2628.6,54.6,2652,0,0,0,0,800.83,1398.77,0,26.3,26.4,false,true,undefined,false,false,false,false,undefined,true,false,true,true
18.689,undefined,0,0,0,0,0,0,0,0,0,0,0,0,0,0,0,0,0,0,0,0,0,0,0,7396.98,429.3,1400.68,3011.07,0,1249.94,62.68,0,384.92,2632.5,54.6,2652,0,0,0,0,802.07,1398.77,0,26.3,26.4,false,true,undefined,false,false,false,false,undefined,true,false,true,true
18.798,undefined,0,0,0,0,0,0,0,0,0,0,0,0,0,0,0,0,0,0,0,0,0,0,0,7396.98,429.3,1422.27,3011.07,0,1249.94,62.68,0,384.92,2632.5,54.6,2652,0,0,0,0,802.07,1398.77,0,26.3,26.4,false,true,undefined,false,false,false,false,undefined,true,false,true,true
18.913,undefined,0,0,0,0,0,0,0,0,0,0,0,0,0,0,0,0,0,0,0,0,0,0,0,7396.98,429.3,1422.27,3011.07,0,1249.94,62.68,0,384.92,2632.5,54.6,2652,0,0,0,0,802.07,1400.1,0,26.3,26.4,false,true,undefined,false,false,false,false,undefined,true,false,true,true
19.04,undefined,0,0,0,0,0,0,0,0,0,0,0,0,0,0,0,0,0,0,0,0,0,0,0,7396.98,429.3,1422.27,3011.07,0,1249.94,62.68,0,384.92,2632.5,54.6,2652,0,0,0,0,802.07,1401.43,0,26.3,26.4,false,true,undefined,false,false,false,false,undefined,true,false,true,true
19.163,undefined,0,0,0,0,0,0,0,0,0,0,0,0,0,0,0,0,0,0,0,0,0,0,0,7307.29,429.13,1422.27,3010.19,0,1249.94,62.68,0,384.92,2632.5,54.6,2652,0,0,0,0,802.07,1402.67,0,26.3,26.4,false,true,undefined,false,false,false,false,undefined,true,false,true,true
19.287,undefined,0,0,0,0,0,0,0,0,0,0,0,0,0,0,0,0,0,0,0,0,0,0,0,7307.29,429.13,1390.54,3010.19,0,1248.12,62.61,0,384.14,2632.5,54.6,2652,0,0,0,0,802.07,1402.67,0,26.3,26.4,false,true,undefined,false,false,false,false,undefined,true,false,true,true
19.407,undefined,0,0,0,0,0,0,0,0,0,0,0,0,0,0,0,0,0,0,0,0,0,0,0,7307.29,429.13,1390.54,3010.19,0,1248.12,62.61,0,384.14,2632.5,54.6,2652,0,0,0,0,802.07,1402.67,0,26.3,26.4,false,true,undefined,false,false,false,false,undefined,true,false,true,true
19.532,undefined,0,0,0,0,0,0,0,0,0,0,0,0,0,0,0,0,0,0,0,0,0,0,0,7307.29,429.13,1390.54,3010.19,0,1248.12,62.61,0,384.14,2632.5,54.6,2652,0,0,0,0,802.07,1404,0,26.3,26.4,false,true,undefined,false,false,false,false,undefined,true,false,true,true
19.647,undefined,0,0,0,0,0,0,0,0,0,0,0,0,0,0,0,0,0,0,0,0,0,0,0,7307.29,429.13,965.33,3010.19,0,1248.74,62.59,0,384.14,2632.5,54.6,2652,0,0,0,0,802.07,1404,0,26.3,26.4,false,true,undefined,false,false,false,false,undefined,true,false,true,true
19.758,undefined,0,0,0,0,0,0,0,0,0,0,0,0,0,0,0,0,0,0,0,0,0,0,0,6238.72,428.49,965.33,3011.74,0,1248.74,62.59,0,383.41,2632.5,54.6,2652,0,0,0,0,802.07,1404,0,26.3,26.4,false,true,undefined,false,false,false,false,undefined,true,false,true,true
19.875,undefined,0,0,0,0,0,0,0,0,0,0,0,0,0,0,0,0,0,0,0,0,0,0,0,6238.72,428.49,965.33,3011.74,0,1248.74,62.59,0,383.41,2632.5,54.6,2652,0,0,0,0,802.07,1404,0,26.3,26.4,false,true,undefined,false,false,false,false,undefined,true,false,true,true
19.981,undefined,0,0,0,0,0,0,0,0,0,0,0,0,0,0,0,0,0,0,0,0,0,0,0,6238.72,428.49,965.33,3011.74,0,1248.74,62.59,0,383.41,2632.5,54.6,2652,0,0,0,0,802.07,1404,0,26.3,26.4,false,true,undefined,false,false,false,false,undefined,true,false,true,true
20.099,undefined,0,0,0,0,0,0,0,0,0,0,0,0,0,0,0,0,0,0,0,0,0,0,0,6238.72,428.49,965.33,3011.74,0,1248.74,62.59,0,383.41,2632.5,54.6,2652,0,0,0,0,802.07,1404,0,26.3,26.4,false,true,undefined,false,false,false,false,undefined,true,false,true,true
20.213,undefined,0,0,0,0,0,0,0,0,0,0,0,0,0,0,0,0,0,0,0,0,0,0,0,6054.71,428.74,936.96,3009.81,0,1244.47,62.7,0,383.51,2632.5,54.6,2652,0,0,0,0,802.07,1404,0,26.3,26.4,false,true,undefined,false,false,false,false,undefined,true,false,true,true
20.32,undefined,0,0,0,0,0,0,0,0,0,0,0,0,0,0,0,0,0,0,0,0,0,0,0,6054.71,428.74,936.96,3009.81,0,1244.47,62.7,0,383.51,2632.5,54.6,2652,0,0,0,0,802.07,1404,0,26.3,26.4,false,true,undefined,false,false,false,false,undefined,true,false,true,true
20.437,undefined,0,0,0,0,0,0,0,0,0,0,0,0,0,0,0,0,0,0,0,0,0,0,0,6054.71,428.74,936.96,3009.81,0,1244.47,62.7,0,383.51,2632.5,54.6,2652,0,0,0,0,802.07,1404,0,26.3,26.4,false,true,undefined,false,false,false,false,undefined,true,false,true,true
20.567,undefined,0,0,0,0,0,0,0,0,0,0,0,0,0,0,0,0,0,0,0,0,0,0,0,6054.71,428.74,936.96,3009.81,0,1244.47,62.7,0,383.51,2632.5,54.6,2652,0,0,0,0,802.07,1404,0,26.3,26.4,false,true,undefined,false,false,false,false,undefined,true,false,true,true
20.679,undefined,0,0,0,0,0,0,0,0,0,0,0,0,0,0,0,0,0,0,0,0,0,0,0,6153.64,428.79,924.25,3011.89,0,1244.39,62.62,0,383.91,2632.5,54.6,2652,0,0,0,0,802.07,1404,0,26.3,26.4,false,true,undefined,false,true,false,false,undefined,true,false,true,true
20.787,undefined,0,0,0,0,0,0,0,0,0,0,0,0,0,0,0,0,0,0,0,0,0,0,0,6153.64,428.79,924.25,3011.89,0,1244.39,62.62,0,383.91,2632.5,54.6,2652,0,0,0,0,802.07,1404,0,26.3,26.4,false,true,undefined,false,true,false,false,undefined,true,false,true,true
20.91,undefined,0,0,0,0,0,0,0,0,0,0,0,0,0,0,0,0,0,0,0,0,0,0,0,6153.64,428.79,924.25,3011.89,0,1244.39,62.62,0,383.91,2632.5,54.6,2652,0,0,0,0,802.07,1404,0,26.3,26.4,false,true,undefined,false,true,false,false,undefined,true,false,true,true
21.032,undefined,0,0,0,0,0,0,0,0,0,0,0,0,0,0,0,0,0,0,0,0,0,0,0,6153.64,428.79,924.25,3011.89,0,1244.39,62.62,0,383.91,2632.5,54.6,2652,0,0,0,0,802.07,1401.43,0,26.3,26.4,false,true,undefined,false,true,false,false,undefined,true,false,true,true
21.144,undefined,0,0,0,0,0,0,0,0,0,0,0,0,0,0,0,0,0,0,0,0,0,0,0,6970.56,430.14,1151.08,3012.2,0,1244.78,62.61,159.23,383.31,2632.5,54.6,2652,0,0,0,0,802.07,1401.43,0,26.3,26.4,false,true,undefined,false,true,false,false,undefined,true,false,true,true
21.275,undefined,0,0,0,0,0,0,0,0,0,0,0,0,0,0,0,0,0,0,0,0,0,0,0,6970.56,430.14,1151.08,3012.2,0,1244.78,62.61,159.23,383.31,2632.5,54.6,2653.33,0,0,0,0,802.07,1402.67,0,26.3,26.4,false,true,undefined,false,true,false,false,undefined,true,false,true,true
21.396,undefined,0,0,0,0,0,0,0,0,0,0,0,0,0,0,0,0,0,0,0,0,0,0,0,6970.56,430.14,1151.08,3012.2,0,1244.78,62.61,159.23,383.31,2626.03,54.6,2652,0,0,0,0,803.4,1402.67,0,26.3,26.4,false,true,undefined,false,true,false,false,undefined,true,false,true,true
21.529,undefined,0,0,0,0,0,0,0,0,0,0,0,0,0,0,0,0,0,0,0,0,0,0,0,6970.56,430.14,1151.08,3012.2,0,1244.78,62.61,159.23,383.31,2624.7,54.6,2646.77,0,0,0,0,803.4,1402.67,0,26.3,26.4,false,true,undefined,false,true,false,false,undefined,true,false,true,true
21.65,undefined,0,0,0,0,0,0,0,0,0,0,0,0,0,0,0,0,0,0,0,0,0,0,0,6278.28,429.71,873.8,3012.78,0,1241.51,62.66,146.95,383.42,2627.27,54.6,2648.1,0,0,0,0,803.4,1402.67,0,26.3,26.4,false,true,undefined,false,true,false,false,undefined,true,false,true,true
21.773,undefined,0,0,0,0,0,0,0,0,0,0,0,0,0,0,0,0,0,0,0,0,0,0,0,6278.28,429.71,873.8,3012.78,0,1241.51,62.66,146.95,383.42,2631.17,54.6,2648.1,0,0,0,0,803.4,1402.67,0,26.3,26.4,false,true,undefined,false,true,false,false,undefined,true,false,true,true
21.895,undefined,0,0,0,0,0,0,0,0,0,0,0,0,0,0,0,0,0,0,0,0,0,0,0,6278.28,429.71,873.8,3012.78,0,1241.51,62.66,146.95,383.42,2631.17,54.6,2654.57,0,0,0,0,803.4,1402.67,0,26.3,26.4,false,true,undefined,false,true,false,false,undefined,true,false,true,true
22.002,undefined,0,0,0,0,0,0,0,0,0,0,0,0,0,0,0,0,0,0,0,0,0,0,0,6278.28,429.71,873.8,3012.78,0,1241.51,62.66,146.95,383.42,2632.5,54.6,2657.23,0,0,0,0,803.4,1402.67,0,26.3,26.4,false,true,undefined,false,true,false,false,undefined,true,false,true,true
22.118,undefined,0,0,0,0,0,0,0,0,0,0,0,0,0,0,0,0,0,0,0,0,0,0,0,7651.31,424.7,1323.32,3013.18,0,1253.11,62.61,148.9,383.73,2628.6,54.6,2657.23,0,0,0,0,802.07,1402.67,0,26.3,26.4,false,true,undefined,false,true,false,false,undefined,true,false,true,true
22.223,undefined,0,0,0,0,0,0,0,0,0,0,0,0,0,0,0,0,0,0,0,0,0,0,0,7651.31,424.7,1323.32,3013.18,0,1253.11,62.61,148.9,383.73,2622.13,54.6,2657.23,0,0,0,0,802.07,1402.67,0,26.3,26.4,false,true,undefined,false,true,false,false,undefined,true,false,true,true
22.351,undefined,0,0,0,0,0,0,0,0,0,0,0,0,0,0,0,0,0,0,0,0,0,0,0,7651.31,424.7,1323.32,3013.18,0,1253.11,62.61,148.9,383.73,2622.13,54.6,2663.7,0,0,0,0,802.07,1402.67,0,26.3,26.4,false,true,undefined,false,true,false,false,undefined,true,false,true,true
22.462,undefined,0,0,0,0,0,0,0,0,0,0,0,0,0,0,0,0,0,0,0,0,0,0,0,7651.31,424.7,1323.32,3013.18,0,1253.11,62.61,148.9,383.73,2627.27,54.6,2665.03,0,0,0,0,802.07,1402.67,0,26.3,26.4,false,true,undefined,false,true,false,false,undefined,true,false,true,true
22.568,undefined,0,0,0,0,0,0,0,0,0,0,0,0,0,0,0,0,0,0,0,0,0,0,0,7815.83,424.97,1418.34,3012.31,0,1274.85,62.55,148.35,383.65,2638.97,54.6,2659.8,0,0,0,0,802.07,1402.67,0,26.3,26.4,false,true,undefined,false,true,false,false,undefined,true,false,true,true
22.698,undefined,0,0,0,0,0,0,0,0,0,0,0,0,0,0,0,0,0,0,0,0,0,0,0,7815.83,424.97,1418.34,3012.31,0,1274.85,62.55,148.35,383.65,2644.2,54.6,2659.8,0,0,0,0,802.07,1402.67,0,26.3,26.4,false,true,undefined,false,true,false,false,undefined,true,false,true,true
22.822,undefined,0,0,0,0,0,0,0,0,0,0,0,0,0,0,0,0,0,0,0,0,0,0,0,7815.83,424.97,1418.34,3012.31,0,1274.85,62.55,148.35,383.65,2645.53,54.6,2653.33,0,0,0,0,800.83,1402.67,0,26.3,26.4,false,true,undefined,false,true,false,false,undefined,true,false,true,true
22.93,undefined,0,0,0,0,0,0,0,0,0,0,0,0,0,0,0,0,0,0,0,0,0,0,0,7815.83,424.97,1418.34,3012.31,0,1274.85,62.55,148.35,383.65,2645.53,54.6,2650.67,0,0,0,0,800.83,1402.67,0,26.3,26.4,false,true,undefined,false,true,false,false,undefined,true,false,true,true
23.041,undefined,0,0,0,0,0,0,0,0,0,0,0,0,0,0,0,0,0,0,0,0,0,0,0,7824.6,424.9,1395.61,3013.42,0,1289.56,62.6,147.46,383.64,2644.2,54.6,2648.1,0,0,0,0,800.83,1401.43,0,26.3,26.4,false,true,undefined,false,true,false,false,undefined,true,false,true,true
23.162,undefined,0,0,0,0,0,0,0,0,0,0,0,0,0,0,0,0,0,0,0,0,0,0,0,7824.6,424.9,1395.61,3013.42,0,1289.56,62.6,147.46,383.64,2644.2,54.6,2649.43,0,0,0,0,800.83,1402.67,0,26.3,26.4,false,true,undefined,false,true,false,false,undefined,true,false,true,true
23.287,undefined,0,0,0,0,0,0,0,0,0,0,0,0,0,0,0,0,0,0,0,0,0,0,0,7824.6,424.9,1395.61,3013.42,0,1289.56,62.6,147.46,383.64,2642.87,54.6,2649.43,0,0,0,0,800.83,1402.67,0,26.3,26.4,false,true,undefined,false,true,false,false,undefined,true,false,true,true
23.402,undefined,0,0,0,0,0,0,0,0,0,0,0,0,0,0,0,0,0,0,0,0,0,0,0,7824.6,424.9,1395.61,3013.42,0,1289.56,62.6,147.46,383.64,2642.87,54.6,2649.43,0,0,0,0,800.83,1401.43,0,26.3,26.4,false,true,undefined,false,true,false,false,undefined,true,false,true,true
23.521,undefined,0,0,0,0,0,0,0,0,0,0,0,0,0,0,0,0,0,0,0,0,0,0,0,7839.29,425.34,1455.49,3012.1,0,1301.99,62.65,147.07,383.98,2642.87,54.6,2642.87,0,0,0,0,802.07,1402.67,0,26.3,26.4,false,true,undefined,false,true,false,false,undefined,true,false,true,true
23.632,undefined,0,0,0,0,0,0,0,0,0,0,0,0,0,0,0,0,0,0,0,0,0,0,0,7839.29,425.34,1455.49,3012.1,0,1301.99,62.65,147.07,383.98,2642.87,54.6,2642.87,0,0,0,0,802.07,1402.67,0,26.3,26.4,false,true,undefined,false,true,false,false,undefined,true,false,true,true
23.738,undefined,0,0,0,0,0,0,0,0,0,0,0,0,0,0,0,0,0,0,0,0,0,0,0,7839.29,425.34,1455.49,3012.1,0,1301.99,62.65,147.07,383.98,2642.87,54.6,2642.87,0,0,0,0,802.07,1402.67,0,26.3,26.4,false,true,undefined,false,true,false,false,undefined,true,false,true,true
23.865,undefined,0,0,0,0,0,0,0,0,0,0,0,0,0,0,0,0,0,0,0,0,0,0,0,7839.29,425.34,1455.49,3012.1,0,1301.99,62.65,147.07,383.98,2642.87,54.6,2641.63,0,0,0,0,802.07,1402.67,0,26.3,26.4,false,true,undefined,false,true,false,false,undefined,true,false,true,true
23.984,undefined,0,0,0,0,0,0,0,0,0,0,0,0,0,0,0,0,0,0,0,0,0,0,0,7847.57,424.66,1403.25,3013.91,0,1310.8,62.63,146.24,383.59,2649.43,54.6,2642.87,0,0,0,0,802.07,1402.67,0,26.3,26.4,false,true,undefined,false,true,false,false,undefined,true,false,true,true
24.085,undefined,0,0,0,0,0,0,0,0,0,0,0,0,0,0,0,0,0,0,0,0,0,0,0,7847.57,424.66,1403.25,3013.91,0,1310.8,62.63,146.24,383.59,2655.9,54.6,2650.67,0,0,0,0,802.07,1402.67,0,26.3,26.4,false,true,undefined,false,true,false,false,undefined,true,false,true,true
24.19,undefined,0,0,0,0,0,0,0,0,0,0,0,0,0,0,0,0,0,0,0,0,0,0,0,7847.57,424.66,1403.25,3013.91,0,1310.8,62.63,146.24,383.59,2655.9,54.6,2655.9,0,0,0,0,802.07,1402.67,0,26.3,26.4,false,true,undefined,false,true,false,false,undefined,true,false,true,true
24.325,undefined,0,0,0,0,0,0,0,0,0,0,0,0,0,0,0,0,0,0,0,0,0,0,0,7847.57,424.66,1403.25,3013.91,0,1310.8,62.63,146.24,383.59,2654.57,54.6,2655.9,0,0,0,0,802.07,1402.67,0,26.3,26.4,false,true,undefined,false,true,false,false,undefined,true,false,true,true
24.417,undefined,0,0,0,0,0,0,0,0,0,0,0,0,0,0,0,0,0,0,0,0,0,0,0,7847.57,424.66,1403.25,3013.91,0,1310.8,62.63,146.24,383.59,2654.57,54.6,2654.57,0,0,0,0,802.07,1402.67,0,26.3,26.4,false,true,undefined,false,true,false,false,undefined,true,false,true,true
24.519,undefined,0,0,0,0,0,0,0,0,0,0,0,0,0,0,0,0,0,0,0,0,0,0,0,6806.78,424.47,1055.24,3013.43,0,1313.75,62.65,147.33,383.71,2646.77,54.6,2652,0,0,0,0,800.83,1402.67,0,26.3,26.4,false,true,undefined,false,true,false,false,undefined,true,false,true,true
24.655,undefined,0,0,0,0,0,0,0,0,0,0,0,0,0,0,0,0,0,0,0,0,0,0,0,6806.78,424.47,1055.24,3013.43,0,1313.75,62.65,147.33,383.71,2652,54.6,2652,0,0,0,0,800.83,1402.67,0,26.3,26.4,false,true,undefined,false,true,false,false,undefined,true,false,true,true
24.739,undefined,0,0,0,0,0,0,0,0,0,0,0,0,0,0,0,0,0,0,0,0,0,0,0,6806.78,424.47,1055.24,3013.43,0,1313.75,62.65,147.33,383.71,2652,54.6,2662.37,0,0,0,0,800.83,1402.67,0,26.3,26.4,false,true,undefined,false,true,false,false,undefined,true,false,true,true
24.844,undefined,0,0,0,0,0,0,0,0,0,0,0,0,0,0,0,0,0,0,0,0,0,0,0,6806.78,424.47,1055.24,3013.43,0,1313.75,62.65,147.33,383.71,2653.33,54.6,2670.17,0,0,0,0,800.83,1402.67,0,26.3,26.4,false,true,undefined,false,true,false,false,undefined,true,false,true,true
24.969,undefined,0,0,0,0,0,0,0,0,0,0,0,0,0,0,0,0,0,0,0,0,0,0,0,6288.91,424.85,876.65,3015.52,0,1322.27,62.68,149.63,383.04,2649.43,54.6,2666.27,0,0,0,0,800.83,1402.67,0,26.3,26.4,false,true,undefined,false,true,false,false,undefined,true,false,true,true
25.085,undefined,0,0,0,0,0,0,0,0,0,0,0,0,0,0,0,0,0,0,0,0,0,0,0,6288.91,424.85,876.65,3015.52,0,1322.27,62.68,149.63,383.04,2640.3,54.6,2666.27,0,0,0,0,800.83,1402.67,0,26.3,26.3,false,true,undefined,false,true,false,false,undefined,true,false,true,true
25.187,undefined,0,0,0,0,0,0,0,0,0,0,0,0,0,0,0,0,0,0,0,0,0,0,0,6288.91,424.85,876.65,3015.52,0,1322.27,62.68,149.63,383.04,2640.3,53.27,2663.7,0,0,0,0,802.07,1400.1,0,26.3,26.3,false,true,undefined,false,true,false,false,undefined,true,false,true,true
25.319,undefined,0,0,0,0,0,0,0,0,0,0,0,0,0,0,0,0,0,0,0,0,0,0,0,6288.91,424.85,876.65,3015.52,0,1322.27,62.68,149.63,383.04,2638.97,53.27,2667.6,0,0,0,0,802.07,1400.1,0,26.3,26.3,false,true,undefined,false,true,false,false,undefined,true,false,true,true
25.446,undefined,0,0,0,0,0,0,0,0,0,0,0,0,0,0,0,0,0,0,0,0,0,0,0,6424.39,424.94,921.07,3014.04,0,1323.77,62.6,148.83,383.65,2632.5,54.6,2668.93,0,0,0,0,802.07,1400.1,0,26.3,26.3,false,true,undefined,false,true,false,false,undefined,true,false,true,true
25.565,undefined,0,0,0,0,0,0,0,0,0,0,0,0,0,0,0,0,0,0,0,0,0,0,0,6424.39,424.94,921.07,3014.04,0,1323.77,62.6,148.83,383.65,2635.07,54.6,2665.03,0,0,0,0,802.07,1400.1,0,26.3,26.3,false,true,undefined,false,true,false,false,undefined,true,false,true,true
25.674,undefined,0,0,0,0,0,0,0,0,0,0,0,0,0,0,0,0,0,0,0,0,0,0,0,6424.39,424.94,921.07,3014.04,0,1323.77,62.6,148.83,383.65,2644.2,54.6,2665.03,0,0,0,0,802.07,1398.77,0,26.3,26.3,false,true,undefined,false,true,false,false,undefined,true,false,true,true
25.802,undefined,0,0,0,0,0,0,0,0,0,0,0,0,0,0,0,0,0,0,0,0,0,0,0,6424.39,424.94,921.07,3014.04,0,1323.77,62.6,148.83,383.65,2644.2,53.27,2670.17,0,0,0,0,800.83,1398.77,0,26.3,26.3,false,true,undefined,false,true,false,false,undefined,true,false,true,true
25.929,undefined,0,0,0,0,0,0,0,0,0,0,0,0,0,0,0,0,0,0,0,0,0,0,0,6993.97,426.75,1126.92,3014.66,0,1317.62,62.71,149.66,382.83,2642.87,54.6,2670.17,0,0,0,0,800.83,1398.77,0,26.3,26.3,false,true,undefined,false,true,false,false,undefined,true,false,true,true
26.046,undefined,0,0,0,0,0,0,0,0,0,0,0,0,0,0,0,0,0,0,0,0,0,0,0,6993.97,426.75,1126.92,3014.66,0,1317.62,62.71,149.66,382.83,2638.97,54.6,2675.4,0,0,0,0,800.83,1398.77,0,26.3,26.3,false,true,undefined,false,true,false,false,undefined,true,false,true,true
26.157,undefined,0,0,0,0,0,0,0,0,0,0,0,0,0,0,0,0,0,0,0,0,0,0,0,6993.97,426.75,1126.92,3014.66,0,1317.62,62.71,149.66,382.83,2629.93,54.6,2675.4,0,0,0,0,800.83,1398.77,0,26.3,26.3,false,true,undefined,false,true,false,false,undefined,true,false,true,true
26.269,undefined,0,0,0,0,0,0,0,0,0,0,0,0,0,0,0,0,0,0,0,0,0,0,0,6993.97,426.75,1126.92,3014.66,0,1317.62,62.71,149.66,382.83,2628.6,54.6,2675.4,0,0,0,0,800.83,1398.77,0,26.3,26.3,false,true,undefined,false,true,false,false,undefined,true,false,true,true
26.383,undefined,0,0,0,0,0,0,0,0,0,0,0,0,0,0,0,0,0,0,0,0,0,0,0,6459.98,430.33,950.13,3015.85,0,1305.68,62.71,149.66,383.5,2628.6,54.6,2677.97,0,0,0,0,802.07,1398.77,0,26.3,26.3,false,true,undefined,false,true,false,false,undefined,true,false,true,true
26.509,undefined,0,0,0,0,0,0,0,0,0,0,0,0,0,0,0,0,0,0,0,0,0,0,0,6459.98,430.33,950.13,3015.85,0,1305.68,62.63,149.09,383.5,2632.5,54.6,2677.97,0,0,0,0,802.07,1398.77,0,26.3,26.3,false,true,undefined,false,true,false,false,undefined,true,false,true,true
26.639,undefined,0,0,0,0,0,0,0,0,0,0,0,0,0,0,0,0,0,0,0,0,0,0,0,6459.98,430.33,950.13,3015.85,0,1305.68,62.63,149.09,383.5,2638.97,54.6,2670.17,0,0,0,0,803.4,1398.77,0,26.3,26.3,false,true,undefined,false,true,false,false,undefined,true,false,true,true
26.756,undefined,0,0,0,0,0,0,0,0,0,0,0,0,0,0,0,0,0,0,0,0,0,0,0,6459.98,430.33,950.13,3015.85,0,1305.68,62.63,149.09,383.5,2641.63,54.6,2674.07,0,0,0,0,803.4,1398.77,0,26.3,26.3,false,true,undefined,false,true,false,false,undefined,true,false,true,true
26.867,undefined,0,0,0,0,0,0,0,0,0,0,0,0,0,0,0,0,0,0,0,0,0,0,0,8114.1,429.23,1488.59,3018.28,0,1282.6,62.67,147.95,383.57,2644.2,54.6,2674.07,0,0,0,0,803.4,1398.77,0,26.3,26.3,false,true,undefined,false,true,false,false,undefined,true,false,true,true
26.989,undefined,0,0,0,0,0,0,0,0,0,0,0,0,0,0,0,0,0,0,0,0,0,0,0,8114.1,429.23,1488.59,3018.28,0,1282.6,62.67,147.95,383.57,2644.2,54.6,2668.93,0,0,0,0,803.4,1398.77,0,26.3,26.3,false,true,undefined,false,true,false,false,undefined,true,false,true,true
27.111,undefined,0,0,0,0,0,0,0,0,0,0,0,0,0,0,0,0,0,0,0,0,0,0,0,8114.1,429.23,1488.59,3018.28,0,1282.6,62.67,147.95,383.57,2645.53,54.6,2659.8,0,0,0,0,803.4,1398.77,0,26.3,26.3,false,true,undefined,false,true,false,false,undefined,true,false,true,true
27.246,undefined,0,0,0,0,0,0,0,0,0,0,0,0,0,0,0,0,0,0,0,0,0,0,0,8114.1,429.23,1488.59,3018.28,0,1282.6,62.67,147.95,383.57,2642.87,54.6,2655.9,0,0,0,0,803.4,1398.77,0,26.3,26.3,false,true,undefined,false,true,false,false,undefined,true,false,true,true
27.362,undefined,0,0,0,0,0,0,0,0,0,0,0,0,0,0,0,0,0,0,0,0,0,0,0,8145.85,430.35,1565.64,3019.31,0,1267.58,62.7,148.21,383.39,2638.97,55.93,2658.47,0,0,0,0,803.4,1401.43,0,26.3,26.3,false,true,undefined,false,true,false,false,undefined,true,false,true,true
27.474,undefined,0,0,0,0,0,0,0,0,0,0,0,0,0,0,0,0,0,0,0,0,0,0,0,8145.85,430.35,1565.64,3019.31,0,1267.58,62.7,148.21,383.39,2638.97,55.93,2658.47,0,0,0,0,803.4,1401.43,0,26.3,26.3,false,true,undefined,false,true,false,false,undefined,true,false,true,true
27.608,undefined,0,0,0,0,0,0,0,0,0,0,0,0,0,0,0,0,0,0,0,0,0,0,0,8145.85,430.35,1565.64,3019.31,0,1267.58,62.7,148.21,383.39,2638.97,55.93,2659.8,0,0,0,0,803.4,1401.43,0,26.3,26.3,false,true,undefined,false,true,false,false,undefined,true,false,true,true
27.733,undefined,0,0,0,0,0,0,0,0,0,0,0,0,0,0,0,0,0,0,0,0,0,0,0,8145.85,430.35,1565.64,3019.31,0,1267.58,62.7,148.21,383.39,2637.73,55.93,2659.8,0,0,0,0,803.4,1401.43,0,26.3,26.3,false,true,undefined,false,true,false,false,undefined,true,false,true,true
27.853,undefined,0,0,0,0,0,0,0,0,0,0,0,0,0,0,0,0,0,0,0,0,0,0,0,8150.93,430.69,1529.17,3020.21,0,1262.7,62.98,149.06,384.29,2648.1,54.6,2655.9,0,0,0,0,802.07,1401.43,0,26.3,26.3,false,true,undefined,false,true,false,false,undefined,true,false,true,true
27.972,undefined,0,0,0,0,0,0,0,0,0,0,0,0,0,0,0,0,0,0,0,0,0,0,0,8150.93,430.69,1529.17,3020.21,0,1262.7,62.98,149.06,384.29,2649.43,54.6,2657.23,0,0,0,0,802.07,1401.43,0,26.3,26.3,false,true,undefined,false,true,false,false,undefined,true,false,true,true
28.093,undefined,0,0,0,0,0,0,0,0,0,0,0,0,0,0,0,0,0,0,0,0,0,0,0,8150.93,430.69,1529.17,3020.21,0,1262.7,62.98,149.06,384.29,2648.1,54.6,2657.23,0,0,0,0,802.07,1401.43,0,26.3,26.3,false,true,undefined,false,true,false,false,undefined,true,false,true,true
28.218,undefined,0,0,0,0,0,0,0,0,0,0,0,0,0,0,0,0,0,0,0,0,0,0,0,8150.93,430.69,1529.17,3020.21,0,1262.7,62.98,149.06,384.29,2650.67,54.6,2658.47,0,0,0,0,803.4,1401.43,0,26.3,26.3,false,true,undefined,false,true,false,false,undefined,true,false,true,true
28.328,undefined,0,0,0,0,0,0,0,0,0,0,0,0,0,0,0,0,0,0,0,0,0,0,0,8145.09,430.23,1615.18,3020.97,0,1258.09,62.65,146.45,384.29,2650.67,54.6,2653.33,0,0,0,0,802.07,1401.43,0,26.3,26.3,false,true,undefined,false,true,false,false,undefined,true,false,true,true
28.434,undefined,0,0,0,0,0,0,0,0,0,0,0,0,0,0,0,0,0,0,0,0,0,0,0,8145.09,430.23,1615.18,3020.97,0,1258.09,62.65,146.45,384.29,2644.2,55.93,2646.77,0,0,0,0,802.07,1401.43,0,26.3,26.3,false,true,undefined,false,true,false,false,undefined,true,false,true,true
28.565,undefined,0,0,0,0,0,0,0,0,0,0,0,0,0,0,0,0,0,0,0,0,0,0,0,8145.09,430.23,1615.18,3020.97,0,1258.09,62.65,146.45,384.29,2641.63,55.93,2644.2,0,0,0,0,802.07,1401.43,0,26.3,26.3,false,true,undefined,false,true,false,false,undefined,true,false,true,true
28.666,undefined,0,0,0,0,0,0,0,0,0,0,0,0,0,0,0,0,0,0,0,0,0,0,0,8145.09,430.23,1615.18,3020.97,0,1258.09,62.65,146.45,384.29,2642.87,55.93,2644.2,0,0,0,0,803.4,1401.43,0,26.3,26.3,false,true,undefined,false,true,false,false,undefined,true,false,true,true
28.775,undefined,0,0,0,0,0,0,0,0,0,0,0,0,0,0,0,0,0,0,0,0,0,0,0,6867.79,430.23,1133.78,3021.87,0,1258.09,62.65,146.45,384.18,2642.87,54.6,2644.2,0,0,0,0,803.4,1401.43,0,26.3,26.3,false,true,undefined,false,true,false,false,undefined,true,false,true,true
28.877,undefined,0,0,0,0,0,0,0,0,0,0,0,0,0,0,0,0,0,0,0,0,0,0,0,6867.79,430.51,1133.78,3021.87,0,1255.22,62.74,145.29,384.18,2640.3,54.6,2650.67,0,0,0,0,803.4,1401.43,0,26.3,26.3,false,true,undefined,false,true,false,false,undefined,true,false,true,true
28.997,undefined,0,0,0,0,0,0,0,0,0,0,0,0,0,0,0,0,0,0,0,0,0,0,0,6867.79,430.51,1133.78,3021.87,0,1255.22,62.74,145.29,384.18,2638.97,54.6,2650.67,0,0,0,0,803.4,1401.43,0,26.3,26.3,false,true,undefined,false,true,false,false,undefined,true,false,true,true
29.118,undefined,0,0,0,0,0,0,0,0,0,0,0,0,0,0,0,0,0,0,0,0,0,0,0,6867.79,430.51,1133.78,3021.87,0,1255.22,62.74,145.29,384.18,2640.3,54.6,2654.57,0,0,0,0,802.07,1401.43,0,26.3,26.3,false,true,undefined,false,true,false,false,undefined,true,false,true,true
29.231,undefined,0,0,0,0,0,0,0,0,0,0,0,0,0,0,0,0,0,0,0,0,0,0,0,6227.19,430.51,1133.78,3020.06,0,1255.22,62.74,145.29,384.18,2640.3,54.6,2650.67,0,0,0,0,802.07,1401.43,0,26.3,26.3,false,true,undefined,false,true,false,false,undefined,true,false,true,true
29.36,undefined,0,0,0,0,0,0,0,0,0,0,0,0,0,0,0,0,0,0,0,0,0,0,0,6227.19,430.96,964.45,3020.06,0,1258.46,62.69,144.48,382.54,2637.73,54.6,2652,0,0,0,0,800.83,1401.43,0,26.3,26.3,false,true,undefined,false,true,false,false,undefined,true,false,true,true
29.47,undefined,0,0,0,0,0,0,0,0,0,0,0,0,0,0,0,0,0,0,0,0,0,0,0,6227.19,430.96,964.45,3020.06,0,1258.46,62.69,144.48,382.54,2638.97,54.6,2654.57,0,0,0,0,800.83,1401.43,0,26.3,26.3,false,true,undefined,false,true,false,false,undefined,true,false,true,true
29.598,undefined,0,0,0,0,0,0,0,0,0,0,0,0,0,0,0,0,0,0,0,0,0,0,0,6227.19,430.96,964.45,3020.06,0,1258.46,62.69,144.48,382.54,2649.43,54.6,2646.77,0,0,0,0,800.83,1400.1,0,26.3,26.3,false,true,undefined,false,true,false,false,undefined,true,false,true,true
29.73,undefined,0,0,0,0,0,0,0,0,0,0,0,0,0,0,0,0,0,0,0,0,0,0,0,6227.19,430.96,1410.14,3020.85,0,1258.46,62.69,144.72,383.26,2649.43,54.6,2646.77,0,0,0,0,800.83,1400.1,0,26.3,26.3,false,true,undefined,false,true,false,false,undefined,true,false,true,true
29.83,undefined,0,0,0,0,0,0,0,0,0,0,0,0,0,0,0,0,0,0,0,0,0,0,0,7708.77,428.95,1410.14,3020.85,0,1260.58,62.71,144.72,383.26,2649.43,54.6,2641.63,0,0,0,0,803.4,1400.1,0,26.3,26.3,false,true,undefined,false,true,false,false,undefined,true,false,true,true
29.959,undefined,0,0,0,0,0,0,0,0,0,0,0,0,0,0,0,0,0,0,0,0,0,0,0,7708.77,428.95,1410.14,3020.85,0,1260.58,62.71,144.72,383.26,2644.2,54.6,2648.1,0,0,0,0,804.73,1400.1,0,26.3,26.3,false,true,undefined,false,true,false,false,undefined,true,false,true,true
30.075,undefined,0,0,0,0,0,0,0,0,0,0,0,0,0,0,0,0,0,0,0,0,0,0,0,7708.77,428.95,1410.14,3020.85,0,1260.58,62.71,144.72,383.26,2640.3,54.6,2649.43,0,0,0,0,804.73,1401.43,0,26.3,26.3,false,true,undefined,false,true,false,false,undefined,true,false,true,true
30.203,undefined,0,0,0,0,0,0,0,0,0,0,0,0,0,0,0,0,0,0,0,0,0,0,0,5678.81,429.15,1410.14,3020.85,0,1257.24,62.71,144.72,383.26,2640.3,54.6,2649.43,0,0,0,0,804.73,1401.43,0,26.2,26.3,false,true,undefined,false,true,false,false,undefined,true,false,true,true
30.333,undefined,0,0,0,0,0,0,0,0,0,0,0,0,0,0,0,0,0,0,0,0,0,0,0,5678.81,429.15,779.28,3020.58,0,1257.24,62.7,146.09,384.47,2642.87,54.6,2646.77,0,0,0,0,803.4,1400.1,0,26.2,26.3,false,true,undefined,false,true,false,false,undefined,true,false,true,true
30.456,undefined,0,0,0,0,0,0,0,0,0,0,0,0,0,0,0,0,0,0,0,0,0,0,0,5678.81,429.15,779.28,3020.58,0,1257.24,62.7,146.09,384.47,2644.2,54.6,2638.97,0,0,0,0,803.4,1400.1,0,26.2,26.3,false,true,undefined,false,true,false,false,undefined,true,false,true,true
30.578,undefined,0,0,0,0,0,0,0,0,0,0,0,0,0,0,0,0,0,0,0,0,0,0,0,5678.81,429.15,779.28,3020.58,0,1257.24,62.7,146.09,384.47,2644.2,54.6,2635.07,0,0,0,0,803.4,1400.1,0,26.2,26.3,false,true,undefined,false,true,false,false,undefined,true,false,true,true
30.682,undefined,0,0,0,0,0,0,0,0,0,0,0,0,0,0,0,0,0,0,0,0,0,0,0,6932.42,430.5,1182,3021.19,0,1257.24,62.68,146.13,384.47,2646.77,54.6,2635.07,0,0,0,0,803.4,1400.1,0,26.2,26.3,false,true,undefined,false,true,false,false,undefined,true,false,true,true
30.799,undefined,0,0,0,0,0,0,0,0,0,0,0,0,0,0,0,0,0,0,0,0,0,0,0,6932.42,430.5,1182,3021.19,0,1256.73,62.68,146.13,383.48,2645.53,54.6,2640.3,0,0,0,0,803.4,1400.1,0,26.2,26.3,false,true,undefined,false,true,false,false,undefined,true,false,true,true
30.929,undefined,0,0,0,0,0,0,0,0,0,0,0,0,0,0,0,0,0,0,0,0,0,0,0,6932.42,430.5,1182,3021.19,0,1256.73,62.68,146.13,383.48,2645.53,54.6,2640.3,0,0,0,0,803.4,1400.1,0,26.2,26.3,false,true,undefined,false,true,false,false,undefined,true,false,true,true
31.057,undefined,0,0,0,0,0,0,0,0,0,0,0,0,0,0,0,0,0,0,0,0,0,0,0,6932.42,430.5,1182,3021.19,0,1256.73,62.68,146.13,383.48,2644.2,54.6,2650.67,0,0,0,0,802.07,1400.1,0,26.2,26.3,false,true,undefined,false,true,false,false,undefined,true,false,true,true
31.181,undefined,0,0,0,0,0,0,0,0,0,0,0,0,0,0,0,0,0,0,0,0,0,0,0,8696.2,430.45,1695.85,3022.07,0,1255.98,62.59,145.03,383.42,2644.2,54.6,2653.33,0,0,0,0,802.07,1400.1,0,26.2,26.3,false,true,undefined,false,true,false,false,undefined,true,false,true,true
31.308,undefined,0,0,0,0,0,0,0,0,0,0,0,0,0,0,0,0,0,0,0,0,0,0,0,8696.2,430.45,1695.85,3022.07,0,1255.98,62.59,145.03,383.42,2649.43,54.6,2652,0,0,0,0,802.07,1400.1,0,26.2,26.3,false,true,undefined,false,true,false,false,undefined,true,false,true,true
31.422,undefined,0,0,0,0,0,0,0,0,0,0,0,0,0,0,0,0,0,0,0,0,0,0,0,8696.2,430.45,1695.85,3022.07,0,1255.98,62.59,145.03,383.42,2658.47,54.6,2645.53,0,0,0,0,802.07,1400.1,0,26.2,26.3,false,true,undefined,false,true,false,false,undefined,true,false,true,true
31.53,undefined,0,0,0,0,0,0,0,0,0,0,0,0,0,0,0,0,0,0,0,0,0,0,0,8696.2,430.45,1695.85,3022.07,0,1255.98,62.59,145.03,383.42,2652,54.6,2645.53,0,0,0,0,802.07,1400.1,0,26.2,26.3,false,true,undefined,false,true,false,false,undefined,true,false,true,true
31.655,undefined,0,0,0,0,0,0,0,0,0,0,0,0,0,0,0,0,0,0,0,0,0,0,0,8843.87,430.45,1756.01,3021.62,0,1250.96,62.59,141.91,382.75,2652,54.6,2653.33,0,0,0,0,803.4,1400.1,0,26.2,26.3,false,true,undefined,false,true,false,false,undefined,true,false,true,true
31.766,undefined,0,0,0,0,0,0,0,0,0,0,0,0,0,0,0,0,0,0,0,0,0,0,0,8843.87,430.14,1756.01,3021.62,0,1250.96,62.71,141.91,382.75,2646.77,54.6,2661.13,0,0,0,0,804.73,1398.77,0,26.2,26.3,false,true,undefined,false,true,false,false,undefined,true,false,true,true
31.878,undefined,0,0,0,0,0,0,0,0,0,0,0,0,0,0,0,0,0,0,0,0,0,0,0,8843.87,430.14,1756.01,3021.62,0,1250.96,62.71,141.91,382.75,2648.1,54.6,2667.6,0,0,0,0,803.4,1398.77,0,26.2,26.3,false,true,undefined,false,true,false,false,undefined,true,false,true,true
31.99,undefined,0,0,0,0,0,0,0,0,0,0,0,0,0,0,0,0,0,0,0,0,0,0,0,8843.87,430.14,1756.01,3021.62,0,1250.96,62.71,141.91,382.75,2642.87,54.6,2667.6,0,0,0,0,803.4,1401.43,0,26.2,26.3,false,true,undefined,false,true,false,false,undefined,true,false,true,true
32.116,undefined,0,0,0,0,0,0,0,0,0,0,0,0,0,0,0,0,0,0,0,0,0,0,0,8843.87,430.14,1782.29,3021.62,0,1250.96,62.71,141.91,382.75,2642.87,54.6,2672.83,0,0,0,0,804.73,1401.43,0,26.2,26.3,false,true,undefined,false,true,false,false,undefined,true,false,true,true
32.229,undefined,0,0,0,0,0,0,0,0,0,0,0,0,0,0,0,0,0,0,0,0,0,0,0,8839.64,430.29,1782.29,3020.4,0,1250.29,62.68,142.69,382.76,2633.83,54.6,2667.6,0,0,0,0,803.4,1400.1,0,26.2,26.3,false,true,undefined,false,true,false,false,undefined,true,false,true,true
32.361,undefined,0,0,0,0,0,0,0,0,0,0,0,0,0,0,0,0,0,0,0,0,0,0,0,8839.64,430.29,1782.29,3020.4,0,1250.29,62.68,142.69,382.76,2632.5,54.6,2662.37,0,0,0,0,803.4,1401.43,0,26.2,26.3,false,true,undefined,false,true,false,false,undefined,true,false,true,true
32.488,undefined,0,0,0,0,0,0,0,0,0,0,0,0,0,0,0,0,0,0,0,0,0,0,0,8839.64,430.29,1782.29,3020.4,0,1250.29,62.68,142.69,382.76,2629.93,54.6,2658.47,0,0,0,0,802.07,1401.43,0,26.2,26.3,false,true,undefined,false,true,false,false,undefined,true,false,true,true
32.611,undefined,0,0,0,0,0,0,0,0,0,0,0,0,0,0,0,0,0,0,0,0,0,0,0,8824.92,430.35,1742.78,3020.33,0,1249.63,62.68,142.69,382.62,2627.27,54.6,2657.23,0,0,0,0,802.07,1400.1,0,26.2,26.3,false,true,undefined,false,true,false,false,undefined,true,false,true,true
32.732,undefined,0,0,0,0,0,0,0,0,0,0,0,0,0,0,0,0,0,0,0,0,0,0,0,8824.92,430.35,1742.78,3020.33,0,1249.63,62.78,142.04,382.62,2628.6,54.6,2657.23,0,0,0,0,802.07,1400.1,0,26.2,26.3,false,true,undefined,false,true,false,false,undefined,true,false,true,true
32.845,undefined,0,0,0,0,0,0,0,0,0,0,0,0,0,0,0,0,0,0,0,0,0,0,0,8824.92,430.35,1742.78,3020.33,0,1249.63,62.78,142.04,382.62,2628.6,54.6,2658.47,0,0,0,0,800.83,1400.1,0,26.2,26.3,false,true,undefined,false,true,false,false,undefined,true,false,true,true
32.944,undefined,0,0,0,0,0,0,0,0,0,0,0,0,0,0,0,0,0,0,0,0,0,0,0,8824.92,430.35,1742.78,3020.33,0,1249.63,62.78,142.04,382.62,2628.6,54.6,2659.8,0,0,0,0,800.83,1400.1,0,26.2,26.3,false,true,undefined,false,true,false,false,undefined,true,false,true,true
33.061,undefined,0,0,0,0,0,0,0,0,0,0,0,0,0,0,0,0,0,0,0,0,0,0,0,8824.92,430.35,1742.78,3020.33,0,1249.63,62.78,142.04,382.62,2628.6,54.6,2663.7,0,0,0,0,800.83,1400.1,0,26.2,26.3,false,true,undefined,false,true,false,false,undefined,true,false,true,true
33.184,undefined,0,0,0,0,0,0,0,0,0,0,0,0,0,0,0,0,0,0,0,0,0,0,0,8835.55,430.28,1801.7,3021.65,0,1245.3,62.75,143.22,382.99,2629.93,54.6,2663.7,0,0,0,0,800.83,1400.1,0,26.2,26.3,false,true,undefined,false,true,false,false,undefined,true,false,true,true
33.284,undefined,0,0,0,0,0,0,0,0,0,0,0,0,0,0,0,0,0,0,0,0,0,0,0,8835.55,430.28,1801.7,3021.65,0,1245.3,62.75,143.22,382.99,2629.93,54.6,2666.27,0,0,0,0,802.07,1400.1,0,26.2,26.3,false,true,undefined,false,true,false,false,undefined,true,false,true,true
33.408,undefined,0,0,0,0,0,0,0,0,0,0,0,0,0,0,0,0,0,0,0,0,0,0,0,8835.55,430.28,1801.7,3021.65,0,1245.3,62.75,143.22,382.99,2627.27,54.6,2665.03,0,0,0,0,802.07,1400.1,0,26.2,26.3,false,true,undefined,false,true,false,false,undefined,true,false,true,true
33.539,undefined,0,0,0,0,0,0,0,0,0,0,0,0,0,0,0,0,0,0,0,0,0,0,0,8835.55,430.28,1801.7,3021.65,0,1245.3,62.75,143.22,382.99,2627.27,54.6,2671.5,0,0,0,0,802.07,1400.1,0,26.2,26.3,false,true,undefined,false,true,false,false,undefined,true,false,true,true
33.666,undefined,0,0,0,0,0,0,0,0,0,0,0,0,0,0,0,0,0,0,0,0,0,0,0,8819.91,430.24,1725.28,3020.77,0,1244.56,62.67,143.98,383.22,2626.03,54.6,2675.4,0,0,0,0,802.07,1400.1,0,26.2,26.3,false,true,undefined,false,true,false,false,undefined,true,false,true,true
33.79,undefined,0,0,0,0,0,0,0,0,0,0,0,0,0,0,0,0,0,0,0,0,0,0,0,8819.91,430.24,1725.28,3020.77,0,1244.56,62.67,143.98,383.22,2632.5,54.6,2675.4,0,0,0,0,802.07,1400.1,0,26.2,26.3,false,true,undefined,false,true,false,false,undefined,true,false,true,true
33.921,undefined,0,0,0,0,0,0,0,0,0,0,0,0,0,0,0,0,0,0,0,0,0,0,0,8819.91,430.24,1725.28,3020.77,0,1244.56,62.67,143.98,383.22,2632.5,54.6,2677.97,0,0,0,0,799.5,1398.77,0,26.2,26.3,false,true,undefined,false,true,false,false,undefined,true,false,true,true
34.039,undefined,0,0,0,0,0,0,0,0,0,0,0,0,0,0,0,0,0,0,0,0,0,0,0,8819.91,430.24,1725.28,3020.77,0,1249.15,62.72,143.98,383.95,2636.4,54.6,2677.97,0,0,0,0,800.83,1398.77,0,26.2,26.3,false,true,undefined,false,true,false,false,undefined,true,false,true,true
34.172,undefined,0,0,0,0,0,0,0,0,0,0,0,0,0,0,0,0,0,0,0,0,0,0,0,7220.46,426.75,1236.3,3021.29,0,1249.15,62.72,144.3,383.95,2640.3,54.6,2675.4,0,0,0,0,800.83,1398.77,0,26.2,26.3,false,true,undefined,false,true,false,false,undefined,true,false,true,true
34.265,undefined,0,0,0,0,0,0,0,0,0,0,0,0,0,0,0,0,0,0,0,0,0,0,0,7220.46,426.75,1236.3,3021.29,0,1249.15,62.72,144.3,383.95,2642.87,54.6,2671.5,0,0,0,0,800.83,1398.77,0,26.2,26.3,false,true,undefined,false,true,false,false,undefined,true,false,true,true
34.397,undefined,0,0,0,0,0,0,0,0,0,0,0,0,0,0,0,0,0,0,0,0,0,0,0,7220.46,426.75,1236.3,3021.29,0,1249.15,62.72,144.3,383.95,2649.43,54.6,2671.5,0,0,0,0,800.83,1400.1,0,26.2,26.3,false,true,undefined,false,true,false,false,undefined,true,false,true,true
34.52,undefined,0,0,0,0,0,0,0,0,0,0,0,0,0,0,0,0,0,0,0,0,0,0,0,6258.36,424.49,1236.3,3021.65,0,1249.15,62.62,144.3,383.95,2652,54.6,2671.5,0,0,0,0,800.83,1398.77,0,26.2,26.3,false,true,undefined,false,true,false,false,undefined,true,false,true,true
34.631,undefined,0,0,0,0,0,0,0,0,0,0,0,0,0,0,0,0,0,0,0,0,0,0,0,6258.36,424.49,887.07,3021.65,0,1264.89,62.62,145.4,383.08,2652,53.27,2670.17,0,0,0,0,799.5,1398.77,0,26.2,26.3,false,true,undefined,false,true,false,false,undefined,true,false,true,true
34.741,undefined,0,0,0,0,0,0,0,0,0,0,0,0,0,0,0,0,0,0,0,0,0,0,0,6258.36,424.49,887.07,3021.65,0,1264.89,62.62,145.4,383.08,2662.37,53.27,2661.13,0,0,0,0,800.83,1398.77,0,26.2,26.3,false,true,undefined,false,true,false,false,undefined,true,false,true,true
34.859,undefined,0,0,0,0,0,0,0,0,0,0,0,0,0,0,0,0,0,0,0,0,0,0,0,6258.36,424.49,887.07,3021.65,0,1264.89,62.62,145.4,383.08,2665.03,53.27,2655.9,0,0,0,0,799.5,1398.77,0,26.2,26.3,false,true,undefined,false,true,false,false,undefined,true,false,true,true
34.985,undefined,0,0,0,0,0,0,0,0,0,0,0,0,0,0,0,0,0,0,0,0,0,0,0,6258.36,424.49,887.07,3021.65,0,1264.89,62.72,145.4,383.08,2661.13,53.27,2655.9,0,0,0,0,799.5,1398.77,0,26.2,26.3,false,true,undefined,false,true,false,false,undefined,true,false,true,true
35.106,undefined,0,0,0,0,0,0,0,0,0,0,0,0,0,0,0,0,0,0,0,0,0,0,0,6239.02,425.35,898.05,3022.88,0,1283.41,62.72,145.43,382.65,2661.13,53.27,2654.57,0,0,0,0,799.5,1398.77,0,26.2,26.3,false,true,undefined,false,true,false,false,undefined,true,false,true,true
35.229,undefined,0,0,0,0,0,0,0,0,0,0,0,0,0,0,0,0,0,0,0,0,0,0,0,6239.02,425.35,898.05,3022.88,0,1283.41,62.72,145.43,382.65,2654.57,54.6,2655.9,0,0,0,0,799.5,1398.77,0,26.2,26.3,false,true,undefined,false,true,false,false,undefined,true,false,true,true
35.344,undefined,0,0,0,0,0,0,0,0,0,0,0,0,0,0,0,0,0,0,0,0,0,0,0,6239.02,425.35,898.05,3022.88,0,1283.41,62.72,145.43,382.65,2645.53,54.6,2654.57,0,0,0,0,800.83,1398.77,0,26.2,26.3,false,true,undefined,false,true,false,false,undefined,true,false,true,true
35.459,undefined,0,0,0,0,0,0,0,0,0,0,0,0,0,0,0,0,0,0,0,0,0,0,0,6239.02,425.35,898.05,3022.88,0,1300.76,62.72,145.43,382.65,2641.63,54.6,2650.67,0,0,0,0,800.83,1398.77,0,26.2,26.3,false,true,undefined,false,true,false,false,undefined,true,false,true,true
35.569,undefined,0,0,0,0,0,0,0,0,0,0,0,0,0,0,0,0,0,0,0,0,0,0,0,7638.11,425.11,1355.87,3021.99,0,1300.76,62.64,144.7,383.19,2644.2,54.6,2650.67,0,0,0,0,802.07,1398.77,0,26.2,26.3,false,true,undefined,false,true,false,false,undefined,true,false,true,true
35.688,undefined,0,0,0,0,0,0,0,0,0,0,0,0,0,0,0,0,0,0,0,0,0,0,0,7638.11,425.11,1355.87,3021.99,0,1300.76,62.64,144.7,383.19,2644.2,54.6,2654.57,0,0,0,0,800.83,1398.77,0,26.2,26.3,false,true,undefined,false,true,false,false,undefined,true,false,true,true
35.816,undefined,0,0,0,0,0,0,0,0,0,0,0,0,0,0,0,0,0,0,0,0,0,0,0,7638.11,425.11,1355.87,3021.99,0,1300.76,62.64,144.7,383.19,2641.63,54.6,2649.43,0,0,0,0,800.83,1398.77,0,26.2,26.3,false,true,undefined,false,true,false,false,undefined,true,false,true,true
35.946,undefined,0,0,0,0,0,0,0,0,0,0,0,0,0,0,0,0,0,0,0,0,0,0,0,7638.11,425.11,1355.87,3021.99,0,1300.76,62.64,144.7,383.19,2642.87,55.93,2646.77,0,0,0,0,802.07,1400.1,0,26.2,26.3,false,true,undefined,false,true,false,false,undefined,true,false,true,true
36.058,undefined,0,0,0,0,0,0,0,0,0,0,0,0,0,0,0,0,0,0,0,0,0,0,0,5680.97,424.93,681.93,3020.76,0,1305.93,62.62,143.66,383.94,2642.87,55.93,2645.53,0,0,0,0,802.07,1400.1,0,26.2,26.3,false,true,undefined,false,true,false,false,undefined,true,false,true,true
36.182,undefined,0,0,0,0,0,0,0,0,0,0,0,0,0,0,0,0,0,0,0,0,0,0,0,5680.97,424.93,681.93,3020.76,0,1305.93,62.62,143.66,383.94,2646.77,54.6,2645.53,0,0,0,0,802.07,1400.1,0,26.2,26.3,false,true,undefined,false,true,false,false,undefined,true,false,true,true
36.294,undefined,0,0,0,0,0,0,0,0,0,0,0,0,0,0,0,0,0,0,0,0,0,0,0,5680.97,424.93,681.93,3020.76,0,1305.93,62.62,143.66,383.94,2646.77,54.6,2648.1,0,0,0,0,802.07,1400.1,0,26.2,26.3,false,true,undefined,false,true,false,false,undefined,true,false,true,true
36.406,undefined,0,0,0,0,0,0,0,0,0,0,0,0,0,0,0,0,0,0,0,0,0,0,0,5680.97,424.93,1658.66,3020.76,0,1305.93,62.62,143.66,383.94,2652,54.6,2646.77,0,0,0,0,803.4,1400.1,0,26.2,26.3,false,true,undefined,false,true,false,false,undefined,true,false,true,true
36.538,undefined,0,0,0,0,0,0,0,0,0,0,0,0,0,0,0,0,0,0,0,0,0,0,0,8306.75,425.3,1658.66,3020.95,0,1317.51,62.51,143.47,383.52,2650.67,54.6,2646.77,0,0,0,0,803.4,1400.1,0,26.2,26.3,false,true,undefined,false,true,false,false,undefined,true,false,true,true
36.639,undefined,0,0,0,0,0,0,0,0,0,0,0,0,0,0,0,0,0,0,0,0,0,0,0,8306.75,425.3,1658.66,3020.95,0,1317.51,62.51,143.47,383.52,2646.77,54.6,2646.77,0,0,0,0,803.4,1400.1,0,26.2,26.3,false,true,undefined,false,true,false,false,undefined,true,false,true,true
36.764,undefined,0,0,0,0,0,0,0,0,0,0,0,0,0,0,0,0,0,0,0,0,0,0,0,8306.75,425.3,1658.66,3020.95,0,1317.51,62.51,143.47,383.52,2646.77,54.6,2645.53,0,0,0,0,802.07,1400.1,0,26.2,26.3,false,true,undefined,false,true,false,false,undefined,true,false,true,true
36.876,undefined,0,0,0,0,0,0,0,0,0,0,0,0,0,0,0,0,0,0,0,0,0,0,0,8306.75,425.3,1658.66,3020.95,0,1317.51,62.51,143.47,383.52,2646.77,54.6,2652,0,0,0,0,802.07,1400.1,0,26.2,26.3,false,true,undefined,false,true,false,false,undefined,true,false,true,true
36.989,undefined,0,0,0,0,0,0,0,0,0,0,0,0,0,0,0,0,0,0,0,0,0,0,0,9431.8,425.17,1996.96,3020.42,0,1321.88,62.56,142.62,382.78,2652,54.6,2659.8,0,0,0,0,800.83,1400.1,0,26.2,26.3,false,true,undefined,false,true,false,false,undefined,true,false,true,true
37.098,undefined,0,0,0,0,0,0,0,0,0,0,0,0,0,0,0,0,0,0,0,0,0,0,0,9431.8,425.17,1996.96,3020.42,0,1321.88,62.56,142.62,382.78,2653.33,54.6,2658.47,0,0,0,0,800.83,1400.1,0,26.2,26.3,false,true,undefined,false,true,false,false,undefined,true,false,true,true
37.229,undefined,0,0,0,0,0,0,0,0,0,0,0,0,0,0,0,0,0,0,0,0,0,0,0,9431.8,425.17,1996.96,3020.42,0,1321.88,62.56,142.62,382.78,2650.67,54.6,2658.47,0,0,0,0,800.83,1400.1,0,26.2,26.3,false,true,undefined,false,true,false,false,undefined,true,false,true,true
37.347,undefined,0,0,0,0,0,0,0,0,0,0,0,0,0,0,0,0,0,0,0,0,0,0,0,9431.8,425.17,1996.96,3020.42,0,1321.88,62.56,142.62,382.78,2650.67,55.93,2657.23,0,0,0,0,800.83,1400.1,0,26.2,26.3,false,true,undefined,false,true,false,false,undefined,true,false,true,true
37.463,undefined,0,0,0,0,0,0,0,0,0,0,0,0,0,0,0,0,0,0,0,0,0,0,0,9431.42,424.55,2027.71,3019.47,0,1320.83,62.41,144.92,381.92,2645.53,55.93,2658.47,0,0,0,0,802.07,1400.1,0,26.2,26.3,false,true,undefined,false,true,false,false,undefined,true,false,true,true
37.575,undefined,0,0,0,0,0,0,0,0,0,0,0,0,0,0,0,0,0,0,0,0,0,0,0,9431.42,424.55,2027.71,3019.47,0,1320.83,62.41,144.92,381.92,2641.63,54.6,2666.27,0,0,0,0,800.83,1400.1,0,26.3,26.3,false,true,undefined,false,true,false,false,undefined,true,false,true,true
37.696,undefined,0,0,0,0,0,0,0,0,0,0,0,0,0,0,0,0,0,0,0,0,0,0,0,9431.42,424.55,2027.71,3019.47,0,1320.83,62.41,144.92,381.92,2640.3,54.6,2666.27,0,0,0,0,800.83,1400.1,0,26.3,26.3,false,true,undefined,false,true,false,false,undefined,true,false,true,true
37.814,undefined,0,0,0,0,0,0,0,0,0,0,0,0,0,0,0,0,0,0,0,0,0,0,0,9431.42,424.55,2027.71,3019.47,0,1320.83,62.41,144.92,381.92,2640.3,54.6,2665.03,0,0,0,0,799.5,1398.77,0,26.3,26.3,false,true,undefined,false,true,false,false,undefined,true,false,true,true
37.938,undefined,0,0,0,0,0,0,0,0,0,0,0,0,0,0,0,0,0,0,0,0,0,0,0,9414.52,424.41,2008.94,3018.18,0,1325.28,62.5,142.84,382.74,2640.3,54.6,2658.47,0,0,0,0,799.5,1398.77,0,26.3,26.3,false,true,undefined,false,true,false,false,undefined,true,false,true,true
38.039,undefined,0,0,0,0,0,0,0,0,0,0,0,0,0,0,0,0,0,0,0,0,0,0,0,9414.52,424.41,2008.94,3018.18,0,1325.28,62.5,142.84,382.74,2636.4,54.6,2657.23,0,0,0,0,800.83,1400.1,0,26.3,26.3,false,true,undefined,false,true,false,false,undefined,true,false,true,true
38.16,undefined,0,0,0,0,0,0,0,0,0,0,0,0,0,0,0,0,0,0,0,0,0,0,0,9414.52,424.41,2008.94,3018.18,0,1325.28,62.5,142.84,382.74,2631.17,54.6,2661.13,0,0,0,0,800.83,1400.1,0,26.3,26.3,false,true,undefined,false,true,false,false,undefined,true,false,true,true
38.276,undefined,0,0,0,0,0,0,0,0,0,0,0,0,0,0,0,0,0,0,0,0,0,0,0,9414.52,424.41,2008.94,3018.18,0,1325.28,62.5,142.84,382.74,2628.6,54.6,2661.13,0,0,0,0,800.83,1400.1,0,26.3,26.3,false,true,undefined,false,true,false,false,undefined,true,false,true,true
38.387,undefined,0,0,0,0,0,0,0,0,0,0,0,0,0,0,0,0,0,0,0,0,0,0,0,9437.47,428.83,2003.05,3018.49,0,1315.97,62.55,144.01,382.85,2628.6,54.6,2662.37,0,0,0,0,800.83,1400.1,0,26.3,26.3,false,true,undefined,false,true,false,false,undefined,true,false,true,true
38.512,undefined,0,0,0,0,0,0,0,0,0,0,0,0,0,0,0,0,0,0,0,0,0,0,0,9437.47,428.83,2003.05,3018.49,0,1315.97,62.55,144.01,382.85,2632.5,54.6,2654.57,0,0,0,0,800.83,1400.1,0,26.3,26.3,false,true,undefined,false,true,false,false,undefined,true,false,true,true
38.624,undefined,0,0,0,0,0,0,0,0,0,0,0,0,0,0,0,0,0,0,0,0,0,0,0,9437.47,428.83,2003.05,3018.49,0,1315.97,62.55,144.01,382.85,2631.17,55.93,2650.67,0,0,0,0,800.83,1400.1,0,26.3,26.3,false,true,undefined,false,true,false,false,undefined,true,false,true,true
38.753,undefined,0,0,0,0,0,0,0,0,0,0,0,0,0,0,0,0,0,0,0,0,0,0,0,9437.47,428.83,2003.05,3018.49,0,1315.97,62.55,144.01,382.85,2635.07,55.93,2650.67,0,0,0,0,800.83,1400.1,0,26.3,26.3,false,true,undefined,false,true,false,false,undefined,true,false,true,true
38.877,undefined,0,0,0,0,0,0,0,0,0,0,0,0,0,0,0,0,0,0,0,0,0,0,0,8304.65,430.02,1649.52,3019.32,0,1294.88,62.71,143.6,382.83,2638.97,55.93,2648.1,0,0,0,0,802.07,1400.1,0,26.3,26.3,false,true,undefined,false,true,false,false,undefined,true,false,true,true
39.01,undefined,0,0,0,0,0,0,0,0,0,0,0,0,0,0,0,0,0,0,0,0,0,0,0,8304.65,430.02,1649.52,3019.32,0,1294.88,62.71,143.6,382.83,2638.97,55.93,2649.43,0,0,0,0,802.07,1400.1,0,26.3,26.3,false,true,undefined,false,true,false,false,undefined,true,false,true,true
39.124,undefined,0,0,0,0,0,0,0,0,0,0,0,0,0,0,0,0,0,0,0,0,0,0,0,8304.65,430.02,1649.52,3019.32,0,1294.88,62.71,143.6,382.83,2640.3,55.93,2654.57,0,0,0,0,800.83,1400.1,0,26.3,26.3,false,true,undefined,false,true,false,false,undefined,true,false,true,true
39.228,undefined,0,0,0,0,0,0,0,0,0,0,0,0,0,0,0,0,0,0,0,0,0,0,0,8304.65,430.02,1649.52,3019.32,0,1294.88,62.71,143.6,382.83,2645.53,54.6,2657.23,0,0,0,0,800.83,1400.1,0,26.3,26.3,false,true,undefined,false,true,false,false,undefined,true,false,true,true
39.343,undefined,0,0,0,0,0,0,0,0,0,0,0,0,0,0,0,0,0,0,0,0,0,0,0,6324.31,430.4,960.59,3021.34,0,1279.11,62.74,143.6,382.48,2645.53,54.6,2663.7,0,0,0,0,800.83,1400.1,0,26.3,26.3,false,true,undefined,false,true,false,false,undefined,true,false,true,true
39.457,undefined,0,0,0,0,0,0,0,0,0,0,0,0,0,0,0,0,0,0,0,0,0,0,0,6324.31,430.4,960.59,3021.34,0,1279.11,62.74,144.72,382.48,2645.53,54.6,2663.7,0,0,0,0,800.83,1400.1,0,26.3,26.3,false,true,undefined,false,true,false,false,undefined,true,false,true,true
39.569,undefined,0,0,0,0,0,0,0,0,0,0,0,0,0,0,0,0,0,0,0,0,0,0,0,6324.31,430.4,960.59,3021.34,0,1279.11,62.74,144.72,382.48,2638.97,54.6,2670.17,0,0,0,0,800.83,1400.1,0,26.3,26.3,false,true,undefined,false,true,false,false,undefined,true,false,true,true
39.692,undefined,0,0,0,0,0,0,0,0,0,0,0,0,0,0,0,0,0,0,0,0,0,0,0,6324.31,430.4,960.59,3021.34,0,1279.11,62.74,144.72,382.48,2636.4,54.6,2670.17,0,0,0,0,799.5,1402.67,0,26.3,26.3,false,true,undefined,false,true,false,false,undefined,true,false,true,true
39.807,undefined,0,0,0,0,0,0,0,0,0,0,0,0,0,0,0,0,0,0,0,0,0,0,0,6324.31,430.4,990.5,3021.34,0,1279.11,62.75,144.76,382.48,2638.97,54.6,2674.07,0,0,0,0,799.5,1402.67,0,26.3,26.3,false,true,undefined,false,true,false,false,undefined,true,false,true,true
39.908,undefined,0,0,0,0,0,0,0,0,0,0,0,0,0,0,0,0,0,0,0,0,0,0,0,6261.4,430,990.5,3019.03,0,1267.12,62.75,144.76,383.02,2637.73,54.6,2674.07,0,0,0,0,799.5,1402.67,0,26.3,26.3,false,true,undefined,false,true,false,false,undefined,true,false,true,true
40.012,undefined,0,0,0,0,0,0,0,0,0,0,0,0,0,0,0,0,0,0,0,0,0,0,0,6261.4,430,990.5,3019.03,0,1267.12,62.75,144.76,383.02,2637.73,54.6,2670.17,0,0,0,0,799.5,1404,0,26.3,26.3,false,true,undefined,false,true,false,false,undefined,true,false,true,true
40.125,undefined,0,0,0,0,0,0,0,0,0,0,0,0,0,0,0,0,0,0,0,0,0,0,0,6261.4,430,990.5,3019.03,0,1267.12,62.75,144.76,383.02,2638.97,54.6,2666.27,0,0,0,0,800.83,1404,0,26.3,26.3,false,true,undefined,false,true,false,false,undefined,true,false,true,true
40.25,undefined,0,0,0,0,0,0,0,0,0,0,0,0,0,0,0,0,0,0,0,0,0,0,0,6261.4,430,990.5,3019.03,0,1267.12,62.75,144.76,383.02,2635.07,54.6,2666.27,0,0,0,0,800.83,1404,0,26.3,26.3,false,true,undefined,false,true,false,false,undefined,true,false,true,true
40.371,undefined,0,0,0,0,0,0,0,0,0,0,0,0,0,0,0,0,0,0,0,0,0,0,0,7104.4,431.22,1237.77,3019.41,0,1260.7,62.65,144.89,383.86,2638.97,54.6,2662.37,0,0,0,0,800.83,1402.67,0,26.3,26.3,false,true,undefined,false,true,false,false,undefined,true,false,true,true
40.49,undefined,0,0,0,0,0,0,0,0,0,0,0,0,0,0,0,0,0,0,0,0,0,0,0,7104.4,431.22,1237.77,3019.41,0,1260.7,62.65,144.89,383.86,2638.97,54.6,2658.47,0,0,0,0,799.5,1401.43,0,26.3,26.3,false,true,undefined,false,true,false,false,undefined,true,false,true,true
40.611,undefined,0,0,0,0,0,0,0,0,0,0,0,0,0,0,0,0,0,0,0,0,0,0,0,7104.4,431.22,1237.77,3019.41,0,1260.7,62.65,144.89,383.86,2638.97,54.6,2654.57,0,0,0,0,799.5,1401.43,0,26.3,26.3,false,true,undefined,false,true,false,false,undefined,true,false,true,true
40.693,undefined,0,0,0,0,0,0,0,0,0,0,0,0,0,0,0,0,0,0,0,0,0,0,0,7104.4,431.22,1237.77,3019.41,0,1260.7,62.65,144.89,383.86,2641.63,54.6,2657.23,0,0,0,0,799.5,1401.43,0,26.3,26.3,false,true,undefined,false,true,false,false,undefined,true,false,true,true
40.821,undefined,0,0,0,0,0,0,0,0,0,0,0,0,0,0,0,0,0,0,0,0,0,0,0,6108.07,431.78,963.33,3020.55,0,1259.87,62.61,143.83,383.72,2641.63,54.6,2657.23,0,0,0,0,799.5,1401.43,0,26.3,26.3,false,true,undefined,false,true,false,false,undefined,true,false,true,true
40.928,undefined,0,0,0,0,0,0,0,0,0,0,0,0,0,0,0,0,0,0,0,0,0,0,0,6108.07,431.78,963.33,3020.55,0,1259.87,62.61,143.83,383.72,2641.63,54.6,2667.6,0,0,0,0,799.5,1401.43,0,26.3,26.3,false,true,undefined,false,true,false,false,undefined,true,false,true,true
41.051,undefined,0,0,0,0,0,0,0,0,0,0,0,0,0,0,0,0,0,0,0,0,0,0,0,6108.07,431.78,963.33,3020.55,0,1259.87,62.61,143.83,383.72,2641.63,54.6,2666.27,0,0,0,0,799.5,1401.43,0,26.3,26.3,false,true,undefined,false,true,false,false,undefined,true,false,true,true
41.173,undefined,0,0,0,0,0,0,0,0,0,0,0,0,0,0,0,0,0,0,0,0,0,0,0,6108.07,431.78,963.33,3020.55,0,1259.87,62.61,143.83,383.72,2636.4,54.6,2654.57,0,0,0,0,799.5,1401.43,0,26.3,26.3,false,true,undefined,false,true,false,false,undefined,true,false,true,true
41.281,undefined,0,0,0,0,0,0,0,0,0,0,0,0,0,0,0,0,0,0,0,0,0,0,0,9109.27,430.47,2036.81,3020.43,0,1256.61,62.58,143.3,383.59,2638.97,54.6,2654.57,0,0,0,0,799.5,1401.43,0,26.3,26.3,false,true,undefined,false,true,false,false,undefined,true,false,true,true
41.402,undefined,0,0,0,0,0,0,0,0,0,0,0,0,0,0,0,0,0,0,0,0,0,0,0,9109.27,430.47,2036.81,3020.43,0,1256.61,62.58,143.3,383.59,2638.97,54.6,2654.57,0,0,0,0,800.83,1401.43,0,26.3,26.3,false,true,undefined,false,true,false,false,undefined,true,false,true,true
41.529,undefined,0,0,0,0,0,0,0,0,0,0,0,0,0,0,0,0,0,0,0,0,0,0,0,9109.27,430.47,2036.81,3020.43,0,1256.61,62.58,143.3,383.59,2642.87,54.6,2650.67,0,0,0,0,802.07,1401.43,0,26.3,26.3,false,true,undefined,false,true,false,false,undefined,true,false,true,true
41.641,undefined,0,0,0,0,0,0,0,0,0,0,0,0,0,0,0,0,0,0,0,0,0,0,0,9109.27,430.47,2036.81,3020.43,0,1256.61,62.58,143.3,383.59,2645.53,54.6,2649.43,0,0,0,0,802.07,1401.43,0,26.3,26.3,false,true,undefined,false,true,false,false,undefined,true,false,true,true
41.75,undefined,0,0,0,0,0,0,0,0,0,0,0,0,0,0,0,0,0,0,0,0,0,0,0,10055.27,430.28,2036.81,3021.26,0,1260.1,62.63,142.97,383.33,2645.53,54.6,2652,0,0,0,0,802.07,1401.43,0,26.3,26.3,false,true,undefined,false,true,false,false,undefined,true,false,true,true
41.882,undefined,0,0,0,0,0,0,0,0,0,0,0,0,0,0,0,0,0,0,0,0,0,0,0,10055.27,430.28,2261.86,3021.26,0,1260.1,62.63,142.97,383.33,2640.3,54.6,2652,0,0,0,0,802.07,1401.43,0,26.3,26.3,false,true,undefined,false,true,false,false,undefined,true,false,true,true
42.005,undefined,0,0,0,0,0,0,0,0,0,0,0,0,0,0,0,0,0,0,0,0,0,0,0,10055.27,430.28,2261.86,3021.26,0,1260.1,62.63,142.97,383.33,2640.3,54.6,2653.33,0,0,0,0,802.07,1401.43,0,26.3,26.3,false,true,undefined,false,true,false,false,undefined,true,false,true,true
42.114,undefined,0,0,0,0,0,0,0,0,0,0,0,0,0,0,0,0,0,0,0,0,0,0,0,10055.27,430.28,2261.86,3021.26,0,1260.1,62.63,142.97,383.33,2638.97,54.6,2649.43,0,0,0,0,803.4,1401.43,0,26.3,26.3,false,true,undefined,false,true,false,false,undefined,true,false,true,true
42.226,undefined,0,0,0,0,0,0,0,0,0,0,0,0,0,0,0,0,0,0,0,0,0,0,0,10074.01,430.83,2294.64,3019.48,0,1261.39,62.62,142.46,383.24,2632.5,54.6,2646.77,0,0,0,0,802.07,1401.43,0,26.3,26.3,false,true,undefined,false,true,false,false,undefined,true,false,true,true
42.338,undefined,0,0,0,0,0,0,0,0,0,0,0,0,0,0,0,0,0,0,0,0,0,0,0,10074.01,430.83,2294.64,3019.48,0,1261.39,62.62,142.46,383.24,2644.2,54.6,2646.77,0,0,0,0,802.07,1401.43,0,26.3,26.3,false,true,undefined,false,true,false,false,undefined,true,false,true,true
42.471,undefined,0,0,0,0,0,0,0,0,0,0,0,0,0,0,0,0,0,0,0,0,0,0,0,10074.01,430.83,2294.64,3019.48,0,1261.39,62.62,142.46,383.24,2644.2,54.6,2654.57,0,0,0,0,800.83,1402.67,0,26.3,26.3,false,true,undefined,false,true,false,false,undefined,true,false,true,true
42.594,undefined,0,0,0,0,0,0,0,0,0,0,0,0,0,0,0,0,0,0,0,0,0,0,0,10074.01,430.83,2294.64,3019.48,0,1261.39,62.62,142.46,383.24,2652,54.6,2663.7,0,0,0,0,800.83,1402.67,0,26.3,26.3,false,true,undefined,false,true,false,false,undefined,true,false,true,true
42.716,undefined,0,0,0,0,0,0,0,0,0,0,0,0,0,0,0,0,0,0,0,0,0,0,0,10073.23,430.59,2299.05,3020.44,0,1258.21,62.69,143.27,382.69,2655.9,55.93,2665.03,0,0,0,0,800.83,1402.67,0,26.3,26.2,false,true,undefined,false,true,false,false,undefined,true,false,true,true
42.826,undefined,0,0,0,0,0,0,0,0,0,0,0,0,0,0,0,0,0,0,0,0,0,0,0,10073.23,430.59,2299.05,3020.44,0,1258.21,62.69,143.27,382.69,2649.43,55.93,2667.6,0,0,0,0,800.83,1401.43,0,26.3,26.2,false,true,undefined,false,true,false,false,undefined,true,false,true,true
42.955,undefined,0,0,0,0,0,0,0,0,0,0,0,0,0,0,0,0,0,0,0,0,0,0,0,10073.23,430.59,2299.05,3020.44,0,1258.21,62.69,143.27,382.69,2644.2,55.93,2667.6,0,0,0,0,800.83,1400.1,0,26.3,26.2,false,true,undefined,false,true,false,false,undefined,true,false,true,true
43.084,undefined,0,0,0,0,0,0,0,0,0,0,0,0,0,0,0,0,0,0,0,0,0,0,0,10073.23,430.59,2299.05,3020.44,0,1258.21,62.69,143.27,382.69,2650.67,55.93,2670.17,0,0,0,0,800.83,1400.1,0,26.3,26.2,false,true,undefined,false,true,false,false,undefined,true,false,true,true
43.2,undefined,0,0,0,0,0,0,0,0,0,0,0,0,0,0,0,0,0,0,0,0,0,0,0,8833.39,429.86,1836.54,3021.53,0,1255.9,62.68,144.28,383.03,2650.67,54.6,2668.93,0,0,0,0,799.5,1401.43,0,26.3,26.2,false,true,undefined,false,true,false,false,undefined,true,false,true,true
43.328,undefined,0,0,0,0,0,0,0,0,0,0,0,0,0,0,0,0,0,0,0,0,0,0,0,8833.39,429.86,1836.54,3021.53,0,1255.9,62.68,144.28,383.03,2652,54.6,2668.93,0,0,0,0,800.83,1401.43,0,26.3,26.2,false,true,undefined,false,true,false,false,undefined,true,false,true,true
43.46,undefined,0,0,0,0,0,0,0,0,0,0,0,0,0,0,0,0,0,0,0,0,0,0,0,8833.39,429.86,1836.54,3021.53,0,1255.9,62.68,144.28,383.03,2649.43,55.93,2670.17,0,0,0,0,800.83,1401.43,0,26.3,26.2,false,true,undefined,false,true,false,false,undefined,true,false,true,true
43.572,undefined,0,0,0,0,0,0,0,0,0,0,0,0,0,0,0,0,0,0,0,0,0,0,0,8833.39,429.86,1836.54,3021.53,0,1255.9,62.68,144.28,383.03,2648.1,55.93,2666.27,0,0,0,0,800.83,1401.43,0,26.3,26.2,false,true,undefined,false,true,false,false,undefined,true,false,true,true
43.696,undefined,0,0,0,0,0,0,0,0,0,0,0,0,0,0,0,0,0,0,0,0,0,0,0,6227.75,430.39,998.72,3022.19,0,1256.66,62.73,143.82,382.46,2652,55.93,2666.27,0,0,0,0,800.83,1401.43,0,26.3,26.2,false,true,undefined,false,true,false,false,undefined,true,false,true,true
43.828,undefined,0,0,0,0,0,0,0,0,0,0,0,0,0,0,0,0,0,0,0,0,0,0,0,6227.75,430.39,998.72,3022.19,0,1256.66,62.73,143.82,382.46,2655.9,55.93,2668.93,0,0,0,0,800.83,1401.43,0,26.3,26.2,false,true,undefined,false,true,false,false,undefined,true,false,true,true
43.925,undefined,0,0,0,0,0,0,0,0,0,0,0,0,0,0,0,0,0,0,0,0,0,0,0,6227.75,430.39,998.72,3022.19,0,1256.66,62.73,143.82,382.46,2655.9,54.6,2666.27,0,0,0,0,802.07,1401.43,0,26.3,26.2,false,true,undefined,false,true,false,false,undefined,true,false,true,true
44.049,undefined,0,0,0,0,0,0,0,0,0,0,0,0,0,0,0,0,0,0,0,0,0,0,0,6227.75,430.39,998.72,3022.19,0,1256.66,62.73,143.82,382.46,2655.9,54.6,2670.17,0,0,0,0,800.83,1401.43,0,26.3,26.2,false,true,undefined,false,true,false,false,undefined,true,false,true,true
44.18,undefined,0,0,0,0,0,0,0,0,0,0,0,0,0,0,0,0,0,0,0,0,0,0,0,5225.65,429.94,693.91,2828.07,0,1252,62.63,144.02,381.73,2655.9,54.6,2671.5,0,0,0,0,800.83,1401.43,0,26.3,26.2,false,true,undefined,false,true,false,false,undefined,true,false,true,true
44.302,undefined,0,0,0,0,0,0,0,0,0,0,0,0,0,0,0,0,0,0,0,0,0,0,0,5225.65,429.94,693.91,2828.07,0,1252,62.63,144.02,381.73,2654.57,54.6,2657.23,241.8,0,40.33,0,802.07,1401.43,0,26.3,26.2,false,true,undefined,false,true,false,false,undefined,true,false,true,true
44.434,undefined,0,0,0,0,0,0,0,0,0,0,0,0,0,0,0,0,0,0,0,0,0,0,0,5225.65,429.94,693.91,2828.07,0,1252,62.63,144.02,381.73,2975.7,89.7,2657.23,241.8,0,40.33,3.35,802.07,1401.43,0,26.3,26.2,false,true,undefined,false,true,false,false,undefined,true,false,true,true
44.55,undefined,0,0,0,0,0,0,0,0,0,0,0,0,0,0,0,0,0,0,0,0,0,0,0,5225.65,429.94,693.91,2828.07,0,1252,62.63,144.02,381.73,2975.7,152.1,2671.5,571.97,0,94.93,71.21,796.93,1401.43,0,26.3,26.2,false,true,undefined,false,true,false,false,undefined,true,false,true,true
44.671,undefined,0,0,0,0,0,0,0,0,0,0,0,0,0,0,0,0,0,0,0,0,0,0,0,4058.09,433.92,1303.1,0,0,1250.37,62.78,146.04,383.11,3300.73,191.1,3262.97,546,0,159.9,71.21,781.33,1401.43,0,26.3,26.2,false,true,undefined,false,true,false,false,undefined,true,false,true,true
44.787,undefined,0,0,0,0,0,0,0,0,0,0,0,0,0,0,0,0,0,0,0,0,0,0,0,4058.09,433.92,1303.1,0,0,1250.37,62.78,146.04,383.11,3733.63,172.93,3775.2,435.47,0,167.7,136.89,769.63,1401.43,0,26.3,26.2,false,true,undefined,false,true,false,false,undefined,true,false,true,true
44.901,undefined,0,0,0,0,0,0,0,0,0,0,0,0,0,0,0,0,0,0,0,0,0,0,0,4058.09,433.92,1303.1,0,0,1250.37,62.78,146.04,383.11,4089.77,172.93,4162.63,344.53,0,137.83,184.63,769.63,1375.37,0,26.3,26.2,false,true,undefined,false,true,false,false,undefined,true,false,true,true
45.011,undefined,0,0,0,0,0,0,0,0,0,0,0,0,0,0,0,0,0,0,0,0,0,0,0,4058.09,433.92,1303.1,0,0,1250.37,62.78,146.04,383.11,4354.97,146.87,4162.63,344.53,0,137.83,222.92,772.2,1374.13,0,26.3,26.2,false,true,undefined,false,true,false,false,undefined,true,false,true,true
45.132,undefined,0,0,0,0,0,0,0,0,0,0,0,0,0,0,0,0,0,0,0,0,0,0,0,3822.19,436.73,1193.52,0,0,1251.39,62.76,145.42,382.49,4354.97,127.37,4459.03,267.77,0,109.2,222.92,776.1,1375.37,0,26.3,26.2,false,true,undefined,false,true,false,false,undefined,true,false,true,true
45.242,undefined,0,0,0,0,0,0,0,0,0,0,0,0,0,0,0,0,0,0,0,0,0,0,0,3822.19,436.73,1193.52,0,0,1251.39,62.76,145.42,382.49,4572.13,111.77,4685.23,209.27,0,85.8,253.5,778.67,1375.37,0,26.3,26.2,false,true,undefined,false,true,false,false,undefined,true,false,true,true
45.343,undefined,0,0,0,0,0,0,0,0,0,0,0,0,0,0,0,0,0,0,0,0,0,0,0,3822.19,436.73,1193.52,0,0,1251.39,62.76,145.42,382.49,4751.53,111.77,4852.93,171.6,0,67.63,275.5,778.67,1375.37,0,26.3,26.2,false,true,undefined,false,true,false,false,undefined,true,false,true,true
45.473,undefined,0,0,0,0,0,0,0,0,0,0,0,0,0,0,0,0,0,0,0,0,0,0,0,3822.19,436.73,1193.52,0,0,1251.39,62.76,145.42,382.49,4863.3,100.07,4852.93,171.6,0,67.63,260.13,778.67,1376.7,0,26.3,26.2,false,true,undefined,false,true,false,false,undefined,true,false,true,true
45.579,undefined,0,0,0,0,0,0,0,0,0,0,0,0,0,0,0,0,0,0,0,0,0,0,0,4077.55,430.21,848.3,1278.53,0,1247.59,62.81,145.6,382.95,4863.3,136.5,4722.9,144.3,0,85.8,210.21,785.23,1376.7,0,26.3,26.2,false,true,undefined,false,true,false,false,undefined,true,false,true,true
45.686,undefined,0,0,0,0,0,0,0,0,0,0,0,0,0,0,0,0,0,0,0,0,0,0,0,4077.55,430.21,848.3,1278.53,0,1247.59,62.81,145.6,382.95,4674.77,169.03,4343.27,135.17,5.23,113.1,210.21,803.4,1376.7,0,26.3,26.2,false,true,undefined,false,true,false,false,undefined,true,false,true,true
45.808,undefined,0,0,0,0,0,0,0,0,0,0,0,0,0,0,0,0,0,0,0,0,0,0,0,4077.55,430.21,848.3,1278.53,0,1247.59,62.81,145.6,382.95,4499.27,169.03,3918.17,630.47,6.47,179.4,165.2,803.4,1376.7,0,26.3,26.2,false,true,undefined,false,true,false,false,undefined,true,false,true,true
45.933,undefined,0,0,0,0,0,0,0,0,0,0,0,0,0,0,0,0,0,0,0,0,0,0,0,4077.55,430.21,848.3,1278.53,0,1247.59,62.81,145.6,382.95,4464.17,215.83,3918.17,630.47,9.13,198.9,128.7,807.3,1376.7,0,26.3,26.2,false,true,undefined,false,true,false,false,undefined,true,false,true,true
46.066,undefined,0,0,0,0,0,0,0,0,0,0,0,0,0,0,0,0,0,0,0,0,0,0,0,4107.95,433.32,976.73,885.13,0,1244.72,62.65,145.54,382.89,4464.17,241.8,3646.5,812.53,9.13,198.9,100,804.73,1376.7,0,26.3,26.2,false,true,undefined,false,true,false,false,undefined,true,false,true,true
46.177,undefined,0,0,0,0,0,0,0,0,0,0,0,0,0,0,0,0,0,0,0,0,0,0,0,4107.95,433.32,976.73,885.13,0,1244.72,62.65,145.54,382.89,4386.17,227.53,3447.6,817.67,9.13,192.43,100,805.97,1376.7,0,26.3,26.2,false,true,undefined,false,true,false,false,undefined,true,false,true,true
46.28,undefined,0,0,0,0,0,0,0,0,0,0,0,0,0,0,0,0,0,0,0,0,0,0,0,4107.95,433.32,976.73,885.13,0,1244.72,62.65,145.54,382.89,4206.77,227.53,3283.8,805.97,6.47,159.9,77.84,805.97,1376.7,0,26.3,26.2,false,true,undefined,false,true,false,false,undefined,true,false,true,true
46.413,undefined,0,0,0,0,0,0,0,0,0,0,0,0,0,0,0,0,0,0,0,0,0,0,0,4107.95,433.32,976.73,885.13,0,1244.72,62.65,145.54,382.89,4053.43,180.73,3142.07,851.53,5.23,131.27,60.45,805.97,1376.7,0,26.3,26.2,false,true,undefined,false,true,false,false,undefined,true,false,true,true
46.545,undefined,0,0,0,0,0,0,0,0,0,0,0,0,0,0,0,0,0,0,0,0,0,0,0,3805.36,429.4,860.44,884.56,0,1249.05,62.6,145.18,382.85,3954.6,142.97,3142.07,851.53,5.23,109.2,47.03,804.73,1376.7,0,26.3,26.2,false,true,undefined,false,true,false,false,undefined,true,false,true,true
46.658,undefined,0,0,0,0,0,0,0,0,0,0,0,0,0,0,0,0,0,0,0,0,0,0,0,3805.36,429.4,860.44,884.56,0,1249.05,62.6,145.18,382.85,3915.6,113.1,3035.53,933.43,3.9,109.2,36.5,803.4,1376.7,0,26.3,26.2,false,true,undefined,false,true,false,false,undefined,true,false,true,true
46.77,undefined,0,0,0,0,0,0,0,0,0,0,0,0,0,0,0,0,0,0,0,0,0,0,0,3805.36,429.4,860.44,884.56,0,1249.05,62.6,145.18,382.85,3915.6,93.6,2948.4,1047.77,3.9,91.03,36.5,803.4,1381.93,0,26.3,26.2,false,true,undefined,false,true,false,false,undefined,true,false,true,true
46.885,undefined,0,0,0,0,0,0,0,0,0,0,0,0,0,0,0,0,0,0,0,0,0,0,0,3805.36,429.4,860.44,884.56,0,1249.05,62.6,145.18,382.85,3929.87,88.37,2878.2,1149.17,0,74.1,28.86,803.4,1405.33,0,26.3,26.2,false,true,undefined,false,true,false,false,undefined,true,false,true,true
46.996,undefined,0,0,0,0,0,0,0,0,0,0,0,0,0,0,0,0,0,0,0,0,0,0,0,3805.36,429.4,860.44,880.54,0,1267.2,62.66,145.18,383.18,3924.73,88.37,2845.67,938.57,0,93.6,22.39,803.4,1405.33,0,26.3,26.2,false,true,undefined,false,true,false,false,undefined,true,false,true,true
47.102,undefined,0,0,0,0,0,0,0,0,0,0,0,0,0,0,0,0,0,0,0,0,0,0,0,3681.14,424.29,875.18,880.54,0,1267.2,62.66,145.01,383.18,3924.73,123.47,2845.67,938.57,0,93.6,22.39,804.73,1407.9,0,26.3,26.2,false,true,undefined,false,true,false,false,undefined,true,false,true,true
47.214,undefined,0,0,0,0,0,0,0,0,0,0,0,0,0,0,0,0,0,0,0,0,0,0,0,3681.14,424.29,875.18,880.54,0,1267.2,62.66,145.01,383.18,3794.7,135.17,2840.53,734.53,5.23,93.6,17.39,805.97,1407.9,0,26.3,26.2,false,true,undefined,false,true,false,false,undefined,true,false,true,true
47.324,undefined,0,0,0,0,0,0,0,0,0,0,0,0,0,0,0,0,0,0,0,0,0,0,0,3681.14,424.29,875.18,880.54,0,1267.2,62.66,145.01,383.18,3591.9,126.13,2819.7,582.43,5.23,80.57,13.49,805.97,1410.47,0,26.3,26.2,false,true,undefined,false,true,false,false,undefined,true,false,true,true
47.446,undefined,0,0,0,0,0,0,0,0,0,0,0,0,0,0,0,0,0,0,0,0,0,0,0,3681.14,424.29,875.18,880.54,0,1267.2,62.66,145.01,383.18,3400.8,126.13,2819.7,582.43,3.9,64.97,10.53,805.97,1411.8,0,26.3,26.2,false,true,undefined,false,true,false,false,undefined,true,false,true,true
47.561,undefined,0,0,0,0,0,0,0,0,0,0,0,0,0,0,0,0,0,0,0,0,0,0,0,6162.53,417.7,1825.96,0,0,1282.14,62.75,145.79,383.76,3400.8,113.1,2794.97,452.4,3.9,64.97,10.53,807.3,1411.8,0,26.3,26.2,false,true,undefined,false,true,false,false,undefined,true,false,true,true
47.691,undefined,0,0,0,0,0,0,0,0,0,0,0,0,0,0,0,0,0,0,0,0,0,0,0,6162.53,417.7,1825.96,0,0,1282.14,62.75,145.79,383.76,3233.1,101.4,2775.47,352.33,2.57,52.03,8.19,807.3,1411.8,0,26.3,26.2,false,true,undefined,false,true,false,false,undefined,true,false,true,true
47.802,undefined,0,0,0,0,0,0,0,0,0,0,0,0,0,0,0,0,0,0,0,0,0,0,0,6162.53,417.7,1825.96,0,0,1282.14,62.75,145.79,383.76,3112.2,89.7,2750.83,274.33,0,40.33,6.4,805.97,1410.47,0,26.3,26.2,false,true,undefined,false,true,false,false,undefined,true,false,true,true
47.927,undefined,0,0,0,0,0,0,0,0,0,0,0,0,0,0,0,0,0,0,0,0,0,0,0,6162.53,417.7,1825.96,0,0,1282.14,62.75,145.79,383.76,3014.7,81.9,2736.47,213.17,0,31.2,4.91,807.3,1410.47,0,26.3,26.2,false,true,undefined,false,true,false,false,undefined,true,false,true,true
48.06,undefined,0,0,0,0,0,0,0,0,0,0,0,0,0,0,0,0,0,0,0,0,0,0,0,3873.39,417.7,842.56,825.97,0,1301.96,62.67,144.42,383.48,2930.23,81.9,2736.47,166.37,0,24.73,3.74,807.3,1411.8,0,26.3,26.2,false,true,undefined,false,true,false,false,undefined,true,false,true,true
48.185,undefined,0,0,0,0,0,0,0,0,0,0,0,0,0,0,0,0,0,0,0,0,0,0,0,3873.39,417.7,842.56,825.97,0,1301.96,62.67,144.42,383.48,2861.27,75.43,2724.77,128.7,0,19.5,2.96,807.3,1411.8,0,26.3,26.2,false,true,undefined,false,true,false,false,undefined,true,false,true,true
48.288,undefined,0,0,0,0,0,0,0,0,0,0,0,0,0,0,0,0,0,0,0,0,0,0,0,3873.39,417.7,842.56,825.97,0,1301.96,62.67,144.42,383.48,2861.27,70.2,2716.97,128.7,0,19.5,2.34,805.97,1411.8,0,26.3,26.2,false,true,undefined,false,true,false,false,undefined,true,false,true,true
48.393,undefined,0,0,0,0,0,0,0,0,0,0,0,0,0,0,0,0,0,0,0,0,0,0,0,3873.39,417.7,842.56,825.97,0,1301.96,62.67,144.42,383.48,2815.8,67.63,2714.4,100.07,0,14.27,2.34,804.73,1410.47,0,26.3,26.2,false,true,undefined,false,true,false,false,undefined,true,false,true,true
48.528,undefined,0,0,0,0,0,0,0,0,0,0,0,0,0,0,0,0,0,0,0,0,0,0,0,5407.19,420.04,1326.7,923.37,0,1308.26,62.7,146.29,382.71,2785.93,64.97,2711.83,78,0,11.7,1.79,804.73,1410.47,0,26.3,26.2,false,true,undefined,false,true,false,false,undefined,true,false,true,true
48.644,undefined,0,0,0,0,0,0,0,0,0,0,0,0,0,0,0,0,0,0,0,0,0,0,0,5407.19,420.04,1326.7,923.37,0,1308.26,62.7,146.29,382.71,2759.87,64.97,2711.83,61.07,0,9.13,1.4,804.73,1409.23,0,26.3,26.2,false,true,undefined,false,true,false,false,undefined,true,false,true,true
48.773,undefined,0,0,0,0,0,0,0,0,0,0,0,0,0,0,0,0,0,0,0,0,0,0,0,5407.19,420.04,1326.7,923.37,0,1308.26,62.7,146.29,382.71,2736.47,62.4,2698.8,61.07,0,9.13,0,804.73,1409.23,0,26.3,26.2,false,true,undefined,false,true,false,false,undefined,true,false,true,true
48.881,undefined,0,0,0,0,0,0,0,0,0,0,0,0,0,0,0,0,0,0,0,0,0,0,0,5407.19,420.04,1326.7,923.37,0,1308.26,62.7,146.29,382.71,2736.47,61.07,2691,48.13,0,6.47,0,805.97,1409.23,0,26.3,26.2,false,true,undefined,false,true,false,false,undefined,true,false,true,true
48.993,undefined,0,0,0,0,0,0,0,0,0,0,0,0,0,0,0,0,0,0,0,0,0,0,0,7035.95,420.74,1889.12,885.29,0,1315.17,62.67,144.64,383.6,2716.97,58.5,2683.2,37.67,0,5.23,0,805.97,1409.23,0,26.3,26.2,false,true,undefined,false,true,false,false,undefined,true,false,true,true
49.118,undefined,0,0,0,0,0,0,0,0,0,0,0,0,0,0,0,0,0,0,0,0,0,0,0,7035.95,420.74,1889.12,885.29,0,1315.17,62.67,144.64,383.6,2697.47,57.17,2674.07,28.63,0,3.9,0,804.73,1409.23,0,26.3,26.2,false,true,undefined,false,true,false,false,undefined,true,false,true,true
49.231,undefined,0,0,0,0,0,0,0,0,0,0,0,0,0,0,0,0,0,0,0,0,0,0,0,7035.95,420.74,1889.12,885.29,0,1315.17,62.67,144.64,383.6,2679.3,57.17,2674.07,28.63,0,3.9,0,804.73,1409.23,0,26.3,26.2,false,true,undefined,false,true,false,false,undefined,true,false,true,true
49.333,undefined,0,0,0,0,0,0,0,0,0,0,0,0,0,0,0,0,0,0,0,0,0,0,0,7035.95,420.74,1889.12,885.29,0,1315.17,62.67,144.64,383.6,2679.3,55.93,2677.97,22.07,0,3.9,0,805.97,1409.23,0,26.3,26.2,false,true,undefined,false,true,false,false,undefined,true,false,true,true
49.442,undefined,0,0,0,0,0,0,0,0,0,0,0,0,0,0,0,0,0,0,0,0,0,0,0,5406.18,420.39,1347.01,885.83,0,1326.22,62.62,145.01,384.06,2672.83,55.93,2679.3,18.17,0,0,0,805.97,1409.23,0,26.3,26.2,false,true,undefined,false,true,false,false,undefined,true,false,true,true
49.556,undefined,0,0,0,0,0,0,0,0,0,0,0,0,0,0,0,0,0,0,0,0,0,0,0,5406.18,420.39,1347.01,885.83,0,1326.22,62.62,145.01,384.06,2659.8,55.93,2680.63,14.27,0,0,0,805.97,1409.23,0,26.3,26.2,false,true,undefined,false,true,false,false,undefined,true,false,true,true
49.671,undefined,0,0,0,0,0,0,0,0,0,0,0,0,0,0,0,0,0,0,0,0,0,0,0,5406.18,420.39,1347.01,885.83,0,1326.22,62.62,145.01,384.06,2644.2,55.93,2680.63,14.27,0,0,0,805.97,1409.23,0,26.3,26.2,false,true,undefined,false,true,false,false,undefined,true,false,true,true
49.774,undefined,0,0,0,0,0,0,0,0,0,0,0,0,0,0,0,0,0,0,0,0,0,0,0,5406.18,420.39,1347.01,885.83,0,1326.22,62.62,145.01,384.06,2644.2,55.93,2681.87,0,0,0,0,804.73,1409.23,0,26.3,26.2,false,true,undefined,false,true,false,false,undefined,true,false,true,true
49.885,undefined,0,0,0,0,0,0,0,0,0,0,0,0,0,0,0,0,0,0,0,0,0,0,0,4392.65,421.23,1014,885.27,0,1323.87,62.62,144.49,384.06,2644.2,54.6,2679.3,0,0,0,0,804.73,1409.23,0,26.3,26.2,false,true,undefined,false,true,false,false,undefined,true,false,true,true
50.015,undefined,0,0,0,0,0,0,0,0,0,0,0,0,0,0,0,0,0,0,0,0,0,0,0,4392.65,421.23,1014,885.27,0,1323.87,62.63,144.49,384.15,2635.07,54.6,2679.3,0,0,0,0,803.4,1409.23,0,26.3,26.2,false,true,undefined,false,true,false,false,undefined,true,false,true,true
50.14,undefined,0,0,0,0,0,0,0,0,0,0,0,0,0,0,0,0,0,0,0,0,0,0,0,4392.65,421.23,1014,885.27,0,1323.87,62.63,144.49,384.15,2631.17,54.6,2679.3,0,0,0,0,803.4,1409.23,0,26.3,26.2,false,true,undefined,false,true,false,false,undefined,true,false,true,true
50.265,undefined,0,0,0,0,0,0,0,0,0,0,0,0,0,0,0,0,0,0,0,0,0,0,0,4392.65,421.23,1014,885.27,0,1323.87,62.63,144.49,384.15,2631.17,54.6,2680.63,0,0,0,0,803.4,1409.23,0,26.3,26.2,false,true,undefined,false,true,false,false,undefined,true,false,true,true
50.374,undefined,0,0,0,0,0,0,0,0,0,0,0,0,0,0,0,0,0,0,0,0,0,0,0,7159.52,420.3,1961.45,884.03,0,1324.87,62.59,145.7,383.18,2642.87,54.6,2677.97,0,0,0,0,803.4,1409.23,0,26.3,26.2,false,true,undefined,false,true,false,false,undefined,true,false,true,true
50.485,undefined,0,0,0,0,0,0,0,0,0,0,0,0,0,0,0,0,0,0,0,0,0,0,0,7159.52,420.3,1961.45,884.03,0,1324.87,62.59,145.7,383.18,2646.77,54.6,2680.63,0,0,0,0,803.4,1409.23,0,26.3,26.2,false,true,undefined,false,true,false,false,undefined,true,false,true,true
50.607,undefined,0,0,0,0,0,0,0,0,0,0,0,0,0,0,0,0,0,0,0,0,0,0,0,7159.52,420.3,1961.45,884.03,0,1324.87,62.59,145.7,383.18,2644.2,54.6,2683.2,0,0,0,0,803.4,1409.23,0,26.3,26.2,false,true,undefined,false,true,false,false,undefined,true,false,true,true
50.732,undefined,0,0,0,0,0,0,0,0,0,0,0,0,0,0,0,0,0,0,0,0,0,0,0,7159.52,420.3,1961.45,884.03,0,1324.87,62.59,145.7,383.18,2652,54.6,2683.2,0,0,0,0,803.4,1409.23,0,26.3,26.2,false,true,undefined,false,true,false,false,undefined,true,false,true,true
50.856,undefined,0,0,0,0,0,0,0,0,0,0,0,0,0,0,0,0,0,0,0,0,0,0,0,5931.3,424.03,1961.45,884.59,0,1318.64,62.62,78.24,383.27,2652,54.6,2680.63,0,0,0,0,803.4,1409.23,0,26.3,26.2,false,true,undefined,false,true,false,false,undefined,true,false,true,true
50.987,undefined,0,0,0,0,0,0,0,0,0,0,0,0,0,0,0,0,0,0,0,0,0,0,0,5931.3,424.03,1511.24,884.59,0,1318.64,62.62,78.24,383.27,2654.57,54.6,2677.97,0,0,0,0,802.07,1409.23,0,26.3,26.2,false,true,undefined,false,true,false,false,undefined,true,false,true,true
51.096,undefined,0,0,0,0,0,0,0,0,0,0,0,0,0,0,0,0,0,0,0,0,0,0,0,5931.3,424.03,1511.24,884.59,0,1318.64,62.62,78.24,383.27,2650.67,55.93,2675.4,0,0,0,0,800.83,1409.23,0,26.3,26.2,false,true,undefined,false,true,false,false,undefined,true,false,true,true
51.225,undefined,0,0,0,0,0,0,0,0,0,0,0,0,0,0,0,0,0,0,0,0,0,0,0,5931.3,424.03,1511.24,884.59,0,1318.64,62.62,78.24,383.27,2650.67,54.6,2676.73,0,0,0,0,800.83,1409.23,0,26.3,26.2,false,true,undefined,false,true,false,false,undefined,true,false,true,true
51.346,undefined,0,0,0,0,0,0,0,0,0,0,0,0,0,0,0,0,0,0,0,0,0,0,0,3920.47,424.37,953.99,884.33,0,1295.35,62.76,0,383.73,2645.53,54.6,2676.73,0,0,0,0,800.83,1409.23,0,26.3,26.2,false,true,undefined,false,false,false,false,undefined,true,false,true,true
51.48,undefined,0,0,0,0,0,0,0,0,0,0,0,0,0,0,0,0,0,0,0,0,0,0,0,3920.47,424.37,953.99,884.33,0,1295.35,62.76,0,383.73,2642.87,54.6,2677.97,0,0,0,0,800.83,1409.23,0,26.3,26.2,false,true,undefined,false,false,false,false,undefined,true,false,true,true
51.562,undefined,0,0,0,0,0,0,0,0,0,0,0,0,0,0,0,0,0,0,0,0,0,0,0,3920.47,424.37,953.99,884.33,0,1295.35,62.76,0,383.73,2642.87,54.6,2679.3,0,0,0,0,800.83,1406.57,0,26.3,26.2,false,true,undefined,false,false,false,false,undefined,true,false,true,true
51.676,undefined,0,0,0,0,0,0,0,0,0,0,0,0,0,0,0,0,0,0,0,0,0,0,0,3920.47,424.37,953.99,884.33,0,1295.35,62.76,0,383.73,2648.1,54.6,2671.5,0,0,0,0,800.83,1406.57,0,26.3,26.2,false,true,undefined,false,false,false,false,undefined,true,false,true,true
51.79,undefined,0,0,0,0,0,0,0,0,0,0,0,0,0,0,0,0,0,0,0,0,0,0,0,3920.47,424.37,1994.08,884.33,0,1295.35,62.76,0,383.73,2646.77,54.6,2671.5,0,0,0,0,800.83,1405.33,0,26.3,26.2,false,true,undefined,false,false,false,false,undefined,true,false,true,true
51.924,undefined,0,0,0,0,0,0,0,0,0,0,0,0,0,0,0,0,0,0,0,0,0,0,0,7049.06,424.52,1994.08,884.12,0,1279.89,62.58,0,383.79,2646.77,54.6,2676.73,0,0,0,0,802.07,1405.33,0,26.3,26.2,false,true,undefined,false,false,false,false,undefined,true,false,true,true
52.025,undefined,0,0,0,0,0,0,0,0,0,0,0,0,0,0,0,0,0,0,0,0,0,0,0,7049.06,424.52,1994.08,884.12,0,1279.89,62.58,0,383.79,2646.77,54.6,2681.87,0,0,0,0,803.4,1406.57,0,26.3,26.2,false,true,undefined,false,false,false,false,undefined,true,false,true,true
52.143,undefined,0,0,0,0,0,0,0,0,0,0,0,0,0,0,0,0,0,0,0,0,0,0,0,7049.06,424.52,1994.08,884.12,0,1279.89,62.58,0,383.79,2650.67,54.6,2680.63,0,0,0,0,802.07,1405.33,0,26.3,26.2,false,true,undefined,false,false,false,false,undefined,true,false,true,true
52.278,undefined,0,0,0,0,0,0,0,0,0,0,0,0,0,0,0,0,0,0,0,0,0,0,0,7049.06,424.52,1994.08,884.12,0,1279.89,62.61,0,383.79,2648.1,54.6,2683.2,0,0,0,0,803.4,1405.33,0,26.3,26.2,false,true,undefined,false,false,false,false,undefined,true,false,true,true
52.407,undefined,0,0,0,0,0,0,0,0,0,0,0,0,0,0,0,0,0,0,0,0,0,0,0,5731.7,424.44,1528.64,884.54,0,1269.09,62.61,0,384.75,2649.43,54.6,2681.87,0,0,0,0,803.4,1405.33,0,26.3,26.2,false,true,undefined,false,false,false,false,undefined,true,false,true,true
52.533,undefined,0,0,0,0,0,0,0,0,0,0,0,0,0,0,0,0,0,0,0,0,0,0,0,5731.7,424.44,1528.64,884.54,0,1269.09,62.61,0,384.75,2653.33,54.6,2681.87,0,0,0,0,803.4,1405.33,0,26.3,26.2,false,true,undefined,false,false,false,false,undefined,true,false,true,true
52.647,undefined,0,0,0,0,0,0,0,0,0,0,0,0,0,0,0,0,0,0,0,0,0,0,0,5731.7,424.44,1528.64,884.54,0,1269.09,62.61,0,384.75,2653.33,54.6,2689.67,0,0,0,0,802.07,1405.33,0,26.3,26.2,false,true,undefined,false,false,false,false,undefined,true,false,true,true
52.757,undefined,0,0,0,0,0,0,0,0,0,0,0,0,0,0,0,0,0,0,0,0,0,0,0,5731.7,424.86,923.86,884.18,0,1261.31,62.62,0,384.48,2652,54.6,2691,0,0,0,0,803.4,1405.33,0,26.3,26.2,false,true,undefined,false,false,false,false,undefined,true,false,true,true
52.883,undefined,0,0,0,0,0,0,0,0,0,0,0,0,0,0,0,0,0,0,0,0,0,0,0,3882.81,424.86,923.86,884.18,0,1261.31,62.62,0,384.48,2657.23,54.6,2685.77,0,0,0,0,803.4,1405.33,0,26.3,26.2,false,true,undefined,false,false,false,false,undefined,true,false,true,true
52.991,undefined,0,0,0,0,0,0,0,0,0,0,0,0,0,0,0,0,0,0,0,0,0,0,0,3882.81,424.86,923.86,884.18,0,1261.31,62.62,0,384.48,2657.23,54.6,2685.77,0,0,0,0,803.4,1405.33,0,26.3,26.2,false,true,undefined,false,false,false,false,undefined,true,false,true,true
53.105,undefined,0,0,0,0,0,0,0,0,0,0,0,0,0,0,0,0,0,0,0,0,0,0,0,3882.81,424.86,923.86,884.18,0,1261.31,62.62,0,384.48,2657.23,54.6,2683.2,0,0,0,0,802.07,1405.33,0,26.3,26.2,false,true,undefined,false,false,false,false,undefined,true,false,true,true
53.233,undefined,0,0,0,0,0,0,0,0,0,0,0,0,0,0,0,0,0,0,0,0,0,0,0,7224.46,424.86,923.86,884.71,0,1259.53,62.62,0,382.99,2652,54.6,2679.3,0,0,0,0,802.07,1405.33,0,26.3,26.2,false,true,undefined,false,false,false,false,undefined,true,false,true,true
53.354,undefined,0,0,0,0,0,0,0,0,0,0,0,0,0,0,0,0,0,0,0,0,0,0,0,7224.46,425.04,2081.33,884.71,0,1259.53,62.61,0,382.99,2644.2,55.93,2666.27,0,0,0,0,802.07,1405.33,0,26.3,26.2,false,true,undefined,false,false,false,false,undefined,true,false,true,true
53.469,undefined,0,0,0,0,0,0,0,0,0,0,0,0,0,0,0,0,0,0,0,0,0,0,0,7224.46,425.04,2081.33,884.71,0,1259.53,62.61,0,382.99,2645.53,54.6,2655.9,0,0,0,0,802.07,1405.33,0,26.3,26.2,false,true,undefined,false,false,false,false,undefined,true,false,true,true
53.593,undefined,0,0,0,0,0,0,0,0,0,0,0,0,0,0,0,0,0,0,0,0,0,0,0,7224.46,425.04,2081.33,884.71,0,1259.53,62.61,0,382.99,2652,54.6,2655.9,0,0,0,0,802.07,1405.33,0,26.3,26.2,false,true,undefined,false,false,false,false,undefined,true,false,true,true
53.728,undefined,0,0,0,0,0,0,0,0,0,0,0,0,0,0,0,0,0,0,0,0,0,0,0,5393.79,424.73,1429.74,884.66,0,1258.19,62.61,0,382.99,2655.9,54.6,2652,0,0,0,0,802.07,1405.33,0,26.3,26.2,false,true,undefined,false,false,false,false,undefined,true,false,true,true
53.84,undefined,0,0,0,0,0,0,0,0,0,0,0,0,0,0,0,0,0,0,0,0,0,0,0,5393.79,424.73,1429.74,884.66,0,1258.19,62.76,0,382.26,2655.9,54.6,2652,0,0,0,0,803.4,1405.33,0,26.3,26.2,false,true,undefined,false,false,false,false,undefined,true,false,true,true
53.943,undefined,0,0,0,0,0,0,0,0,0,0,0,0,0,0,0,0,0,0,0,0,0,0,0,5393.79,424.73,1429.74,884.66,0,1258.19,62.76,0,382.26,2654.57,54.6,2652,0,0,0,0,803.4,1405.33,0,26.3,26.2,false,true,undefined,false,false,false,false,undefined,true,false,true,true
54.062,undefined,0,0,0,0,0,0,0,0,0,0,0,0,0,0,0,0,0,0,0,0,0,0,0,5393.79,424.73,1429.74,884.66,0,1258.19,62.76,0,382.26,2652,54.6,2649.43,0,0,0,0,802.07,1405.33,0,26.3,26.2,false,true,undefined,false,false,false,false,undefined,true,false,true,true
54.186,undefined,0,0,0,0,0,0,0,0,0,0,0,0,0,0,0,0,0,0,0,0,0,0,0,4369.84,424.73,1429.74,884.66,0,1258.19,62.76,0,383.03,2644.2,54.6,2649.43,0,0,0,0,802.07,1405.33,0,26.3,26.2,false,true,undefined,false,false,false,false,undefined,true,false,true,true
54.293,undefined,0,0,0,0,0,0,0,0,0,0,0,0,0,0,0,0,0,0,0,0,0,0,0,4369.84,424.88,1117.04,885.09,0,1262.48,62.68,0,383.03,2644.2,54.6,2645.53,0,0,0,0,802.07,1405.33,0,26.3,26.2,false,true,undefined,false,false,false,false,undefined,true,false,true,true
54.397,undefined,0,0,0,0,0,0,0,0,0,0,0,0,0,0,0,0,0,0,0,0,0,0,0,4369.84,424.88,1117.04,885.09,0,1262.48,62.68,0,383.03,2633.83,54.6,2638.97,0,0,0,0,803.4,1405.33,0,26.3,26.2,false,true,undefined,false,false,false,false,undefined,true,false,true,true
54.509,undefined,0,0,0,0,0,0,0,0,0,0,0,0,0,0,0,0,0,0,0,0,0,0,0,4369.84,424.88,1117.04,885.09,0,1262.48,62.68,0,383.03,2635.07,54.6,2638.97,0,0,0,0,803.4,1405.33,0,26.3,26.2,false,true,undefined,false,false,false,false,undefined,true,false,true,true
54.635,undefined,0,0,0,0,0,0,0,0,0,0,0,0,0,0,0,0,0,0,0,0,0,0,0,4369.84,424.88,1117.04,885.09,0,1262.48,62.68,0,383.03,2640.3,54.6,2638.97,0,0,0,0,804.73,1405.33,0,26.3,26.2,false,true,undefined,false,false,false,false,undefined,true,false,true,true
54.767,undefined,0,0,0,0,0,0,0,0,0,0,0,0,0,0,0,0,0,0,0,0,0,0,0,7529.8,424.36,2134.46,884.3,0,1261.21,62.68,0,383.4,2640.3,54.6,2638.97,0,0,0,0,802.07,1405.33,0,26.3,26.2,false,true,undefined,false,false,false,false,undefined,true,false,true,true
54.886,undefined,0,0,0,0,0,0,0,0,0,0,0,0,0,0,0,0,0,0,0,0,0,0,0,7529.8,424.36,2134.46,884.3,0,1261.21,62.68,0,383.4,2640.3,54.6,2644.2,0,0,0,0,802.07,1405.33,0,26.3,26.2,false,true,undefined,false,false,false,false,undefined,true,false,true,true
55.016,undefined,0,0,0,0,0,0,0,0,0,0,0,0,0,0,0,0,0,0,0,0,0,0,0,7529.8,424.36,2134.46,884.3,0,1261.21,62.68,0,383.4,2649.43,54.6,2654.57,0,0,0,0,800.83,1405.33,0,26.3,26.2,false,true,undefined,false,false,false,false,undefined,true,false,true,true
55.142,undefined,0,0,0,0,0,0,0,0,0,0,0,0,0,0,0,0,0,0,0,0,0,0,0,7529.8,424.36,2134.46,884.3,0,1261.21,62.68,0,383.4,2653.33,54.6,2658.47,0,0,0,0,802.07,1409.23,0,26.3,26.2,false,true,undefined,false,false,false,false,undefined,true,false,true,true
55.275,undefined,0,0,0,0,0,0,0,0,0,0,0,0,0,0,0,0,0,0,0,0,0,0,0,4531.13,424.97,1106.55,885.42,0,1261.65,62.84,0,384.36,2653.33,54.6,2657.23,0,0,0,0,802.07,1410.47,0,26.3,26.2,false,true,undefined,false,false,false,false,undefined,true,false,true,true
55.406,undefined,0,0,0,0,0,0,0,0,0,0,0,0,0,0,0,0,0,0,0,0,0,0,0,4531.13,424.97,1106.55,885.42,0,1261.65,62.84,0,384.36,2653.33,54.6,2661.13,0,0,0,0,802.07,1410.47,0,26.3,26.2,false,true,undefined,false,false,false,false,undefined,true,false,true,true
55.522,undefined,0,0,0,0,0,0,0,0,0,0,0,0,0,0,0,0,0,0,0,0,0,0,0,4531.13,424.97,1106.55,885.42,0,1261.65,62.84,0,384.36,2652,54.6,2661.13,0,0,0,0,802.07,1409.23,0,26.3,26.2,false,true,undefined,false,false,false,false,undefined,true,false,true,true
55.629,undefined,0,0,0,0,0,0,0,0,0,0,0,0,0,0,0,0,0,0,0,0,0,0,0,4531.13,424.97,1423.91,885.07,0,1257.65,62.84,0,384.36,2652,54.6,2662.37,0,0,0,0,802.07,1409.23,0,26.3,26.2,false,true,undefined,false,false,false,false,undefined,true,false,true,true
55.756,undefined,0,0,0,0,0,0,0,0,0,0,0,0,0,0,0,0,0,0,0,0,0,0,0,5445.45,424.83,1423.91,885.07,0,1257.65,62.75,0,383.51,2655.9,54.6,2662.37,0,0,0,0,803.4,1409.23,0,26.3,26.2,false,true,undefined,false,false,false,false,undefined,true,false,true,true
55.884,undefined,0,0,0,0,0,0,0,0,0,0,0,0,0,0,0,0,0,0,0,0,0,0,0,5445.45,424.83,1423.91,885.07,0,1257.65,62.75,0,383.51,2657.23,54.6,2657.23,0,0,0,0,804.73,1409.23,0,26.3,26.2,false,true,undefined,false,false,false,false,undefined,true,false,true,true
56.017,undefined,0,0,0,0,0,0,0,0,0,0,0,0,0,0,0,0,0,0,0,0,0,0,0,5445.45,424.83,1423.91,885.07,0,1257.65,62.75,0,383.51,2649.43,54.6,2658.47,0,0,0,0,804.73,1407.9,0,26.3,26.2,false,true,undefined,false,false,false,false,undefined,true,false,true,true
56.126,undefined,0,0,0,0,0,0,0,0,0,0,0,0,0,0,0,0,0,0,0,0,0,0,0,7265.39,424.83,2019.48,885,0,1257.65,62.75,0,383.14,2650.67,54.6,2658.47,0,0,0,0,804.73,1407.9,0,26.3,26.2,false,true,undefined,false,false,false,false,undefined,true,false,true,true
56.234,undefined,0,0,0,0,0,0,0,0,0,0,0,0,0,0,0,0,0,0,0,0,0,0,0,7265.39,423.88,2019.48,885,0,1255.1,62.66,0,383.14,2650.67,54.6,2657.23,0,0,0,0,803.4,1407.9,0,26.3,26.2,false,true,undefined,false,false,false,false,undefined,true,false,true,true
56.345,undefined,0,0,0,0,0,0,0,0,0,0,0,0,0,0,0,0,0,0,0,0,0,0,0,7265.39,423.88,2019.48,885,0,1255.1,62.66,0,383.14,2655.9,54.6,2652,0,0,0,0,802.07,1407.9,0,26.3,26.2,false,true,undefined,false,false,false,false,undefined,true,false,true,true
56.458,undefined,0,0,0,0,0,0,0,0,0,0,0,0,0,0,0,0,0,0,0,0,0,0,0,7265.39,423.88,2019.48,885,0,1255.1,62.66,0,383.14,2658.47,54.6,2649.43,0,0,0,0,802.07,1407.9,0,26.3,26.2,false,true,undefined,false,false,false,false,undefined,true,false,true,true
56.578,undefined,0,0,0,0,0,0,0,0,0,0,0,0,0,0,0,0,0,0,0,0,0,0,0,7265.39,423.88,2019.48,885,0,1255.1,62.66,0,383.14,2654.57,54.6,2649.43,0,0,0,0,802.07,1407.9,0,26.3,26.2,false,true,undefined,false,false,false,false,undefined,true,false,true,true
56.688,undefined,0,0,0,0,0,0,0,0,0,0,0,0,0,0,0,0,0,0,0,0,0,0,0,3452.15,423.94,939.69,290.9,0,1257.02,62.73,0,383.75,2654.57,54.6,2653.33,0,0,0,0,802.07,1407.9,0,26.3,26.2,false,true,undefined,false,false,false,false,undefined,true,false,true,true
56.795,undefined,0,0,0,0,0,0,0,0,0,0,0,0,0,0,0,0,0,0,0,0,0,0,0,3452.15,423.94,939.69,290.9,0,1257.02,62.73,0,383.75,2763.77,105.3,3156.43,0,0,59.83,56.71,791.7,1407.9,0,26.3,26.2,false,true,undefined,false,false,false,false,undefined,true,false,true,true
56.917,undefined,0,0,0,0,0,0,0,0,0,0,0,0,0,0,0,0,0,0,0,0,0,0,0,3452.15,423.94,939.69,290.9,0,1257.02,62.73,0,383.75,3225.3,105.3,3689.4,0,0,81.9,125.03,791.7,1407.9,0,26.3,26.2,false,true,undefined,false,false,false,false,undefined,true,false,true,true
57.047,undefined,0,0,0,0,0,0,0,0,0,0,0,0,0,0,0,0,0,0,0,0,0,0,0,3452.15,423.94,939.69,290.9,0,1257.02,62.73,0,383.75,3655.63,119.57,4079.4,0,0,74.1,179.24,773.53,1407.9,0,26.3,26.2,false,true,undefined,false,false,false,false,undefined,true,false,true,true
57.18,undefined,0,0,0,0,0,0,0,0,0,0,0,0,0,0,0,0,0,0,0,0,0,0,0,4226.31,429.58,1322.98,0,0,1251.27,62.72,0,382.67,4011.77,109.2,4079.4,0,0,59.83,218.56,772.2,1407.9,0,26.3,26.2,false,true,undefined,false,false,false,false,undefined,true,false,true,true
57.288,undefined,0,0,0,0,0,0,0,0,0,0,0,0,0,0,0,0,0,0,0,0,0,0,0,4226.31,429.58,1322.98,0,0,1251.27,62.72,0,382.67,4011.77,96.17,4366.67,0,0,59.83,218.56,774.77,1407.9,0,26.3,26.2,false,true,undefined,false,false,false,false,undefined,true,false,true,true
57.417,undefined,0,0,0,0,0,0,0,0,0,0,0,0,0,0,0,0,0,0,0,0,0,0,0,4226.31,429.58,1322.98,0,0,1251.27,62.72,0,382.67,4292.57,87.13,4605.9,0,0,46.8,248.04,777.43,1407.9,0,26.3,26.2,false,true,undefined,false,false,false,false,undefined,true,false,true,true
57.536,undefined,0,0,0,0,0,0,0,0,0,0,0,0,0,0,0,0,0,0,0,0,0,0,0,4226.31,429.58,1322.98,0,0,1251.27,62.72,0,382.67,4522.67,79.33,4787.87,0,0,36.43,271.44,778.67,1407.9,0,26.3,26.2,false,true,undefined,false,false,false,false,undefined,true,false,true,true
57.642,undefined,0,0,0,0,0,0,0,0,0,0,0,0,0,0,0,0,0,0,0,0,0,0,0,2756.18,428.98,692.91,631.17,0,1249.78,62.65,0,381.87,4686.47,79.33,4807.37,0,0,42.9,269.72,778.67,1409.23,0,26.3,26.2,false,true,undefined,false,false,false,false,undefined,true,false,true,true
57.756,undefined,0,0,0,0,0,0,0,0,0,0,0,0,0,0,0,0,0,0,0,0,0,0,0,2756.18,428.98,692.91,631.17,0,1249.78,62.65,0,381.87,4686.47,91.03,4807.37,0,0,42.9,269.72,782.57,1378.03,0,26.3,26.2,false,true,undefined,false,false,false,false,undefined,true,false,true,true
57.867,undefined,0,0,0,0,0,0,0,0,0,0,0,0,0,0,0,0,0,0,0,0,0,0,0,2756.18,428.98,692.91,631.17,0,1249.78,62.65,0,381.87,4659.17,144.3,4466.83,0,0,80.57,224.25,798.17,1385.83,0,26.3,26.2,false,true,undefined,false,false,false,false,undefined,true,false,true,true
57.989,undefined,0,0,0,0,0,0,0,0,0,0,0,0,0,0,0,0,0,0,0,0,0,0,0,2756.18,428.98,692.91,631.17,0,1249.78,62.65,0,381.87,4408.33,181.97,4049.53,266.53,0,137.83,177.84,809.87,1397.53,0,26.3,26.2,false,true,undefined,false,false,false,false,undefined,true,false,true,true
58.081,undefined,0,0,0,0,0,0,0,0,0,0,0,0,0,0,0,0,0,0,0,0,0,0,0,4286.85,429.69,930.23,1155.31,0,1249.19,62.65,0,382.91,4330.33,181.97,4049.53,266.53,5.23,175.5,139.23,809.87,1397.53,0,26.3,26.2,false,true,undefined,false,false,false,false,undefined,true,false,true,true
58.2,undefined,0,0,0,0,0,0,0,0,0,0,0,0,0,0,0,0,0,0,0,0,0,0,0,4286.85,429.69,930.23,1155.31,0,1249.19,62.65,0,382.91,4330.33,210.6,3686.83,781.33,5.23,175.5,139.23,805.97,1398.77,0,26.3,26.2,false,true,undefined,false,false,false,false,undefined,true,false,true,true
58.323,undefined,0,0,0,0,0,0,0,0,0,0,0,0,0,0,0,0,0,0,0,0,0,0,0,4286.85,429.69,930.23,1155.31,0,1249.19,62.65,0,382.91,4403.1,208.03,3438.47,1058.23,6.47,180.73,108.26,803.4,1398.77,0,26.3,26.2,false,true,undefined,false,false,false,false,undefined,true,false,true,true
58.444,undefined,0,0,0,0,0,0,0,0,0,0,0,0,0,0,0,0,0,0,0,0,0,0,0,4286.85,429.69,930.23,1155.31,0,1249.19,62.65,0,382.91,4434.3,193.67,3282.47,1202.53,5.23,163.8,84.08,804.73,1398.77,0,26.3,26.2,false,true,undefined,false,false,false,false,undefined,true,false,true,true
58.558,undefined,0,0,0,0,0,0,0,0,0,0,0,0,0,0,0,0,0,0,0,0,0,0,0,3580.13,431.74,798.47,885.6,0,1244.86,62.57,0,383.42,4412.23,169.03,3160.33,1294.8,3.9,133.93,65.36,805.97,1398.77,0,26.3,26.2,false,true,undefined,false,false,false,false,undefined,true,false,true,true
58.683,undefined,0,0,0,0,0,0,0,0,0,0,0,0,0,0,0,0,0,0,0,0,0,0,0,3580.13,431.74,798.47,885.6,0,1244.86,62.57,0,383.42,4370.57,169.03,3160.33,1294.8,3.9,103.97,50.86,805.97,1398.77,0,26.3,26.2,false,true,undefined,false,false,false,false,undefined,true,false,true,true
58.797,undefined,0,0,0,0,0,0,0,0,0,0,0,0,0,0,0,0,0,0,0,0,0,0,0,3580.13,431.74,798.47,885.6,0,1244.86,62.57,0,383.42,4370.57,142.97,3055.03,1383.17,3.9,103.97,39.55,804.73,1398.77,0,26.3,26.2,false,true,undefined,false,false,false,false,undefined,true,false,true,true
58.932,undefined,0,0,0,0,0,0,0,0,0,0,0,0,0,0,0,0,0,0,0,0,0,0,0,3580.13,431.74,798.47,885.6,0,1244.86,62.57,0,383.42,4323.77,126.13,2965.33,1336.37,2.57,97.5,39.55,805.97,1398.77,0,26.3,26.2,false,true,undefined,false,false,false,false,undefined,true,false,true,true
59.054,undefined,0,0,0,0,0,0,0,0,0,0,0,0,0,0,0,0,0,0,0,0,0,0,0,4680.79,424.16,1238.24,814.25,0,1244.3,62.52,0,382.96,4192.5,133.93,2915.87,1059.47,5.23,97.5,31.2,805.97,1398.77,0,26.3,26.2,false,true,undefined,false,false,false,false,undefined,true,false,true,true
59.165,undefined,0,0,0,0,0,0,0,0,0,0,0,0,0,0,0,0,0,0,0,0,0,0,0,4680.79,424.16,1238.24,814.25,0,1244.3,62.52,0,382.96,3963.73,133.93,2882.1,833.27,5.23,87.13,24.18,805.97,1398.77,0,26.3,26.2,false,true,undefined,false,false,false,false,undefined,true,false,true,true
59.293,undefined,0,0,0,0,0,0,0,0,0,0,0,0,0,0,0,0,0,0,0,0,0,0,0,4680.79,424.16,1238.24,814.25,0,1244.3,62.52,0,382.96,3714.13,131.27,2882.1,833.27,5.23,87.13,18.88,805.97,1398.77,0,26.3,26.2,false,true,undefined,false,false,false,false,undefined,true,false,true,true
59.414,undefined,0,0,0,0,0,0,0,0,0,0,0,0,0,0,0,0,0,0,0,0,0,0,0,4680.79,424.16,1238.24,814.25,0,1244.3,62.52,0,382.96,3714.13,118.33,2843.1,653.87,3.9,71.53,14.66,805.97,1398.77,0,26.3,26.2,false,true,undefined,false,false,false,false,undefined,true,false,true,true
59.545,undefined,0,0,0,0,0,0,0,0,0,0,0,0,0,0,0,0,0,0,0,0,0,0,0,4378.79,415.76,1359.42,0,0,1264.78,62.64,0,384.82,3486.6,106.63,2796.3,512.23,3.9,57.17,14.66,804.73,1398.77,0,26.3,26.2,false,true,undefined,false,false,false,false,undefined,true,false,true,true
59.676,undefined,0,0,0,0,0,0,0,0,0,0,0,0,0,0,0,0,0,0,0,0,0,0,0,4378.79,415.76,1359.42,0,0,1264.78,62.64,0,384.82,3298.07,94.93,2765.1,400.37,2.57,44.23,11.31,804.73,1400.1,0,26.3,26.2,false,true,undefined,false,false,false,false,undefined,true,false,true,true
59.8,undefined,0,0,0,0,0,0,0,0,0,0,0,0,0,0,0,0,0,0,0,0,0,0,0,4378.79,415.76,1359.42,0,0,1264.78,62.64,0,384.82,3151.2,84.47,2744.27,312,0,33.77,8.81,804.73,1411.8,0,26.3,26.2,false,true,undefined,false,false,false,false,undefined,true,false,true,true
59.919,undefined,0,0,0,0,0,0,0,0,0,0,0,0,0,0,0,0,0,0,0,0,0,0,0,3895.27,415.76,1359.42,0,0,1264.78,62.64,0,384.82,3043.33,78,2732.57,243.13,0,27.3,6.86,803.4,1411.8,0,26.3,26.2,false,true,undefined,false,false,false,false,undefined,true,false,true,true
60.048,undefined,0,0,0,0,0,0,0,0,0,0,0,0,0,0,0,0,0,0,0,0,0,0,0,3895.27,417.38,901.01,1023.35,0,1280.18,62.47,0,383.96,2966.57,78,2732.57,191.1,0,20.83,5.3,803.4,1411.8,0,26.3,26.2,false,true,undefined,false,false,false,false,undefined,true,false,true,true
60.171,undefined,0,0,0,0,0,0,0,0,0,0,0,0,0,0,0,0,0,0,0,0,0,0,0,3895.27,417.38,901.01,1023.35,0,1280.18,62.47,0,383.96,2891.23,71.53,2720.87,191.1,0,20.83,4.13,803.4,1411.8,0,26.3,26.2,false,true,undefined,false,false,false,false,undefined,true,false,true,true
60.297,undefined,0,0,0,0,0,0,0,0,0,0,0,0,0,0,0,0,0,0,0,0,0,0,0,3895.27,417.38,901.01,1023.35,0,1280.18,62.47,0,383.96,2891.23,68.87,2710.5,149.53,0,15.6,4.13,803.4,1410.47,0,26.3,26.2,false,true,undefined,false,false,false,false,undefined,true,false,true,true
60.419,undefined,0,0,0,0,0,0,0,0,0,0,0,0,0,0,0,0,0,0,0,0,0,0,0,3895.27,417.38,1416.87,1023.35,0,1280.18,62.47,0,383.96,2840.53,64.97,2704.03,115.67,0,13.03,3.28,803.4,1410.47,0,26.3,26.2,false,true,undefined,false,false,false,false,undefined,true,false,true,true
60.525,undefined,0,0,0,0,0,0,0,0,0,0,0,0,0,0,0,0,0,0,0,0,0,0,0,5203.96,418.92,1416.87,877.4,0,1295.52,62.56,0,384.49,2806.67,63.73,2697.47,89.7,0,10.37,2.57,804.73,1410.47,0,26.3,26.2,false,true,undefined,false,false,false,false,undefined,true,false,true,true
60.657,undefined,0,0,0,0,0,0,0,0,0,0,0,0,0,0,0,0,0,0,0,0,0,0,0,5203.96,418.92,1416.87,877.4,0,1295.52,62.56,0,384.49,2778.13,63.73,2697.47,70.2,0,7.8,1.95,804.73,1410.47,0,26.3,26.2,false,true,undefined,false,false,false,false,undefined,true,false,true,true
60.781,undefined,0,0,0,0,0,0,0,0,0,0,0,0,0,0,0,0,0,0,0,0,0,0,0,5203.96,418.92,1416.87,877.4,0,1295.52,62.56,0,384.49,2749.5,61.07,2689.67,70.2,0,7.8,1.56,805.97,1410.47,0,26.3,26.2,false,true,undefined,false,false,false,false,undefined,true,false,true,true
60.894,undefined,0,0,0,0,0,0,0,0,0,0,0,0,0,0,0,0,0,0,0,0,0,0,0,5203.96,418.92,1416.87,877.4,0,1295.52,62.56,0,384.49,2749.5,59.83,2679.3,54.6,0,6.47,1.56,805.97,1410.47,0,26.3,26.2,false,true,undefined,false,false,false,false,undefined,true,false,true,true
61.023,undefined,0,0,0,0,0,0,0,0,0,0,0,0,0,0,0,0,0,0,0,0,0,0,0,8336.91,418.78,2394.4,883.87,0,1308.9,62.66,0,384.48,2728.67,58.5,2679.3,42.9,0,5.23,0,805.97,1410.47,0,26.3,26.2,false,true,undefined,false,false,false,false,undefined,true,false,true,true
61.146,undefined,0,0,0,0,0,0,0,0,0,0,0,0,0,0,0,0,0,0,0,0,0,0,0,8336.91,418.78,2394.4,883.87,0,1308.9,62.66,0,384.48,2711.83,57.17,2677.97,32.53,0,3.9,0,804.73,1410.47,0,26.3,26.2,false,true,undefined,false,false,false,false,undefined,true,false,true,true
61.264,undefined,0,0,0,0,0,0,0,0,0,0,0,0,0,0,0,0,0,0,0,0,0,0,0,8336.91,418.78,2394.4,883.87,0,1308.9,62.66,0,384.48,2702.7,57.17,2668.93,25.97,0,2.57,0,804.73,1410.47,0,26.3,26.2,false,true,undefined,false,false,false,false,undefined,true,false,true,true
61.386,undefined,0,0,0,0,0,0,0,0,0,0,0,0,0,0,0,0,0,0,0,0,0,0,0,8208.05,418.67,2394.4,883.96,0,1308.9,62.66,0,384.48,2691,57.17,2668.93,19.5,0,0,0,804.73,1410.47,0,26.3,26.2,false,true,undefined,false,false,false,false,undefined,true,false,true,true
61.508,undefined,0,0,0,0,0,0,0,0,0,0,0,0,0,0,0,0,0,0,0,0,0,0,0,8208.05,418.67,2364.52,883.96,0,1312.07,62.64,0,383.71,2691,55.93,2667.6,19.5,0,0,0,804.73,1410.47,0,26.3,26.2,false,true,undefined,false,false,false,false,undefined,true,false,true,true
61.626,undefined,0,0,0,0,0,0,0,0,0,0,0,0,0,0,0,0,0,0,0,0,0,0,0,8208.05,418.67,2364.52,883.96,0,1312.07,62.64,0,383.71,2687.1,55.93,2665.03,15.6,0,0,0,803.4,1410.47,0,26.3,26.2,false,true,undefined,false,false,false,false,undefined,true,false,true,true
61.757,undefined,0,0,0,0,0,0,0,0,0,0,0,0,0,0,0,0,0,0,0,0,0,0,0,8208.05,418.67,2364.52,883.96,0,1312.07,62.64,0,383.71,2684.53,55.93,2670.17,0,0,0,0,803.4,1410.47,0,26.3,26.1,false,true,undefined,false,false,false,false,undefined,true,false,true,true
61.877,undefined,0,0,0,0,0,0,0,0,0,0,0,0,0,0,0,0,0,0,0,0,0,0,0,6305.55,418.67,1685.71,883.96,0,1321.47,62.72,0,383.42,2675.4,55.93,2677.97,0,0,0,0,803.4,1413.13,0,26.3,26.1,false,true,undefined,false,false,false,false,undefined,true,false,true,true
61.984,undefined,0,0,0,0,0,0,0,0,0,0,0,0,0,0,0,0,0,0,0,0,0,0,0,6305.55,418.51,1685.71,885.2,0,1321.47,62.72,0,383.42,2666.27,55.93,2677.97,0,0,0,0,803.4,1411.8,0,26.3,26.1,false,true,undefined,false,false,false,false,undefined,true,false,true,true
62.107,undefined,0,0,0,0,0,0,0,0,0,0,0,0,0,0,0,0,0,0,0,0,0,0,0,6305.55,418.51,1685.71,885.2,0,1321.47,62.72,0,383.42,2665.03,55.93,2681.87,0,0,0,0,804.73,1410.47,0,26.3,26.1,false,true,undefined,false,false,false,false,undefined,true,false,true,true
62.23,undefined,0,0,0,0,0,0,0,0,0,0,0,0,0,0,0,0,0,0,0,0,0,0,0,6305.55,418.51,1685.71,885.2,0,1321.47,62.72,0,383.42,2665.03,55.93,2683.2,0,0,0,0,804.73,1410.47,0,26.3,26.1,false,true,undefined,false,false,false,false,undefined,true,false,true,true
62.34,undefined,0,0,0,0,0,0,0,0,0,0,0,0,0,0,0,0,0,0,0,0,0,0,0,3859.47,418.87,1685.71,885.2,0,1321.47,62.72,0,383.42,2668.93,54.6,2680.63,0,0,0,0,804.73,1410.47,0,26.3,26.1,false,true,undefined,false,false,false,false,undefined,true,false,true,true
62.452,undefined,0,0,0,0,0,0,0,0,0,0,0,0,0,0,0,0,0,0,0,0,0,0,0,3859.47,418.87,913.21,883.93,0,1326.93,62.67,0,383.64,2666.27,54.6,2675.4,0,0,0,0,804.73,1411.8,0,26.3,26.1,false,true,undefined,false,false,false,false,undefined,true,false,true,true
62.573,undefined,0,0,0,0,0,0,0,0,0,0,0,0,0,0,0,0,0,0,0,0,0,0,0,3859.47,418.87,913.21,883.93,0,1326.93,62.67,0,383.64,2662.37,54.6,2675.4,0,0,0,0,804.73,1411.8,0,26.3,26.1,false,true,undefined,false,false,false,false,undefined,true,false,true,true
62.681,undefined,0,0,0,0,0,0,0,0,0,0,0,0,0,0,0,0,0,0,0,0,0,0,0,3859.47,418.87,913.21,883.93,0,1326.93,62.67,0,383.64,2662.37,54.6,2674.07,0,0,0,0,804.73,1410.47,0,26.3,26.1,false,true,undefined,false,false,false,false,undefined,true,false,true,true
62.779,undefined,0,0,0,0,0,0,0,0,0,0,0,0,0,0,0,0,0,0,0,0,0,0,0,3859.47,418.87,913.21,883.93,0,1326.93,62.67,0,383.64,2661.13,54.6,2674.07,0,0,0,0,803.4,1410.47,0,26.3,26.1,false,true,undefined,false,false,false,false,undefined,true,false,true,true
62.892,undefined,0,0,0,0,0,0,0,0,0,0,0,0,0,0,0,0,0,0,0,0,0,0,0,6957.21,418.83,1954.64,883.84,0,1322.2,62.5,0,382.72,2654.57,54.6,2674.07,0,0,0,0,803.4,1410.47,0,26.3,26.1,false,true,undefined,false,false,false,false,undefined,true,false,true,true
63.006,undefined,0,0,0,0,0,0,0,0,0,0,0,0,0,0,0,0,0,0,0,0,0,0,0,6957.21,418.83,1954.64,883.84,0,1322.2,62.5,0,382.72,2649.43,54.6,2668.93,0,0,0,0,803.4,1410.47,0,26.3,26.1,false,true,undefined,false,false,false,false,undefined,true,false,true,true
63.109,undefined,0,0,0,0,0,0,0,0,0,0,0,0,0,0,0,0,0,0,0,0,0,0,0,6957.21,418.83,1954.64,883.84,0,1322.2,62.5,0,382.72,2649.43,54.6,2666.27,0,0,0,0,803.4,1410.47,0,26.3,26.1,false,true,undefined,false,false,false,false,undefined,true,false,true,true
63.223,undefined,0,0,0,0,0,0,0,0,0,0,0,0,0,0,0,0,0,0,0,0,0,0,0,6957.21,418.83,1954.64,883.84,0,1322.2,62.5,0,382.72,2654.57,54.6,2665.03,0,0,0,0,803.4,1410.47,0,26.3,26.1,false,true,undefined,false,false,false,false,undefined,true,false,true,true
63.345,undefined,0,0,0,0,0,0,0,0,0,0,0,0,0,0,0,0,0,0,0,0,0,0,0,8712.42,419.25,2536.2,882.83,0,1325.71,62.62,0,383.7,2655.9,54.6,2670.17,0,0,0,0,803.4,1410.47,0,26.3,26.1,false,true,undefined,false,false,false,false,undefined,true,false,true,true
63.468,undefined,0,0,0,0,0,0,0,0,0,0,0,0,0,0,0,0,0,0,0,0,0,0,0,8712.42,419.25,2536.2,882.83,0,1325.71,62.62,0,383.7,2658.47,54.6,2670.17,0,0,0,0,803.4,1410.47,0,26.3,26.1,false,true,undefined,false,false,false,false,undefined,true,false,true,true
63.58,undefined,0,0,0,0,0,0,0,0,0,0,0,0,0,0,0,0,0,0,0,0,0,0,0,8712.42,419.25,2536.2,882.83,0,1325.71,62.62,0,383.7,2658.47,54.6,2670.17,0,0,0,0,803.4,1410.47,0,26.3,26.1,false,true,undefined,false,false,false,false,undefined,true,false,true,true
63.704,undefined,0,0,0,0,0,0,0,0,0,0,0,0,0,0,0,0,0,0,0,0,0,0,0,8712.42,419.25,2536.2,882.83,0,1325.71,62.62,0,383.7,2654.57,54.6,2671.5,0,0,0,0,803.4,1410.47,0,26.3,26.1,false,true,undefined,false,false,false,false,undefined,true,false,true,true
63.836,undefined,0,0,0,0,0,0,0,0,0,0,0,0,0,0,0,0,0,0,0,0,0,0,0,8313.81,424.06,2416.46,883.79,0,1309.52,62.66,0,383.36,2654.57,54.6,2666.27,0,0,0,0,802.07,1410.47,0,26.3,26.1,false,true,undefined,false,false,false,false,undefined,true,false,true,true
63.96,undefined,0,0,0,0,0,0,0,0,0,0,0,0,0,0,0,0,0,0,0,0,0,0,0,8313.81,424.06,2416.46,883.79,0,1309.52,62.66,0,383.36,2654.57,54.6,2662.37,0,0,0,0,802.07,1410.47,0,26.3,26.1,false,true,undefined,false,false,false,false,undefined,true,false,true,true
64.082,undefined,0,0,0,0,0,0,0,0,0,0,0,0,0,0,0,0,0,0,0,0,0,0,0,8313.81,424.06,2416.46,883.79,0,1309.52,62.66,0,383.36,2655.9,54.6,2662.37,0,0,0,0,803.4,1410.47,0,26.3,26.1,false,true,undefined,false,false,false,false,undefined,true,false,true,true
64.208,undefined,0,0,0,0,0,0,0,0,0,0,0,0,0,0,0,0,0,0,0,0,0,0,0,8313.81,424.06,2416.46,883.79,0,1309.52,62.66,0,383.36,2655.9,54.6,2655.9,0,0,0,0,804.73,1411.8,0,26.3,26.1,false,true,undefined,false,false,false,false,undefined,true,false,true,true
64.331,undefined,0,0,0,0,0,0,0,0,0,0,0,0,0,0,0,0,0,0,0,0,0,0,0,4050.19,424.42,1017.69,883.49,0,1286.95,62.68,0,382.76,2658.47,54.6,2648.1,0,0,0,0,803.4,1410.47,0,26.3,26.1,false,true,undefined,false,false,false,false,undefined,true,false,true,true
64.431,undefined,0,0,0,0,0,0,0,0,0,0,0,0,0,0,0,0,0,0,0,0,0,0,0,4050.19,424.42,1017.69,883.49,0,1286.95,62.68,0,382.76,2657.23,54.6,2650.67,0,0,0,0,803.4,1410.47,0,26.3,26.1,false,true,undefined,false,false,false,false,undefined,true,false,true,true
64.563,undefined,0,0,0,0,0,0,0,0,0,0,0,0,0,0,0,0,0,0,0,0,0,0,0,4050.19,424.42,1017.69,883.49,0,1286.95,62.68,0,382.76,2646.77,54.6,2650.67,0,0,0,0,803.4,1410.47,0,26.3,26.1,false,true,undefined,false,false,false,false,undefined,true,false,true,true
64.675,undefined,0,0,0,0,0,0,0,0,0,0,0,0,0,0,0,0,0,0,0,0,0,0,0,4050.19,424.42,1017.69,883.49,0,1286.95,62.68,0,382.76,2638.97,54.6,2666.27,0,0,0,0,803.4,1410.47,0,26.3,26.1,false,true,undefined,false,false,false,false,undefined,true,false,true,true
64.807,undefined,0,0,0,0,0,0,0,0,0,0,0,0,0,0,0,0,0,0,0,0,0,0,0,5105.5,424.26,1372.53,883.68,0,1273.49,62.61,0,382.26,2638.97,54.6,2676.73,0,0,0,0,803.4,1410.47,0,26.3,26.1,false,true,undefined,false,false,false,false,undefined,true,false,true,true
64.934,undefined,0,0,0,0,0,0,0,0,0,0,0,0,0,0,0,0,0,0,0,0,0,0,0,5105.5,424.26,1372.53,883.68,0,1273.49,62.61,0,382.26,2637.73,55.93,2674.07,0,0,0,0,803.4,1410.47,0,26.3,26.1,false,true,undefined,false,false,false,false,undefined,true,false,true,true
65.056,undefined,0,0,0,0,0,0,0,0,0,0,0,0,0,0,0,0,0,0,0,0,0,0,0,5105.5,424.26,1372.53,883.68,0,1273.49,62.61,0,382.26,2650.67,55.93,2670.17,0,0,0,0,804.73,1410.47,0,26.3,26.1,false,true,undefined,false,false,false,false,undefined,true,false,true,true
65.188,undefined,0,0,0,0,0,0,0,0,0,0,0,0,0,0,0,0,0,0,0,0,0,0,0,5105.5,424.26,1372.53,883.68,0,1273.49,62.61,0,382.26,2657.23,54.6,2671.5,0,0,0,0,804.73,1410.47,0,26.3,26.1,false,true,undefined,false,false,false,false,undefined,true,false,true,true
65.307,undefined,0,0,0,0,0,0,0,0,0,0,0,0,0,0,0,0,0,0,0,0,0,0,0,9128.02,425.31,2746.91,882.57,0,1262.05,62.48,0,383.14,2650.67,54.6,2677.97,0,0,0,0,804.73,1410.47,0,26.3,26.1,false,true,undefined,false,false,false,false,undefined,true,false,true,true
65.427,undefined,0,0,0,0,0,0,0,0,0,0,0,0,0,0,0,0,0,0,0,0,0,0,0,9128.02,425.31,2746.91,882.57,0,1262.05,62.48,0,383.14,2642.87,54.6,2677.97,0,0,0,0,803.4,1410.47,0,26.3,26.1,false,true,undefined,false,false,false,false,undefined,true,false,true,true
65.556,undefined,0,0,0,0,0,0,0,0,0,0,0,0,0,0,0,0,0,0,0,0,0,0,0,9128.02,425.31,2746.91,882.57,0,1262.05,62.48,0,383.14,2642.87,54.6,2680.63,0,0,0,0,803.4,1410.47,0,26.3,26.1,false,true,undefined,false,false,false,false,undefined,true,false,true,true
65.68,undefined,0,0,0,0,0,0,0,0,0,0,0,0,0,0,0,0,0,0,0,0,0,0,0,9128.02,425.31,2746.91,882.57,0,1262.05,62.48,0,383.14,2636.4,55.93,2684.53,0,0,0,0,803.4,1410.47,0,26.3,26.1,false,true,undefined,false,false,false,false,undefined,true,false,true,true
65.783,undefined,0,0,0,0,0,0,0,0,0,0,0,0,0,0,0,0,0,0,0,0,0,0,0,9064.66,424.5,2695.12,882.69,0,1257.17,62.59,0,382.26,2649.43,54.6,2689.67,0,0,0,0,804.73,1410.47,0,26.3,26.1,false,true,undefined,false,false,false,false,undefined,true,false,true,true
65.901,undefined,0,0,0,0,0,0,0,0,0,0,0,0,0,0,0,0,0,0,0,0,0,0,0,9064.66,424.5,2695.12,882.69,0,1257.17,62.59,0,382.26,2659.8,54.6,2689.67,0,0,0,0,804.73,1410.47,0,26.3,26.1,false,true,undefined,false,false,false,false,undefined,true,false,true,true
66.03,undefined,0,0,0,0,0,0,0,0,0,0,0,0,0,0,0,0,0,0,0,0,0,0,0,9064.66,424.5,2695.12,882.69,0,1257.17,62.59,0,382.26,2657.23,54.6,2693.57,0,0,0,0,804.73,1411.8,0,26.3,26.1,false,true,undefined,false,false,false,false,undefined,true,false,true,true
66.141,undefined,0,0,0,0,0,0,0,0,0,0,0,0,0,0,0,0,0,0,0,0,0,0,0,9064.66,424.5,2695.12,882.69,0,1257.17,62.59,0,382.26,2657.23,54.6,2693.57,0,0,0,0,805.97,1411.8,0,26.3,26.1,false,true,undefined,false,false,false,false,undefined,true,false,true,true
66.268,undefined,0,0,0,0,0,0,0,0,0,0,0,0,0,0,0,0,0,0,0,0,0,0,0,4529.93,424.16,1142.81,883.02,0,1257.37,62.7,0,383.22,2655.9,54.6,2684.53,0,0,0,0,805.97,1411.8,0,26.3,26.1,false,true,undefined,false,false,false,false,undefined,true,false,true,true
66.393,undefined,0,0,0,0,0,0,0,0,0,0,0,0,0,0,0,0,0,0,0,0,0,0,0,4529.93,424.16,1142.81,883.02,0,1257.37,62.7,0,383.22,2661.13,54.6,2677.97,0,0,0,0,805.97,1411.8,0,26.3,26.1,false,true,undefined,false,false,false,false,undefined,true,false,true,true
66.518,undefined,0,0,0,0,0,0,0,0,0,0,0,0,0,0,0,0,0,0,0,0,0,0,0,4529.93,424.16,1142.81,883.02,0,1257.37,62.7,0,383.22,2662.37,54.6,2681.87,0,0,0,0,805.97,1411.8,0,26.3,26.1,false,true,undefined,false,false,false,false,undefined,true,false,true,true
66.65,undefined,0,0,0,0,0,0,0,0,0,0,0,0,0,0,0,0,0,0,0,0,0,0,0,4529.93,424.16,1142.81,883.02,0,1257.37,62.7,0,383.22,2658.47,54.6,2681.87,0,0,0,0,805.97,1411.8,0,26.3,26.1,false,true,undefined,false,false,false,false,undefined,true,false,true,true
66.771,undefined,0,0,0,0,0,0,0,0,0,0,0,0,0,0,0,0,0,0,0,0,0,0,0,4499.52,425.29,1135.91,882.06,0,1256.65,62.6,0,382.84,2652,54.6,2680.63,0,0,0,0,804.73,1411.8,0,26.3,26.1,false,true,undefined,false,false,false,false,undefined,true,false,true,true
66.888,undefined,0,0,0,0,0,0,0,0,0,0,0,0,0,0,0,0,0,0,0,0,0,0,0,4499.52,425.29,1135.91,882.06,0,1256.65,62.6,0,382.84,2652,54.6,2679.3,0,0,0,0,804.73,1411.8,0,26.3,26.1,false,true,undefined,false,false,false,false,undefined,true,false,true,true
66.993,undefined,0,0,0,0,0,0,0,0,0,0,0,0,0,0,0,0,0,0,0,0,0,0,0,4499.52,425.29,1135.91,882.06,0,1256.65,62.6,0,382.84,2642.87,54.6,2683.2,0,0,0,0,804.73,1411.8,0,26.3,26.1,false,true,undefined,false,false,false,false,undefined,true,false,true,true
67.111,undefined,0,0,0,0,0,0,0,0,0,0,0,0,0,0,0,0,0,0,0,0,0,0,0,4499.52,425.29,1135.91,882.06,0,1256.65,62.6,0,382.84,2640.3,55.93,2688.43,0,0,0,0,804.73,1411.8,0,26.3,26.1,false,true,undefined,false,false,false,false,undefined,true,false,true,true
67.222,undefined,0,0,0,0,0,0,0,0,0,0,0,0,0,0,0,0,0,0,0,0,0,0,0,9735.3,423.89,2858.62,882.19,0,1258.4,62.47,0,383.37,2642.87,55.93,2688.43,0,0,0,0,804.73,1411.8,0,26.3,26.1,false,true,undefined,false,false,false,false,undefined,true,false,true,true
67.332,undefined,0,0,0,0,0,0,0,0,0,0,0,0,0,0,0,0,0,0,0,0,0,0,0,9735.3,423.89,2858.62,882.19,0,1258.4,62.47,0,383.37,2642.87,55.93,2685.77,0,0,0,0,804.73,1411.8,0,26.3,26.1,false,true,undefined,false,false,false,false,undefined,true,false,true,true
67.457,undefined,0,0,0,0,0,0,0,0,0,0,0,0,0,0,0,0,0,0,0,0,0,0,0,9735.3,423.89,2858.62,882.19,0,1258.4,62.47,0,383.37,2642.87,55.93,2683.2,0,0,0,0,804.73,1411.8,0,26.3,26.1,false,true,undefined,false,false,false,false,undefined,true,false,true,true
67.591,undefined,0,0,0,0,0,0,0,0,0,0,0,0,0,0,0,0,0,0,0,0,0,0,0,9735.3,423.89,2858.62,882.19,0,1258.4,62.47,0,383.37,2644.2,54.6,2680.63,0,0,0,0,804.73,1411.8,0,26.3,26.1,false,true,undefined,false,false,false,false,undefined,true,false,true,true
67.704,undefined,0,0,0,0,0,0,0,0,0,0,0,0,0,0,0,0,0,0,0,0,0,0,0,9690.63,423.76,2812.61,881.53,0,1257.98,62.55,0,383.6,2648.1,54.6,2680.63,0,0,0,0,804.73,1411.8,0,26.3,26.1,false,true,undefined,false,false,false,false,undefined,true,false,true,true
67.812,undefined,0,0,0,0,0,0,0,0,0,0,0,0,0,0,0,0,0,0,0,0,0,0,0,9690.63,423.76,2812.61,881.53,0,1257.98,62.55,0,383.6,2650.67,54.6,2680.63,0,0,0,0,803.4,1411.8,0,26.3,26.1,false,true,undefined,false,false,false,false,undefined,true,false,true,true
67.932,undefined,0,0,0,0,0,0,0,0,0,0,0,0,0,0,0,0,0,0,0,0,0,0,0,9690.63,423.76,2812.61,881.53,0,1257.98,62.55,0,383.6,2650.67,54.6,2676.73,0,0,0,0,803.4,1411.8,0,26.3,26.1,false,true,undefined,false,false,false,false,undefined,true,false,true,true
68.04,undefined,0,0,0,0,0,0,0,0,0,0,0,0,0,0,0,0,0,0,0,0,0,0,0,9690.63,423.76,2812.61,881.53,0,1257.98,62.55,0,383.6,2655.9,54.6,2667.6,0,0,0,0,802.07,1410.47,0,26.3,26.1,false,true,undefined,false,false,false,false,undefined,true,false,true,true
68.151,undefined,0,0,0,0,0,0,0,0,0,0,0,0,0,0,0,0,0,0,0,0,0,0,0,4234.43,424.92,1022.22,882.78,0,1257.05,62.63,0,383.75,2657.23,54.6,2670.17,0,0,0,0,802.07,1409.23,0,26.3,26.1,false,true,undefined,false,false,false,false,undefined,true,false,true,true
68.284,undefined,0,0,0,0,0,0,0,0,0,0,0,0,0,0,0,0,0,0,0,0,0,0,0,4234.43,424.92,1022.22,882.78,0,1257.05,62.63,0,383.75,2655.9,54.6,2670.17,0,0,0,0,803.4,1410.47,0,26.3,26.1,false,true,undefined,false,false,false,false,undefined,true,false,true,true
68.416,undefined,0,0,0,0,0,0,0,0,0,0,0,0,0,0,0,0,0,0,0,0,0,0,0,4234.43,424.92,1022.22,882.78,0,1257.05,62.63,0,383.75,2658.47,54.6,2668.93,0,0,0,0,803.4,1410.47,0,26.3,26.1,false,true,undefined,false,false,false,false,undefined,true,false,true,true
68.532,undefined,0,0,0,0,0,0,0,0,0,0,0,0,0,0,0,0,0,0,0,0,0,0,0,4234.43,424.92,1022.22,882.78,0,1257.05,62.63,0,383.75,2658.47,54.6,2670.17,0,0,0,0,803.4,1410.47,0,26.3,26.1,false,true,undefined,false,false,false,false,undefined,true,false,true,true
68.663,undefined,0,0,0,0,0,0,0,0,0,0,0,0,0,0,0,0,0,0,0,0,0,0,0,5129.6,424.97,1315.89,881.92,0,1252.66,62.64,0,383.48,2657.23,54.6,2672.83,0,0,0,0,803.4,1410.47,0,26.3,26.1,false,true,undefined,false,false,false,false,undefined,true,false,true,true
68.779,undefined,0,0,0,0,0,0,0,0,0,0,0,0,0,0,0,0,0,0,0,0,0,0,0,5129.6,424.97,1315.89,881.92,0,1252.66,62.64,0,383.48,2650.67,54.6,2670.17,0,0,0,0,803.4,1410.47,0,26.3,26.1,false,true,undefined,false,false,false,false,undefined,true,false,true,true
68.91,undefined,0,0,0,0,0,0,0,0,0,0,0,0,0,0,0,0,0,0,0,0,0,0,0,5129.6,424.97,1315.89,881.92,0,1252.66,62.64,0,383.48,2644.2,54.6,2668.93,0,0,0,0,804.73,1410.47,0,26.3,26.1,false,true,undefined,false,false,false,false,undefined,true,false,true,true
69.01,undefined,0,0,0,0,0,0,0,0,0,0,0,0,0,0,0,0,0,0,0,0,0,0,0,5129.6,424.97,1315.89,881.92,0,1252.66,62.64,0,383.48,2644.2,54.6,2668.93,0,0,0,0,804.73,1410.47,0,26.3,26.1,false,true,undefined,false,false,false,false,undefined,true,false,true,true
69.119,undefined,0,0,0,0,0,0,0,0,0,0,0,0,0,0,0,0,0,0,0,0,0,0,0,9885.03,424.36,2919.67,881.93,0,1253.06,62.61,0,382.51,2636.4,54.6,2671.5,0,0,0,0,804.73,1410.47,0,26.3,26.1,false,true,undefined,false,false,false,false,undefined,true,false,true,true
69.236,undefined,0,0,0,0,0,0,0,0,0,0,0,0,0,0,0,0,0,0,0,0,0,0,0,9885.03,424.36,2919.67,881.93,0,1253.06,62.61,0,382.51,2640.3,54.6,2672.83,0,0,0,0,804.73,1410.47,0,26.3,26.1,false,true,undefined,false,false,false,false,undefined,true,false,true,true
69.36,undefined,0,0,0,0,0,0,0,0,0,0,0,0,0,0,0,0,0,0,0,0,0,0,0,9885.03,424.36,2919.67,881.93,0,1253.06,62.61,0,382.51,2640.3,54.6,2674.07,0,0,0,0,805.97,1410.47,0,26.3,26.1,false,true,undefined,false,false,false,false,undefined,true,false,true,true
69.484,undefined,0,0,0,0,0,0,0,0,0,0,0,0,0,0,0,0,0,0,0,0,0,0,0,9885.03,424.36,2919.67,881.93,0,1253.06,62.61,0,382.51,2641.63,54.6,2674.07,0,0,0,0,805.97,1410.47,0,26.3,26.1,false,true,undefined,false,false,false,false,undefined,true,false,true,true
69.609,undefined,0,0,0,0,0,0,0,0,0,0,0,0,0,0,0,0,0,0,0,0,0,0,0,8435.1,424.12,2429.94,882.89,0,1250.46,62.66,0,382.6,2641.63,54.6,2674.07,0,0,0,0,804.73,1410.47,0,26.3,26.1,false,true,undefined,false,false,false,false,undefined,true,false,true,true
69.737,undefined,0,0,0,0,0,0,0,0,0,0,0,0,0,0,0,0,0,0,0,0,0,0,0,8435.1,424.12,2429.94,882.89,0,1250.46,62.66,0,382.6,2640.3,54.6,2677.97,0,0,0,0,804.73,1410.47,0,26.3,26.1,false,true,undefined,false,false,false,false,undefined,true,false,true,true
69.863,undefined,0,0,0,0,0,0,0,0,0,0,0,0,0,0,0,0,0,0,0,0,0,0,0,8435.1,424.12,2429.94,882.89,0,1250.46,62.66,0,382.6,2636.4,54.6,2677.97,0,0,0,0,804.73,1410.47,0,26.3,26.1,false,true,undefined,false,false,false,false,undefined,true,false,true,true
69.997,undefined,0,0,0,0,0,0,0,0,0,0,0,0,0,0,0,0,0,0,0,0,0,0,0,8435.1,424.12,2429.94,882.89,0,1250.46,62.66,0,382.6,2638.97,54.6,2670.17,0,0,0,0,804.73,1410.47,0,26.3,26.1,false,true,undefined,false,false,false,false,undefined,true,false,true,true
70.114,undefined,0,0,0,0,0,0,0,0,0,0,0,0,0,0,0,0,0,0,0,0,0,0,0,3995.46,424.62,955.14,882.91,0,1248.56,62.7,0,383.33,2642.87,54.6,2658.47,0,0,0,0,804.73,1410.47,0,26.3,26.1,false,true,undefined,false,false,false,false,undefined,true,false,true,true
70.227,undefined,0,0,0,0,0,0,0,0,0,0,0,0,0,0,0,0,0,0,0,0,0,0,0,3995.46,424.62,955.14,882.91,0,1248.56,62.7,0,383.33,2642.87,54.6,2658.47,0,0,0,0,804.73,1410.47,0,26.3,26.1,false,true,undefined,false,false,false,false,undefined,true,false,true,true
70.346,undefined,0,0,0,0,0,0,0,0,0,0,0,0,0,0,0,0,0,0,0,0,0,0,0,3995.46,424.62,955.14,882.91,0,1248.56,62.7,0,383.33,2642.87,54.6,2653.33,0,0,0,0,804.73,1410.47,0,26.3,26.1,false,true,undefined,false,false,false,false,undefined,true,false,true,true
70.45,undefined,0,0,0,0,0,0,0,0,0,0,0,0,0,0,0,0,0,0,0,0,0,0,0,3995.46,424.62,955.14,882.91,0,1248.56,62.7,0,383.33,2645.53,54.6,2661.13,0,0,0,0,804.73,1410.47,0,26.3,26.1,false,true,undefined,false,false,false,false,undefined,true,false,true,true
70.581,undefined,0,0,0,0,0,0,0,0,0,0,0,0,0,0,0,0,0,0,0,0,0,0,0,6536.09,424.56,1798.67,883.25,0,1247.32,62.51,0,382.44,2644.2,54.6,2667.6,0,0,0,0,804.73,1410.47,0,26.3,26.1,false,true,undefined,false,false,false,false,undefined,true,false,true,true
70.704,undefined,0,0,0,0,0,0,0,0,0,0,0,0,0,0,0,0,0,0,0,0,0,0,0,6536.09,424.56,1798.67,883.25,0,1247.32,62.51,0,382.44,2641.63,54.6,2666.27,0,0,0,0,805.97,1410.47,0,26.3,26.1,false,true,undefined,false,false,false,false,undefined,true,false,true,true
70.822,undefined,0,0,0,0,0,0,0,0,0,0,0,0,0,0,0,0,0,0,0,0,0,0,0,6536.09,424.56,1798.67,883.25,0,1247.32,62.51,0,382.44,2642.87,54.6,2666.27,0,0,0,0,805.97,1410.47,0,26.3,26.1,false,true,undefined,false,false,false,false,undefined,true,false,true,true
70.935,undefined,0,0,0,0,0,0,0,0,0,0,0,0,0,0,0,0,0,0,0,0,0,0,0,6536.09,424.56,1798.67,883.25,0,1247.32,62.51,0,382.44,2642.87,54.6,2670.17,0,0,0,0,805.97,1410.47,0,26.3,26.1,false,true,undefined,false,false,false,false,undefined,true,false,true,true
71.062,undefined,0,0,0,0,0,0,0,0,0,0,0,0,0,0,0,0,0,0,0,0,0,0,0,10140.63,424.84,2991.84,881.7,0,1246.59,62.52,0,382.52,2641.63,54.6,2667.6,0,0,0,0,804.73,1410.47,0,26.3,26.1,false,true,undefined,false,false,false,false,undefined,true,false,true,true
71.195,undefined,0,0,0,0,0,0,0,0,0,0,0,0,0,0,0,0,0,0,0,0,0,0,0,10140.63,424.84,2991.84,881.7,0,1246.59,62.52,0,382.52,2641.63,54.6,2666.27,0,0,0,0,804.73,1410.47,0,26.3,26.1,false,true,undefined,false,false,false,false,undefined,true,false,true,true
71.308,undefined,0,0,0,0,0,0,0,0,0,0,0,0,0,0,0,0,0,0,0,0,0,0,0,10140.63,424.84,2991.84,881.7,0,1246.59,62.52,0,382.52,2645.53,54.6,2666.27,0,0,0,0,804.73,1410.47,0,26.3,26.1,false,true,undefined,false,false,false,false,undefined,true,false,true,true
71.424,undefined,0,0,0,0,0,0,0,0,0,0,0,0,0,0,0,0,0,0,0,0,0,0,0,10140.63,424.84,2991.84,881.7,0,1246.59,62.52,0,382.52,2648.1,54.6,2670.17,0,0,0,0,804.73,1409.23,0,26.3,26.1,false,true,undefined,false,false,false,false,undefined,true,false,true,true
71.533,undefined,0,0,0,0,0,0,0,0,0,0,0,0,0,0,0,0,0,0,0,0,0,0,0,6574.94,423.5,1781.97,882.95,0,1242.39,62.62,0,384.15,2648.1,54.6,2672.83,0,0,0,0,804.73,1409.23,0,26.3,26.1,false,true,undefined,false,false,false,false,undefined,true,false,true,true
71.646,undefined,0,0,0,0,0,0,0,0,0,0,0,0,0,0,0,0,0,0,0,0,0,0,0,6574.94,423.5,1781.97,882.95,0,1242.39,62.62,0,384.15,2644.2,54.6,2674.07,0,0,0,0,803.4,1410.47,0,26.3,26.1,false,true,undefined,false,false,false,false,undefined,true,false,true,true
71.761,undefined,0,0,0,0,0,0,0,0,0,0,0,0,0,0,0,0,0,0,0,0,0,0,0,6574.94,423.5,1781.97,882.95,0,1242.39,62.62,0,384.15,2640.3,54.6,2683.2,0,0,0,0,802.07,1410.47,0,26.3,26.1,false,true,undefined,false,false,false,false,undefined,true,false,true,true
71.883,undefined,0,0,0,0,0,0,0,0,0,0,0,0,0,0,0,0,0,0,0,0,0,0,0,6574.94,423.5,1781.97,882.95,0,1242.39,62.62,0,384.15,2650.67,54.6,2683.2,0,0,0,32.21,802.07,1410.47,0,26.3,26.1,false,true,undefined,false,false,false,false,undefined,true,false,true,true
72.009,undefined,0,0,0,0,0,0,0,0,0,0,0,0,0,0,0,0,0,0,0,0,0,0,0,3902.27,418.75,1234.29,6.82,0,1251.37,62.64,0,384.07,2650.67,85.8,2970.47,0,0,39,106.63,796.93,1401.43,0,26.3,26.1,false,true,undefined,false,false,false,false,undefined,true,false,true,true
72.111,undefined,0,0,0,0,0,0,0,0,0,0,0,0,0,0,0,0,0,0,0,0,0,0,0,3902.27,418.75,1234.29,6.82,0,1251.37,62.64,0,384.07,3052.37,122.23,3539.87,0,0,80.57,106.63,777.43,1392.3,0,26.3,26.1,false,true,undefined,false,false,false,false,undefined,true,false,true,true
72.223,undefined,0,0,0,0,0,0,0,0,0,0,0,0,0,0,0,0,0,0,0,0,0,0,0,3902.27,418.75,1234.29,6.82,0,1251.37,62.64,0,384.07,3517.8,117,3980.57,0,0,78,162.63,770.87,1385.83,0,26.3,26.1,false,true,undefined,false,false,false,false,undefined,true,false,true,true
72.338,undefined,0,0,0,0,0,0,0,0,0,0,0,0,0,0,0,0,0,0,0,0,0,0,0,3902.27,418.75,1234.29,6.82,0,1251.37,62.64,0,384.07,3911.7,117,3980.57,0,0,64.97,208.65,770.87,1380.6,0,26.3,26.1,false,true,undefined,false,false,false,false,undefined,true,false,true,true
72.44,undefined,0,0,0,0,0,0,0,0,0,0,0,0,0,0,0,0,0,0,0,0,0,0,0,3456,424.36,1053.9,0,0,1272.32,62.67,0,382.32,3911.7,103.97,4314.73,0,0,64.97,244.37,773.53,1380.6,0,26.3,26.1,false,true,undefined,false,false,false,false,undefined,true,false,true,true
72.557,undefined,0,0,0,0,0,0,0,0,0,0,0,0,0,0,0,0,0,0,0,0,0,0,0,3456,424.36,1053.9,0,0,1272.32,62.67,0,382.32,4206.77,92.27,4568.23,0,0,50.7,244.37,776.1,1380.6,0,26.3,26.1,false,true,undefined,false,false,false,false,undefined,true,false,true,true
72.677,undefined,0,0,0,0,0,0,0,0,0,0,0,0,0,0,0,0,0,0,0,0,0,0,0,3456,424.36,1053.9,0,0,1272.32,62.67,0,382.32,4426.5,84.47,4760.57,0,0,40.33,270.11,777.43,1380.6,0,26.3,26.1,false,true,undefined,false,false,false,false,undefined,true,false,true,true
72.789,undefined,0,0,0,0,0,0,0,0,0,0,0,0,0,0,0,0,0,0,0,0,0,0,0,3456,424.36,1053.9,0,0,1272.32,62.67,0,382.32,4617.6,84.47,4760.57,0,0,40.33,288.44,777.43,1380.6,0,26.3,26.1,false,true,undefined,false,false,false,false,undefined,true,false,true,true
72.9,undefined,0,0,0,0,0,0,0,0,0,0,0,0,0,0,0,0,0,0,0,0,0,0,0,3456,424.36,798.61,0,0,1272.32,62.67,0,382.32,4617.6,78,4911.43,0,0,31.2,252.72,778.67,1380.6,0,26.3,26.1,false,true,undefined,false,false,false,false,undefined,true,false,true,true
73.005,undefined,0,0,0,0,0,0,0,0,0,0,0,0,0,0,0,0,0,0,0,0,0,0,0,3844.21,421.92,798.61,1177.52,0,1285.97,62.61,0,382.32,4742.4,131.27,4631.87,0,0,66.3,252.72,789.13,1380.6,0,26.3,26.1,false,true,undefined,false,false,false,false,undefined,true,false,true,true
73.128,undefined,0,0,0,0,0,0,0,0,0,0,0,0,0,0,0,0,0,0,0,0,0,0,0,3844.21,421.92,798.61,1177.52,0,1285.97,62.61,0,382.32,4518.77,165.13,4251,113.1,0,114.43,202.8,805.97,1380.6,0,26.3,26.1,false,true,undefined,false,false,false,false,undefined,true,false,true,true
73.258,undefined,0,0,0,0,0,0,0,0,0,0,0,0,0,0,0,0,0,0,0,0,0,0,0,3844.21,421.92,798.61,1177.52,0,1285.97,62.61,0,382.32,4401.77,165.13,4251,694.2,5.23,167.7,158.73,805.97,1380.6,0,26.3,26.1,false,true,undefined,false,false,false,false,undefined,true,false,true,true
73.381,undefined,0,0,0,0,0,0,0,0,0,0,0,0,0,0,0,0,0,0,0,0,0,0,0,3844.21,421.92,798.61,1177.52,0,1285.97,62.63,0,382.32,4455.13,211.93,3845.4,694.2,5.23,167.7,123.4,805.97,1380.6,0,26.3,26.1,false,true,undefined,false,false,false,false,undefined,true,false,true,true
73.488,undefined,0,0,0,0,0,0,0,0,0,0,0,0,0,0,0,0,0,0,0,0,0,0,0,3956.78,425.15,932.33,881.59,0,1301.88,62.63,0,382.9,4455.13,210.6,3556.8,1067.27,6.47,176.83,123.4,802.07,1378.03,0,26.3,26.1,false,true,undefined,false,false,false,false,undefined,true,false,true,true
73.602,undefined,0,0,0,0,0,0,0,0,0,0,0,0,0,0,0,0,0,0,0,0,0,0,0,3956.78,425.15,932.33,881.59,0,1301.88,62.63,0,382.9,4533.13,192.43,3367.03,1305.17,5.23,157.33,95.78,804.73,1376.7,0,26.3,26.1,false,true,undefined,false,false,false,false,undefined,true,false,true,true
73.708,undefined,0,0,0,0,0,0,0,0,0,0,0,0,0,0,0,0,0,0,0,0,0,0,0,3956.78,425.15,932.33,881.59,0,1301.88,62.63,0,382.9,4540.93,169.03,3218.83,1463.83,3.9,131.27,74.49,804.73,1401.43,0,26.3,26.1,false,true,undefined,false,false,false,false,undefined,true,false,true,true
73.835,undefined,0,0,0,0,0,0,0,0,0,0,0,0,0,0,0,0,0,0,0,0,0,0,0,3956.78,425.15,932.33,881.59,0,1301.88,62.63,0,382.9,4510.97,169.03,3218.83,1463.83,3.9,131.27,57.95,804.73,1401.43,0,26.3,26.1,false,true,undefined,false,false,false,false,undefined,true,false,true,true
73.945,undefined,0,0,0,0,0,0,0,0,0,0,0,0,0,0,0,0,0,0,0,0,0,0,0,3484.04,426.4,743.93,883.78,0,1312.64,62.73,0,383.64,4510.97,145.63,3104.4,1583.4,3.9,105.3,45.79,804.73,1401.43,0,26.3,26.1,false,true,undefined,false,false,false,false,undefined,true,false,true,true
74.078,undefined,0,0,0,0,0,0,0,0,0,0,0,0,0,0,0,0,0,0,0,0,0,0,0,3484.04,426.4,743.93,883.78,0,1312.64,62.73,0,383.64,4475.87,128.7,3013.37,1599,2.57,87.13,45.79,804.73,1401.43,0,26.3,26.1,false,true,undefined,false,false,false,false,undefined,true,false,true,true
74.177,undefined,0,0,0,0,0,0,0,0,0,0,0,0,0,0,0,0,0,0,0,0,0,0,0,3484.04,426.4,743.93,883.78,0,1312.64,62.73,0,383.64,4361.53,136.5,2960.1,1280.53,5.23,97.5,35.49,805.97,1401.43,0,26.3,26.1,false,true,undefined,false,false,false,false,undefined,true,false,true,true
74.282,undefined,0,0,0,0,0,0,0,0,0,0,0,0,0,0,0,0,0,0,0,0,0,0,0,3484.04,426.4,743.93,883.78,0,1312.64,62.73,0,383.64,4042.97,136.5,2960.1,999.73,5.23,91.03,27.53,805.97,1401.43,0,26.3,26.1,false,true,undefined,false,false,false,false,undefined,true,false,true,true
74.397,undefined,0,0,0,0,0,0,0,0,0,0,0,0,0,0,0,0,0,0,0,0,0,0,0,9216.98,417.78,2864.74,470.55,0,1316.3,62.49,0,383.2,4042.97,139.07,2921.1,999.73,5.23,91.03,21.45,807.3,1401.43,0,26.3,26.1,false,true,undefined,false,false,false,false,undefined,true,false,true,true
74.498,undefined,0,0,0,0,0,0,0,0,0,0,0,0,0,0,0,0,0,0,0,0,0,0,0,9216.98,417.78,2864.74,470.55,0,1316.3,62.49,0,383.2,3777.77,126.13,2878.2,793.03,5.23,76.67,21.45,807.3,1401.43,0,26.3,26.1,false,true,undefined,false,false,false,false,undefined,true,false,true,true
74.62,undefined,0,0,0,0,0,0,0,0,0,0,0,0,0,0,0,0,0,0,0,0,0,0,0,9216.98,417.78,2864.74,470.55,0,1316.3,62.49,0,383.2,3546.43,113.1,2833.97,618.77,3.9,61.07,16.61,805.97,1401.43,0,26.3,26.1,false,true,undefined,false,false,false,false,undefined,true,false,true,true
74.738,undefined,0,0,0,0,0,0,0,0,0,0,0,0,0,0,0,0,0,0,0,0,0,0,0,9216.98,417.78,2864.74,470.55,0,1316.3,62.49,0,383.2,3360.47,113.1,2833.97,483.6,2.57,48.13,13.03,805.97,1401.43,0,26.3,26.1,false,true,undefined,false,false,false,false,undefined,true,false,true,true
74.846,undefined,0,0,0,0,0,0,0,0,0,0,0,0,0,0,0,0,0,0,0,0,0,0,0,2790.08,416.39,868.3,0,0,1323.88,62.57,0,383.99,3360.47,100.07,2798.87,483.6,2.57,48.13,9.98,805.97,1401.43,0,26.3,26.1,false,true,undefined,false,false,false,false,undefined,true,false,true,true
74.972,undefined,0,0,0,0,0,0,0,0,0,0,0,0,0,0,0,0,0,0,0,0,0,0,0,2790.08,416.39,868.3,0,0,1323.88,62.57,0,383.99,3216.17,89.7,2765.1,375.73,0,37.67,9.98,805.97,1401.43,0,26.3,26.1,false,true,undefined,false,false,false,false,undefined,true,false,true,true
75.09,undefined,0,0,0,0,0,0,0,0,0,0,0,0,0,0,0,0,0,0,0,0,0,0,0,2790.08,416.39,868.3,0,0,1323.88,62.57,0,383.99,3103.07,80.57,2732.57,292.5,0,28.63,7.8,805.97,1402.67,0,26.2,26.1,false,true,undefined,false,false,false,false,undefined,true,false,true,true
75.213,undefined,0,0,0,0,0,0,0,0,0,0,0,0,0,0,0,0,0,0,0,0,0,0,0,2790.08,416.39,868.3,0,0,1323.88,62.57,0,383.99,3009.47,80.57,2713.07,227.53,0,22.07,6.08,805.97,1413.13,0,26.2,26.1,false,true,undefined,false,false,false,false,undefined,true,false,true,true
75.337,undefined,0,0,0,0,0,0,0,0,0,0,0,0,0,0,0,0,0,0,0,0,0,0,0,3860.61,416.55,871.62,1189.45,0,1320.78,62.65,0,383.99,2938.03,74.1,2713.07,227.53,0,22.07,4.84,805.97,1413.13,0,26.2,26.1,false,true,undefined,false,false,false,false,undefined,true,false,true,true
75.468,undefined,0,0,0,0,0,0,0,0,0,0,0,0,0,0,0,0,0,0,0,0,0,0,0,3860.61,416.55,871.62,1189.45,0,1320.78,62.65,0,383.74,2886,70.2,2696.23,176.83,0,18.17,3.74,805.97,1413.13,0,26.2,26.1,false,true,undefined,false,false,false,false,undefined,true,false,true,true
75.59,undefined,0,0,0,0,0,0,0,0,0,0,0,0,0,0,0,0,0,0,0,0,0,0,0,3860.61,416.55,871.62,1189.45,0,1320.78,62.65,0,383.74,2886,66.3,2681.87,137.83,0,14.27,3.74,804.73,1413.13,0,26.2,26.1,false,true,undefined,false,false,false,false,undefined,true,false,true,true
75.707,undefined,0,0,0,0,0,0,0,0,0,0,0,0,0,0,0,0,0,0,0,0,0,0,0,3860.61,416.55,871.62,1189.45,0,1320.78,62.65,0,383.74,2840.53,63.73,2674.07,106.63,0,10.37,2.89,802.07,1413.13,0,26.2,26.1,false,true,undefined,false,false,false,false,undefined,true,false,true,true
75.839,undefined,0,0,0,0,0,0,0,0,0,0,0,0,0,0,0,0,0,0,0,0,0,0,0,4091.56,418.95,1012.01,882.64,0,1321.41,62.72,0,383.3,2801.53,61.07,2670.17,83.23,0,7.8,2.18,803.4,1413.13,0,26.2,26.1,false,true,undefined,false,false,false,false,undefined,true,false,true,true
75.959,undefined,0,0,0,0,0,0,0,0,0,0,0,0,0,0,0,0,0,0,0,0,0,0,0,4091.56,418.95,1012.01,882.64,0,1321.41,62.72,0,383.3,2771.57,59.83,2671.5,64.97,0,6.47,1.79,803.4,1413.13,0,26.2,26.1,false,true,undefined,false,false,false,false,undefined,true,false,true,true
76.088,undefined,0,0,0,0,0,0,0,0,0,0,0,0,0,0,0,0,0,0,0,0,0,0,0,4091.56,418.95,1012.01,882.64,0,1321.41,62.72,0,383.3,2749.5,59.83,2671.5,64.97,0,5.23,1.4,803.4,1413.13,0,26.2,26.1,false,true,undefined,false,false,false,false,undefined,true,false,true,true
76.218,undefined,0,0,0,0,0,0,0,0,0,0,0,0,0,0,0,0,0,0,0,0,0,0,0,4091.56,418.95,1012.01,882.64,0,1321.41,62.72,0,383.3,2732.57,58.5,2674.07,50.7,0,5.23,0,803.4,1413.13,0,26.2,26.1,false,true,undefined,false,false,false,false,undefined,true,false,true,true
76.35,undefined,0,0,0,0,0,0,0,0,0,0,0,0,0,0,0,0,0,0,0,0,0,0,0,4226.69,421.53,1074.38,883.24,0,1320.35,62.78,0,383.01,2732.57,57.17,2671.5,40.33,0,3.9,0,803.4,1413.13,0,26.2,26.1,false,true,undefined,false,false,false,false,undefined,true,false,true,true
76.459,undefined,0,0,0,0,0,0,0,0,0,0,0,0,0,0,0,0,0,0,0,0,0,0,0,4226.69,421.53,1074.38,883.24,0,1320.35,62.78,0,383.01,2716.97,57.17,2668.93,31.2,0,2.57,0,803.4,1413.13,0,26.2,26.1,false,true,undefined,false,false,false,false,undefined,true,false,true,true
76.579,undefined,0,0,0,0,0,0,0,0,0,0,0,0,0,0,0,0,0,0,0,0,0,0,0,4226.69,421.53,1074.38,883.24,0,1320.35,62.78,0,383.01,2706.6,55.93,2663.7,24.73,0,0,0,803.4,1413.13,0,26.2,26.1,false,true,undefined,false,false,false,false,undefined,true,false,true,true
76.682,undefined,0,0,0,0,0,0,0,0,0,0,0,0,0,0,0,0,0,0,0,0,0,0,0,4226.69,421.53,1074.38,883.24,0,1320.35,62.78,0,383.01,2693.57,55.93,2663.7,18.17,0,0,0,803.4,1413.13,0,26.2,26.1,false,true,undefined,false,false,false,false,undefined,true,false,true,true
76.796,undefined,0,0,0,0,0,0,0,0,0,0,0,0,0,0,0,0,0,0,0,0,0,0,0,4215.24,423.83,1068.07,883.23,0,1296.84,62.67,0,383.41,2693.57,55.93,2670.17,18.17,0,0,0,803.4,1411.8,0,26.2,26.1,false,true,undefined,false,false,false,false,undefined,true,false,true,true
76.906,undefined,0,0,0,0,0,0,0,0,0,0,0,0,0,0,0,0,0,0,0,0,0,0,0,4215.24,423.83,1068.07,883.23,0,1296.84,62.67,0,383.41,2681.87,55.93,2679.3,14.27,0,0,0,803.4,1411.8,0,26.2,26.1,false,true,undefined,false,false,false,false,undefined,true,false,true,true
77.022,undefined,0,0,0,0,0,0,0,0,0,0,0,0,0,0,0,0,0,0,0,0,0,0,0,4215.24,423.83,1068.07,883.23,0,1296.84,62.67,0,383.41,2670.17,54.6,2689.67,0,0,0,0,803.4,1411.8,0,26.2,26.1,false,true,undefined,false,false,false,false,undefined,true,false,true,true
77.134,undefined,0,0,0,0,0,0,0,0,0,0,0,0,0,0,0,0,0,0,0,0,0,0,0,4215.24,423.83,1068.07,883.23,0,1296.84,62.67,0,383.41,2670.17,54.6,2689.67,0,0,0,0,803.4,1413.13,0,26.2,26.1,false,true,undefined,false,false,false,false,undefined,true,false,true,true
77.25,undefined,0,0,0,0,0,0,0,0,0,0,0,0,0,0,0,0,0,0,0,0,0,0,0,4198.83,423.73,1068.07,884.85,0,1280.01,62.67,0,383.27,2670.17,54.6,2688.43,0,0,0,0,803.4,1413.13,0,26.2,26.1,false,true,undefined,false,false,false,false,undefined,true,false,true,true
77.379,undefined,0,0,0,0,0,0,0,0,0,0,0,0,0,0,0,0,0,0,0,0,0,0,0,4198.83,423.73,1076.97,884.85,0,1280.01,62.71,0,383.27,2667.6,54.6,2687.1,0,0,0,0,804.73,1413.13,0,26.2,26.1,false,true,undefined,false,false,false,false,undefined,true,false,true,true
77.495,undefined,0,0,0,0,0,0,0,0,0,0,0,0,0,0,0,0,0,0,0,0,0,0,0,4198.83,423.73,1076.97,884.85,0,1280.01,62.71,0,383.27,2668.93,55.93,2693.57,0,0,0,0,803.4,1413.13,0,26.2,26.1,false,true,undefined,false,false,false,false,undefined,true,false,true,true
77.619,undefined,0,0,0,0,0,0,0,0,0,0,0,0,0,0,0,0,0,0,0,0,0,0,0,4198.83,423.73,1076.97,884.85,0,1280.01,62.71,0,383.27,2665.03,54.6,2692.33,0,0,0,0,804.73,1413.13,0,26.2,26.1,false,true,undefined,false,false,false,false,undefined,true,false,true,true
77.746,undefined,0,0,0,0,0,0,0,0,0,0,0,0,0,0,0,0,0,0,0,0,0,0,0,4173.99,423.98,1027.35,883.26,0,1268.83,62.74,0,383.63,2659.8,54.6,2692.33,0,0,0,0,804.73,1413.13,0,26.2,26.1,false,true,undefined,false,false,false,false,undefined,true,false,true,true
77.874,undefined,0,0,0,0,0,0,0,0,0,0,0,0,0,0,0,0,0,0,0,0,0,0,0,4173.99,423.98,1027.35,883.26,0,1268.83,62.74,0,383.63,2653.33,54.6,2687.1,0,0,0,0,804.73,1413.13,0,26.2,26.1,false,true,undefined,false,false,false,false,undefined,true,false,true,true
77.996,undefined,0,0,0,0,0,0,0,0,0,0,0,0,0,0,0,0,0,0,0,0,0,0,0,4173.99,423.98,1027.35,883.26,0,1268.83,62.74,0,383.63,2653.33,53.27,2683.2,0,0,0,0,804.73,1413.13,0,26.2,26.1,false,true,undefined,false,false,false,false,undefined,true,false,true,true
78.109,undefined,0,0,0,0,0,0,0,0,0,0,0,0,0,0,0,0,0,0,0,0,0,0,0,4173.99,423.98,1027.35,883.26,0,1268.83,62.74,0,383.63,2640.3,53.27,2674.07,0,0,0,0,804.73,1413.13,0,26.2,26.1,false,true,undefined,false,false,false,false,undefined,true,false,true,true
78.243,undefined,0,0,0,0,0,0,0,0,0,0,0,0,0,0,0,0,0,0,0,0,0,0,0,4092.06,424.98,998.58,884.13,0,1260.8,62.69,0,383.04,2645.53,53.27,2661.13,0,0,0,0,804.73,1413.13,0,26.2,26.1,false,true,undefined,false,false,false,false,undefined,true,false,true,true
78.346,undefined,0,0,0,0,0,0,0,0,0,0,0,0,0,0,0,0,0,0,0,0,0,0,0,4092.06,424.98,998.58,884.13,0,1260.8,62.69,0,383.04,2658.47,53.27,2661.13,0,0,0,0,804.73,1413.13,0,26.2,26.1,false,true,undefined,false,false,false,false,undefined,true,false,true,true
78.479,undefined,0,0,0,0,0,0,0,0,0,0,0,0,0,0,0,0,0,0,0,0,0,0,0,4092.06,424.98,998.58,884.13,0,1260.8,62.69,0,383.04,2659.8,54.6,2654.57,0,0,0,0,804.73,1413.13,0,26.2,26.1,false,true,undefined,false,false,false,false,undefined,true,false,true,true
78.611,undefined,0,0,0,0,0,0,0,0,0,0,0,0,0,0,0,0,0,0,0,0,0,0,0,4092.06,424.98,998.58,884.13,0,1260.8,62.69,0,383.04,2659.8,54.6,2658.47,0,0,0,0,803.4,1413.13,0,26.2,26.1,false,true,undefined,false,false,false,false,undefined,true,false,true,true
78.718,undefined,0,0,0,0,0,0,0,0,0,0,0,0,0,0,0,0,0,0,0,0,0,0,0,4056.83,424.15,978.33,883.23,0,1258.81,62.63,0,383.09,2658.47,54.6,2663.7,0,0,0,0,803.4,1414.37,0,26.2,26.1,false,true,undefined,false,false,false,false,undefined,true,false,true,true
78.84,undefined,0,0,0,0,0,0,0,0,0,0,0,0,0,0,0,0,0,0,0,0,0,0,0,4056.83,424.15,978.33,883.23,0,1258.81,62.63,0,383.09,2670.17,54.6,2666.27,0,0,0,0,803.4,1414.37,0,26.2,26.1,false,true,undefined,false,false,false,false,undefined,true,false,true,true
78.955,undefined,0,0,0,0,0,0,0,0,0,0,0,0,0,0,0,0,0,0,0,0,0,0,0,4056.83,424.15,978.33,883.23,0,1258.81,62.63,0,383.09,2675.4,54.6,2663.7,0,0,0,0,803.4,1414.37,0,26.2,26.1,false,true,undefined,false,false,false,false,undefined,true,false,true,true
79.065,undefined,0,0,0,0,0,0,0,0,0,0,0,0,0,0,0,0,0,0,0,0,0,0,0,4056.83,424.15,978.33,883.23,0,1258.81,62.63,0,383.09,2670.17,54.6,2663.7,0,0,0,0,802.07,1414.37,0,26.2,26.1,false,true,undefined,false,false,false,false,undefined,true,false,true,true
79.195,undefined,0,0,0,0,0,0,0,0,0,0,0,0,0,0,0,0,0,0,0,0,0,0,0,4066.42,424.31,1011.39,883.5,0,1259.08,62.64,0,384.12,2670.17,54.6,2658.47,0,0,0,0,802.07,1414.37,0,26.2,26.1,false,true,undefined,false,false,false,false,undefined,true,false,true,true
79.324,undefined,0,0,0,0,0,0,0,0,0,0,0,0,0,0,0,0,0,0,0,0,0,0,0,4066.42,424.31,1011.39,883.5,0,1259.08,62.64,0,384.12,2661.13,54.6,2667.6,0,0,0,0,803.4,1414.37,0,26.2,26.1,false,true,undefined,false,false,false,false,undefined,true,false,true,true
79.449,undefined,0,0,0,0,0,0,0,0,0,0,0,0,0,0,0,0,0,0,0,0,0,0,0,4066.42,424.31,1011.39,883.5,0,1259.08,62.64,0,384.12,2659.8,54.6,2665.03,0,0,0,0,802.07,1414.37,0,26.2,26.1,false,true,undefined,false,false,false,false,undefined,true,false,true,true
79.564,undefined,0,0,0,0,0,0,0,0,0,0,0,0,0,0,0,0,0,0,0,0,0,0,0,4066.42,424.31,1011.39,883.5,0,1259.08,62.64,0,384.12,2658.47,54.6,2663.7,0,0,0,0,800.83,1414.37,0,26.2,26.1,false,true,undefined,false,false,false,false,undefined,true,false,true,true
79.689,undefined,0,0,0,0,0,0,0,0,0,0,0,0,0,0,0,0,0,0,0,0,0,0,0,4202.6,424.1,1030.76,883.11,0,1259.97,62.61,0,384.43,2665.03,54.6,2663.7,0,0,0,0,800.83,1414.37,0,26.2,26.1,false,true,undefined,false,false,false,false,undefined,true,false,true,true
79.816,undefined,0,0,0,0,0,0,0,0,0,0,0,0,0,0,0,0,0,0,0,0,0,0,0,4202.6,424.1,1030.76,883.11,0,1259.97,62.61,0,384.43,2655.9,54.6,2665.03,0,0,0,0,800.83,1414.37,0,26.2,26.1,false,true,undefined,false,false,false,false,undefined,true,false,true,true
79.938,undefined,0,0,0,0,0,0,0,0,0,0,0,0,0,0,0,0,0,0,0,0,0,0,0,4202.6,424.1,1030.76,883.11,0,1259.97,62.61,0,384.43,2655.9,54.6,2671.5,0,0,0,0,802.07,1414.37,0,26.2,26.1,false,true,undefined,false,false,false,false,undefined,true,false,true,true
80.048,undefined,0,0,0,0,0,0,0,0,0,0,0,0,0,0,0,0,0,0,0,0,0,0,0,4202.6,424.1,1030.76,883.11,0,1259.97,62.61,0,384.43,2654.57,54.6,2677.97,0,0,0,0,803.4,1414.37,0,26.2,26.1,false,true,undefined,false,false,false,false,undefined,true,false,true,true
80.179,undefined,0,0,0,0,0,0,0,0,0,0,0,0,0,0,0,0,0,0,0,0,0,0,0,4200.18,424.16,1030.61,882.86,0,1259,62.6,0,384.24,2654.57,54.6,2679.3,0,0,0,0,804.73,1413.13,0,26.2,26.1,false,true,undefined,false,false,false,false,undefined,true,false,true,true
80.305,undefined,0,0,0,0,0,0,0,0,0,0,0,0,0,0,0,0,0,0,0,0,0,0,0,4200.18,424.16,1030.61,882.86,0,1259,62.6,0,384.24,2644.2,54.6,2675.4,0,0,0,0,804.73,1411.8,0,26.2,26.1,false,true,undefined,false,false,false,false,undefined,true,false,true,true
80.416,undefined,0,0,0,0,0,0,0,0,0,0,0,0,0,0,0,0,0,0,0,0,0,0,0,4200.18,424.16,1030.61,882.86,0,1259,62.6,0,384.24,2641.63,54.6,2675.4,0,0,0,0,803.4,1411.8,0,26.2,26.1,false,true,undefined,false,false,false,false,undefined,true,false,true,true
80.517,undefined,0,0,0,0,0,0,0,0,0,0,0,0,0,0,0,0,0,0,0,0,0,0,0,4200.18,424.16,1030.61,882.86,0,1259,62.6,0,384.24,2641.63,54.6,2668.93,0,0,0,0,803.4,1411.8,0,26.2,26.1,false,true,undefined,false,false,false,false,undefined,true,false,true,true
80.628,undefined,0,0,0,0,0,0,0,0,0,0,0,0,0,0,0,0,0,0,0,0,0,0,0,4183.18,424.48,1015.19,883.03,0,1259.15,62.57,0,383.15,2641.63,54.6,2670.17,0,0,0,0,804.73,1411.8,0,26.2,26.1,false,true,undefined,false,false,false,false,undefined,true,false,true,true
80.752,undefined,0,0,0,0,0,0,0,0,0,0,0,0,0,0,0,0,0,0,0,0,0,0,0,4183.18,424.48,1015.19,883.03,0,1259.15,62.57,0,383.15,2641.63,54.6,2670.17,0,0,0,0,804.73,1411.8,0,26.2,26.1,false,true,undefined,false,false,false,false,undefined,true,false,true,true
80.865,undefined,0,0,0,0,0,0,0,0,0,0,0,0,0,0,0,0,0,0,0,0,0,0,0,4183.18,424.48,1015.19,883.03,0,1259.15,62.57,0,383.15,2646.77,54.6,2676.73,0,0,0,0,803.4,1411.8,0,26.2,26.1,false,true,undefined,false,false,false,false,undefined,true,false,true,true
80.99,undefined,0,0,0,0,0,0,0,0,0,0,0,0,0,0,0,0,0,0,0,0,0,0,0,4183.18,424.48,1015.19,883.03,0,1259.15,62.57,0,383.15,2646.77,54.6,2675.4,0,0,0,0,802.07,1411.8,0,26.2,26.1,false,true,undefined,true,true,false,false,undefined,true,false,true,true
81.096,undefined,0,0,0,0,0,0,0,0,0,0,0,0,0,0,0,0,0,0,0,0,0,0,0,4293.92,426.11,1005.96,882.21,0,1256.4,62.63,156.83,383.51,2653.33,54.6,2670.17,0,0,0,0,802.07,1411.8,0,26.2,26.1,false,true,undefined,true,true,false,false,undefined,true,false,true,true
81.213,undefined,0,0,0,0,0,0,0,0,0,0,0,0,0,0,0,0,0,0,0,0,0,0,0,4293.92,426.11,1005.96,882.21,0,1256.4,62.63,156.83,383.51,2654.57,54.6,2668.93,0,0,0,0,803.4,1411.8,0,26.2,26.1,false,true,undefined,true,true,false,false,undefined,true,false,true,true
81.325,undefined,0,0,0,0,0,0,0,0,0,0,0,0,0,0,0,0,0,0,0,0,0,0,0,4293.92,426.11,1005.96,882.21,0,1256.4,62.63,156.83,383.51,2653.33,54.6,2668.93,0,0,0,0,803.4,1411.8,0,26.2,26.1,false,true,undefined,true,true,false,false,undefined,true,false,true,true
81.445,undefined,0,0,0,0,0,0,0,0,0,0,0,0,0,0,0,0,0,0,0,0,0,0,0,4293.92,426.11,1005.96,882.21,0,1256.4,62.63,156.83,383.51,2653.33,54.6,2662.37,0,0,0,0,802.07,1411.8,0,26.2,26.1,false,true,undefined,true,true,false,false,undefined,true,false,true,true
81.575,undefined,0,0,0,0,0,0,0,0,0,0,0,0,0,0,0,0,0,0,0,0,0,0,0,4114.83,426.81,947.85,883.52,0,1251.77,62.6,145.33,383.51,2661.13,54.6,2663.7,0,0,0,0,800.83,1411.8,0,26.2,26.1,false,true,undefined,true,true,false,false,undefined,true,false,true,true
81.692,undefined,0,0,0,0,0,0,0,0,0,0,0,0,0,0,0,0,0,0,0,0,0,0,0,4114.83,426.81,947.85,883.52,0,1251.77,62.6,145.33,384.04,2662.37,54.6,2670.17,0,0,0,0,802.07,1409.23,0,26.2,26.1,false,true,undefined,true,true,false,false,undefined,true,false,true,true
81.821,undefined,0,0,0,0,0,0,0,0,0,0,0,0,0,0,0,0,0,0,0,0,0,0,0,4114.83,426.81,947.85,883.52,0,1251.77,62.6,145.33,384.04,2654.57,54.6,2671.5,0,0,0,0,802.07,1409.23,0,26.2,26.1,false,true,undefined,true,true,false,false,undefined,true,false,true,true
81.946,undefined,0,0,0,0,0,0,0,0,0,0,0,0,0,0,0,0,0,0,0,0,0,0,0,4114.83,426.81,947.85,883.52,0,1251.77,62.6,145.33,384.04,2657.23,54.6,2671.5,0,0,0,0,802.07,1409.23,0,26.2,26.1,false,true,undefined,true,true,false,false,undefined,true,false,true,true
82.078,undefined,0,0,0,0,0,0,0,0,0,0,0,0,0,0,0,0,0,0,0,0,0,0,0,4365.24,426.37,1038.29,882,0,1250.6,62.61,145.45,383.17,2658.47,54.6,2657.23,0,0,0,0,803.4,1409.23,0,26.2,26.1,false,true,undefined,true,true,false,false,undefined,true,false,true,true
82.191,undefined,0,0,0,0,0,0,0,0,0,0,0,0,0,0,0,0,0,0,0,0,0,0,0,4365.24,426.37,1038.29,882,0,1250.6,62.61,145.45,383.17,2658.47,54.6,2654.57,0,0,0,0,802.07,1410.47,0,26.2,26.1,false,true,undefined,true,true,false,false,undefined,true,false,true,true
82.307,undefined,0,0,0,0,0,0,0,0,0,0,0,0,0,0,0,0,0,0,0,0,0,0,0,4365.24,426.37,1038.29,882,0,1250.6,62.61,145.45,383.17,2655.9,54.6,2671.5,0,0,0,0,802.07,1410.47,0,26.2,26.1,false,true,undefined,true,true,false,false,undefined,true,false,true,true
82.436,undefined,0,0,0,0,0,0,0,0,0,0,0,0,0,0,0,0,0,0,0,0,0,0,0,4365.24,426.37,1038.29,882,0,1250.6,62.61,145.45,383.17,2650.67,54.6,2675.4,0,0,0,0,803.4,1407.9,0,26.2,26.1,false,true,undefined,true,true,false,false,undefined,true,false,true,true
82.563,undefined,0,0,0,0,0,0,0,0,0,0,0,0,0,0,0,0,0,0,0,0,0,0,0,4376.82,427.41,1036.86,883.07,0,1249.35,62.64,145.02,382.59,2648.1,54.6,2675.4,0,0,0,0,803.4,1407.9,0,26.2,26.1,false,true,undefined,true,true,false,false,undefined,true,false,true,true
82.679,undefined,0,0,0,0,0,0,0,0,0,0,0,0,0,0,0,0,0,0,0,0,0,0,0,4376.82,427.41,1036.86,883.07,0,1249.35,62.64,145.02,382.59,2642.87,54.6,2675.4,0,0,0,0,803.4,1407.9,0,26.2,26.1,false,true,undefined,true,true,false,false,undefined,true,false,true,true
82.799,undefined,0,0,0,0,0,0,0,0,0,0,0,0,0,0,0,0,0,0,0,0,0,0,0,4376.82,427.41,1036.86,883.07,0,1249.35,62.64,145.02,382.59,2642.87,54.6,2676.73,0,0,0,0,804.73,1407.9,0,26.2,26.1,false,true,undefined,true,true,false,false,undefined,true,false,true,true
82.915,undefined,0,0,0,0,0,0,0,0,0,0,0,0,0,0,0,0,0,0,0,0,0,0,0,4376.82,427.41,1036.86,883.07,0,1249.35,62.64,145.02,382.59,2646.77,54.6,2685.77,0,0,0,0,804.73,1407.9,0,26.2,26.1,false,true,undefined,true,true,false,false,undefined,true,false,true,true
83.024,undefined,0,0,0,0,0,0,0,0,0,0,0,0,0,0,0,0,0,0,0,0,0,0,0,4299.07,426.58,1056.47,882.24,0,1244.04,62.45,146.78,382.6,2645.53,54.6,2693.57,0,0,0,0,804.73,1407.9,0,26.2,26.1,false,true,undefined,true,true,false,false,undefined,true,false,true,true
83.151,undefined,0,0,0,0,0,0,0,0,0,0,0,0,0,0,0,0,0,0,0,0,0,0,0,4299.07,426.58,1056.47,882.24,0,1244.04,62.45,146.78,382.6,2646.77,54.6,2693.57,0,0,0,0,804.73,1407.9,0,26.2,26.1,false,true,undefined,true,true,false,false,undefined,true,false,true,true
83.265,undefined,0,0,0,0,0,0,0,0,0,0,0,0,0,0,0,0,0,0,0,0,0,0,0,4299.07,426.58,1056.47,882.24,0,1244.04,62.45,146.78,382.6,2642.87,54.6,2693.57,0,0,0,0,803.4,1407.9,0,26.2,26.1,false,true,undefined,true,true,false,false,undefined,true,false,true,true
83.384,undefined,0,0,0,0,0,0,0,0,0,0,0,0,0,0,0,0,0,0,0,0,0,0,0,4299.07,426.58,1056.47,882.24,0,1244.04,62.45,146.78,382.6,2642.87,54.6,2685.77,0,0,0,0,802.07,1407.9,0,26.2,26.1,false,true,undefined,true,true,false,false,undefined,true,false,true,true
83.51,undefined,0,0,0,0,0,0,0,0,0,0,0,0,0,0,0,0,0,0,0,0,0,0,0,4253.29,427.38,1034.31,882.6,0,1244.26,62.58,144.8,382.79,2641.63,54.6,2683.2,0,0,0,0,802.07,1407.9,0,26.2,26.1,false,true,undefined,true,true,false,false,undefined,true,false,true,true
83.618,undefined,0,0,0,0,0,0,0,0,0,0,0,0,0,0,0,0,0,0,0,0,0,0,0,4253.29,427.38,1034.31,882.6,0,1244.26,62.58,144.8,382.79,2635.07,54.6,2679.3,0,0,0,0,802.07,1407.9,0,26.2,26.1,false,true,undefined,true,true,false,false,undefined,true,false,true,true
83.727,undefined,0,0,0,0,0,0,0,0,0,0,0,0,0,0,0,0,0,0,0,0,0,0,0,4253.29,427.38,1034.31,882.6,0,1244.26,62.58,144.8,382.79,2633.83,54.6,2679.3,0,0,0,0,802.07,1407.9,0,26.2,26.1,false,true,undefined,true,true,false,false,undefined,true,false,true,true
83.836,undefined,0,0,0,0,0,0,0,0,0,0,0,0,0,0,0,0,0,0,0,0,0,0,0,4253.29,427.38,1034.31,882.6,0,1244.26,62.58,144.8,382.79,2633.83,54.6,2670.17,0,0,0,0,803.4,1407.9,0,26.2,26.1,false,true,undefined,true,true,false,false,undefined,true,false,true,true
83.956,undefined,0,0,0,0,0,0,0,0,0,0,0,0,0,0,0,0,0,0,0,0,0,0,0,4078.9,427.58,1034.31,882.6,0,1244.26,62.58,146.31,382.79,2637.73,54.6,2671.5,0,0,0,0,803.4,1407.9,0,26.2,26.1,false,true,undefined,true,true,false,false,undefined,true,false,true,true
84.071,undefined,0,0,0,0,0,0,0,0,0,0,0,0,0,0,0,0,0,0,0,0,0,0,0,4078.9,427.58,935.79,882.78,0,1243.72,62.67,146.31,383.42,2642.87,54.6,2670.17,0,0,0,0,802.07,1407.9,0,26.2,26.1,false,true,undefined,true,true,false,false,undefined,true,false,true,true
84.202,undefined,0,0,0,0,0,0,0,0,0,0,0,0,0,0,0,0,0,0,0,0,0,0,0,4078.9,427.58,935.79,882.78,0,1243.72,62.67,146.31,383.42,2648.1,54.6,2670.17,0,0,0,0,802.07,1407.9,0,26.2,26.1,false,true,undefined,true,true,false,false,undefined,true,false,true,true
84.334,undefined,0,0,0,0,0,0,0,0,0,0,0,0,0,0,0,0,0,0,0,0,0,0,0,4078.9,427.58,935.79,882.78,0,1243.72,62.67,146.31,383.42,2657.23,54.6,2668.93,0,0,0,0,802.07,1411.8,0,26.2,26.1,false,true,undefined,true,true,false,false,undefined,true,false,true,true
84.468,undefined,0,0,0,0,0,0,0,0,0,0,0,0,0,0,0,0,0,0,0,0,0,0,0,4387.81,421.78,1064.5,882.28,0,1247.94,62.71,149.88,383.37,2657.23,54.6,2670.17,0,0,0,0,802.07,1411.8,0,26.2,26.1,false,true,undefined,true,true,false,false,undefined,true,false,true,true
84.593,undefined,0,0,0,0,0,0,0,0,0,0,0,0,0,0,0,0,0,0,0,0,0,0,0,4387.81,421.78,1064.5,882.28,0,1247.94,62.71,149.88,383.37,2668.93,54.6,2672.83,0,0,0,0,802.07,1411.8,0,26.2,26.1,false,true,undefined,true,true,false,false,undefined,true,false,true,true
84.705,undefined,0,0,0,0,0,0,0,0,0,0,0,0,0,0,0,0,0,0,0,0,0,0,0,4387.81,421.78,1064.5,882.28,0,1247.94,62.71,149.88,383.37,2671.5,54.6,2677.97,0,0,0,0,803.4,1411.8,0,26.2,26.1,false,true,undefined,true,true,false,false,undefined,true,false,true,true
84.816,undefined,0,0,0,0,0,0,0,0,0,0,0,0,0,0,0,0,0,0,0,0,0,0,0,4387.81,421.78,1064.5,882.28,0,1247.94,62.71,149.88,383.37,2674.07,54.6,2675.4,0,0,0,0,802.07,1411.8,0,26.2,26.1,false,true,undefined,true,true,false,false,undefined,true,false,true,true
84.94,undefined,0,0,0,0,0,0,0,0,0,0,0,0,0,0,0,0,0,0,0,0,0,0,0,4501.83,420.83,1077.77,882.84,0,1269.66,62.59,146.83,383.77,2681.87,54.6,2675.4,0,0,0,0,802.07,1411.8,0,26.2,26.1,false,true,undefined,true,true,false,false,undefined,true,false,true,true
85.053,undefined,0,0,0,0,0,0,0,0,0,0,0,0,0,0,0,0,0,0,0,0,0,0,0,4501.83,420.83,1077.77,882.84,0,1269.66,62.59,146.83,383.77,2681.87,54.6,2668.93,0,0,0,0,803.4,1411.8,0,26.2,26.1,false,true,undefined,true,true,false,false,undefined,true,false,true,true
85.173,undefined,0,0,0,0,0,0,0,0,0,0,0,0,0,0,0,0,0,0,0,0,0,0,0,4501.83,420.83,1077.77,882.84,0,1269.66,62.59,146.83,383.77,2676.73,54.6,2675.4,0,0,0,0,803.4,1411.8,0,26.2,26.1,false,true,undefined,true,true,false,false,undefined,true,false,true,true
85.302,undefined,0,0,0,0,0,0,0,0,0,0,0,0,0,0,0,0,0,0,0,0,0,0,0,4501.83,420.83,1077.77,882.84,0,1269.66,62.59,146.83,383.77,2670.17,54.6,2679.3,0,0,0,0,802.07,1411.8,0,26.2,26.1,false,true,undefined,true,true,false,false,undefined,true,false,true,true
85.434,undefined,0,0,0,0,0,0,0,0,0,0,0,0,0,0,0,0,0,0,0,0,0,0,0,4501.36,421.13,1069.69,882.33,0,1288.25,62.64,146.51,383.98,2666.27,54.6,2679.3,0,0,0,0,802.07,1411.8,0,26.2,26.1,false,true,undefined,true,true,false,false,undefined,true,false,true,true
85.559,undefined,0,0,0,0,0,0,0,0,0,0,0,0,0,0,0,0,0,0,0,0,0,0,0,4501.36,421.13,1069.69,882.33,0,1288.25,62.64,146.51,383.98,2662.37,54.6,2679.3,0,0,0,0,802.07,1411.8,0,26.2,26.1,false,true,undefined,true,true,false,false,undefined,true,false,true,true
85.673,undefined,0,0,0,0,0,0,0,0,0,0,0,0,0,0,0,0,0,0,0,0,0,0,0,4501.36,421.13,1069.69,882.33,0,1288.25,62.64,146.51,383.98,2662.37,54.6,2679.3,0,0,0,0,802.07,1411.8,0,26.2,26.1,false,true,undefined,true,true,false,false,undefined,true,false,true,true
85.807,undefined,0,0,0,0,0,0,0,0,0,0,0,0,0,0,0,0,0,0,0,0,0,0,0,4501.36,421.13,1069.69,882.33,0,1288.25,62.64,146.51,383.98,2662.37,54.6,2680.63,0,0,0,0,802.07,1410.47,0,26.2,26.1,false,true,undefined,true,true,false,false,undefined,true,false,true,true
85.918,undefined,0,0,0,0,0,0,0,0,0,0,0,0,0,0,0,0,0,0,0,0,0,0,0,4515.03,421.62,1072.72,882.72,0,1298.23,62.57,145.97,383.36,2663.7,54.6,2680.63,0,0,0,0,802.07,1410.47,0,26.2,26.1,false,true,undefined,true,true,false,false,undefined,true,false,true,true
86.029,undefined,0,0,0,0,0,0,0,0,0,0,0,0,0,0,0,0,0,0,0,0,0,0,0,4515.03,421.62,1072.72,882.72,0,1298.23,62.57,145.97,383.36,2661.13,54.6,2674.07,0,0,0,0,803.4,1410.47,0,26.2,26.1,false,true,undefined,true,true,false,false,undefined,true,false,true,true
86.161,undefined,0,0,0,0,0,0,0,0,0,0,0,0,0,0,0,0,0,0,0,0,0,0,0,4515.03,421.62,1072.72,882.72,0,1298.23,62.57,145.97,383.36,2659.8,53.27,2666.27,0,0,0,0,803.4,1409.23,0,26.2,26.1,false,true,undefined,true,true,false,false,undefined,true,false,true,true
86.283,undefined,0,0,0,0,0,0,0,0,0,0,0,0,0,0,0,0,0,0,0,0,0,0,0,4515.03,421.62,1072.72,882.72,0,1298.23,62.57,145.97,383.36,2655.9,53.27,2670.17,0,0,0,0,803.4,1409.23,0,26.2,26.1,false,true,undefined,true,true,false,false,undefined,true,false,true,true
86.4,undefined,0,0,0,0,0,0,0,0,0,0,0,0,0,0,0,0,0,0,0,0,0,0,0,4431.32,421.55,1092.41,882.1,0,1310.26,62.66,147.52,383.69,2655.9,54.6,2670.17,0,0,0,0,804.73,1407.9,0,26.2,26.1,false,true,undefined,true,true,false,false,undefined,true,false,true,true
86.51,undefined,0,0,0,0,0,0,0,0,0,0,0,0,0,0,0,0,0,0,0,0,0,0,0,4431.32,421.55,1092.41,882.1,0,1310.26,62.66,147.52,383.69,2648.1,54.6,2674.07,0,0,0,0,804.73,1407.9,0,26.2,26.1,false,true,undefined,true,true,false,false,undefined,true,false,true,true
86.629,undefined,0,0,0,0,0,0,0,0,0,0,0,0,0,0,0,0,0,0,0,0,0,0,0,4431.32,421.55,1092.41,882.1,0,1310.26,62.66,147.52,383.69,2649.43,54.6,2671.5,0,0,0,0,804.73,1407.9,0,26.2,26.1,false,true,undefined,true,true,false,false,undefined,true,false,true,true
86.759,undefined,0,0,0,0,0,0,0,0,0,0,0,0,0,0,0,0,0,0,0,0,0,0,0,4431.32,421.55,1092.41,882.1,0,1310.26,62.66,147.52,383.69,2654.57,54.6,2671.5,0,0,0,0,804.73,1407.9,0,26.2,26.1,false,true,undefined,true,true,false,false,undefined,true,false,true,true
86.872,undefined,0,0,0,0,0,0,0,0,0,0,0,0,0,0,0,0,0,0,0,0,0,0,0,4329.15,421.13,1035.43,882.56,0,1318.47,62.55,148.42,382.94,2650.67,54.6,2671.5,0,0,0,0,803.4,1407.9,0,26.2,26.1,false,true,undefined,true,true,false,false,undefined,true,false,true,true
87.002,undefined,0,0,0,0,0,0,0,0,0,0,0,0,0,0,0,0,0,0,0,0,0,0,0,4329.15,421.13,1035.43,882.56,0,1318.47,62.55,148.42,382.94,2650.67,54.6,2674.07,0,0,0,0,803.4,1407.9,0,26.2,26.1,false,true,undefined,true,true,false,false,undefined,true,false,true,true
87.134,undefined,0,0,0,0,0,0,0,0,0,0,0,0,0,0,0,0,0,0,0,0,0,0,0,4329.15,421.13,1035.43,882.56,0,1318.47,62.55,148.42,382.94,2642.87,54.6,2672.83,0,0,0,0,804.73,1407.9,0,26.2,26.1,false,true,undefined,true,true,false,false,undefined,true,false,true,true
87.211,undefined,0,0,0,0,0,0,0,0,0,0,0,0,0,0,0,0,0,0,0,0,0,0,0,4329.15,421.13,1035.43,882.56,0,1318.47,62.55,148.42,382.94,2650.67,55.93,2668.93,0,0,0,0,804.73,1407.9,0,26.2,26.1,false,true,undefined,true,true,false,false,undefined,true,false,true,true
87.333,undefined,0,0,0,0,0,0,0,0,0,0,0,0,0,0,0,0,0,0,0,0,0,0,0,4184.12,421.16,1035.43,882.89,0,1320.87,62.85,147.28,382.84,2659.8,55.93,2668.93,0,0,0,0,804.73,1407.9,0,26.2,26.1,false,true,undefined,true,true,false,false,undefined,true,false,true,true
87.459,undefined,0,0,0,0,0,0,0,0,0,0,0,0,0,0,0,0,0,0,0,0,0,0,0,4184.12,421.16,1010.93,882.89,0,1320.87,62.85,147.28,382.84,2659.8,55.93,2663.7,0,0,0,0,804.73,1407.9,0,26.2,26.1,false,true,undefined,true,true,false,false,undefined,true,false,true,true
87.562,undefined,0,0,0,0,0,0,0,0,0,0,0,0,0,0,0,0,0,0,0,0,0,0,0,4184.12,421.16,1010.93,882.89,0,1320.87,62.85,147.28,382.84,2658.47,55.93,2666.27,0,0,0,0,804.73,1407.9,0,26.2,26.1,false,true,undefined,true,true,false,false,undefined,true,false,true,true
87.676,undefined,0,0,0,0,0,0,0,0,0,0,0,0,0,0,0,0,0,0,0,0,0,0,0,4184.12,421.16,1010.93,882.89,0,1320.87,62.85,147.28,382.84,2663.7,55.93,2668.93,0,0,0,0,803.4,1407.9,0,26.2,26.1,false,true,undefined,true,true,false,false,undefined,true,false,true,true
87.793,undefined,0,0,0,0,0,0,0,0,0,0,0,0,0,0,0,0,0,0,0,0,0,0,0,4585.58,421.16,1010.93,883.11,0,1320.87,62.85,147.28,382.84,2672.83,55.93,2668.93,0,0,0,0,803.4,1407.9,0,26.2,26.1,false,true,undefined,true,true,false,false,undefined,true,false,true,true
87.907,undefined,0,0,0,0,0,0,0,0,0,0,0,0,0,0,0,0,0,0,0,0,0,0,0,4585.58,421.36,1107.31,883.11,0,1325.75,62.78,147.5,384.04,2672.83,55.93,2671.5,0,0,0,0,802.07,1411.8,0,26.2,26.1,false,true,undefined,true,true,false,false,undefined,true,false,true,true
88.013,undefined,0,0,0,0,0,0,0,0,0,0,0,0,0,0,0,0,0,0,0,0,0,0,0,4585.58,421.36,1107.31,883.11,0,1325.75,62.78,147.5,384.04,2670.17,55.93,2670.17,0,0,0,0,802.07,1411.8,0,26.2,26.1,false,true,undefined,true,true,false,false,undefined,true,false,true,true
88.129,undefined,0,0,0,0,0,0,0,0,0,0,0,0,0,0,0,0,0,0,0,0,0,0,0,4585.58,421.36,1107.31,883.11,0,1325.75,62.78,147.5,384.04,2665.03,55.93,2665.03,0,0,0,0,802.07,1411.8,0,26.2,26.1,false,true,undefined,true,true,false,false,undefined,true,false,true,true
88.26,undefined,0,0,0,0,0,0,0,0,0,0,0,0,0,0,0,0,0,0,0,0,0,0,0,4585.58,421.36,1149.49,883.11,0,1325.75,62.65,148.25,384.04,2665.03,55.93,2665.03,0,0,0,0,802.07,1411.8,0,26.2,26.1,false,true,undefined,true,true,false,false,undefined,true,false,true,true
88.368,undefined,0,0,0,0,0,0,0,0,0,0,0,0,0,0,0,0,0,0,0,0,0,0,0,4620.4,421.41,1149.49,883.39,0,1321.03,62.65,148.25,384.04,2661.13,55.93,2665.03,0,0,0,0,802.07,1411.8,0,26.2,26.1,false,true,undefined,true,true,false,false,undefined,true,false,true,true
88.482,undefined,0,0,0,0,0,0,0,0,0,0,0,0,0,0,0,0,0,0,0,0,0,0,0,4620.4,421.41,1149.49,883.39,0,1321.03,62.65,148.25,384.04,2661.13,55.93,2676.73,0,0,0,0,802.07,1411.8,0,26.2,26.1,false,true,undefined,true,true,false,false,undefined,true,false,true,true
88.612,undefined,0,0,0,0,0,0,0,0,0,0,0,0,0,0,0,0,0,0,0,0,0,0,0,4620.4,421.41,1149.49,883.39,0,1321.03,62.65,148.25,384.04,2652,54.6,2679.3,0,0,0,0,802.07,1411.8,0,26.2,26.1,false,true,undefined,true,true,false,false,undefined,true,false,true,true
88.724,undefined,0,0,0,0,0,0,0,0,0,0,0,0,0,0,0,0,0,0,0,0,0,0,0,4620.4,421.41,1149.49,883.39,0,1316.68,62.65,148.25,384.04,2646.77,54.6,2674.07,0,0,0,0,802.07,1411.8,0,26.2,26.1,false,true,undefined,true,true,false,false,undefined,true,false,true,true
88.851,undefined,0,0,0,0,0,0,0,0,0,0,0,0,0,0,0,0,0,0,0,0,0,0,0,6834.14,426.01,1139.74,882.18,2203.52,1316.68,62.5,146.52,383.1,2648.1,54.6,2670.17,0,0,0,0,802.07,1411.8,0,26.2,26.1,false,true,undefined,true,true,false,false,undefined,true,false,true,true
88.965,undefined,0,0,0,0,0,0,0,0,0,0,0,0,0,0,0,0,0,0,0,0,0,0,0,6834.14,426.01,1139.74,882.18,2203.52,1316.68,62.5,146.52,383.1,2655.9,54.6,2670.17,0,0,0,0,803.4,1411.8,0,26.2,26.1,false,true,undefined,true,true,false,false,undefined,true,false,true,true
89.102,undefined,0,0,0,0,0,0,0,0,0,0,0,0,0,0,0,0,0,0,0,0,0,0,0,6834.14,426.01,1139.74,882.18,2203.52,1316.68,62.5,146.52,383.1,2655.9,54.6,2659.8,0,0,0,0,804.73,1411.8,0,26.2,26.1,false,true,undefined,true,true,false,true,undefined,true,false,true,true
89.216,undefined,0,0,0,0,0,0,0,0,0,0,0,0,0,0,0,0,0,0,0,0,0,0,0,6834.14,426.01,1139.74,882.18,2203.52,1316.68,62.5,146.52,383.1,2653.33,54.6,2661.13,0,0,0,0,803.4,1411.8,0,26.2,26.1,false,true,undefined,true,true,false,true,undefined,true,false,true,true
89.35,undefined,0,0,0,0,0,0,0,0,0,0,0,0,0,0,0,0,0,0,0,0,0,0,0,5681.36,428.68,1028.51,883.31,1274.19,1299.58,62.63,149.29,383.96,2644.2,54.6,2659.8,0,0,0,0,802.07,1411.8,0,26.2,26.1,false,true,undefined,true,true,false,true,undefined,true,false,true,true
89.466,undefined,0,0,0,0,0,0,0,0,0,0,0,0,0,0,0,0,0,0,0,0,0,0,0,5681.36,428.68,1028.51,883.31,1274.19,1299.58,62.63,149.29,383.96,2650.67,54.6,2655.9,0,0,0,0,803.4,1410.47,0,26.2,26.1,false,true,undefined,true,true,false,true,undefined,true,false,true,true
89.574,undefined,0,0,0,0,0,0,0,0,0,0,0,0,0,0,0,0,0,0,0,0,0,0,0,5681.36,428.68,1028.51,883.31,1274.19,1299.58,62.63,149.29,383.96,2653.33,54.6,2655.9,0,0,0,0,803.4,1410.47,0,26.2,26.1,false,true,undefined,true,true,false,true,undefined,true,false,true,true
89.689,undefined,0,0,0,0,0,0,0,0,0,0,0,0,0,0,0,0,0,0,0,0,0,0,0,5681.36,428.68,988.58,883.31,1274.19,1299.58,62.63,149.29,383.96,2653.33,54.6,2662.37,0,0,0,0,804.73,1409.23,0,26.2,26.1,false,true,undefined,true,true,false,true,undefined,true,false,true,true
89.809,undefined,0,0,0,0,0,0,0,0,0,0,0,0,0,0,0,0,0,0,0,0,0,0,0,5571.52,429.41,988.58,883.37,1322.28,1280.3,62.69,148.61,384.28,2654.57,54.6,2665.03,0,0,0,0,803.4,1409.23,0,26.2,26.1,false,true,undefined,true,true,false,true,undefined,true,false,true,true
89.913,undefined,0,0,0,0,0,0,0,0,0,0,0,0,0,0,0,0,0,0,0,0,0,0,0,5571.52,429.41,988.58,883.37,1322.28,1280.3,62.69,148.61,384.28,2657.23,54.6,2665.03,0,0,0,0,802.07,1410.47,0,26.2,26.1,false,true,undefined,true,true,false,true,undefined,true,false,true,true
90.025,undefined,0,0,0,0,0,0,0,0,0,0,0,0,0,0,0,0,0,0,0,0,0,0,0,5571.52,429.41,988.58,883.37,1322.28,1280.3,62.69,148.61,384.28,2661.13,54.6,2665.03,0,0,0,0,802.07,1410.47,0,26.2,26.1,false,true,undefined,true,true,false,true,undefined,true,false,true,true
90.14,undefined,0,0,0,0,0,0,0,0,0,0,0,0,0,0,0,0,0,0,0,0,0,0,0,5571.52,429.41,988.58,883.37,1322.28,1280.3,62.69,148.61,384.28,2661.13,54.6,2665.03,0,0,0,0,802.07,1410.47,0,26.2,26.1,false,true,undefined,true,true,false,true,undefined,true,false,true,true
90.264,undefined,0,0,0,0,0,0,0,0,0,0,0,0,0,0,0,0,0,0,0,0,0,0,0,5740.72,426.17,1074.72,883.59,1311.9,1267.87,62.64,147.71,383.7,2661.13,54.6,2671.5,0,0,0,0,802.07,1410.47,0,26.2,26.1,false,true,undefined,true,true,false,true,undefined,true,false,true,true
90.368,undefined,0,0,0,0,0,0,0,0,0,0,0,0,0,0,0,0,0,0,0,0,0,0,0,5740.72,426.17,1074.72,883.59,1311.9,1267.87,62.64,147.71,383.7,2658.47,54.6,2671.5,0,0,0,0,802.07,1410.47,0,26.2,26.1,false,true,undefined,true,true,false,true,undefined,true,false,true,true
90.497,undefined,0,0,0,0,0,0,0,0,0,0,0,0,0,0,0,0,0,0,0,0,0,0,0,5740.72,426.17,1074.72,883.59,1311.9,1267.87,62.64,147.71,383.7,2655.9,54.6,2671.5,0,0,0,0,802.07,1410.47,0,26.2,26.1,false,true,undefined,true,true,false,true,undefined,true,false,true,true
90.627,undefined,0,0,0,0,0,0,0,0,0,0,0,0,0,0,0,0,0,0,0,0,0,0,0,5740.72,426.17,1074.72,883.59,1311.9,1267.87,62.64,147.71,383.7,2661.13,54.6,2672.83,0,0,0,0,802.07,1410.47,0,26.2,26.1,false,true,undefined,true,true,false,true,undefined,true,false,true,true
90.738,undefined,0,0,0,0,0,0,0,0,0,0,0,0,0,0,0,0,0,0,0,0,0,0,0,5937.06,427.63,1119.52,882.61,1299.62,1261.21,62.62,147.49,382.94,2661.13,54.6,2671.5,0,0,0,0,803.4,1410.47,0,26.2,26.1,false,true,undefined,true,true,false,true,undefined,true,false,true,true
90.857,undefined,0,0,0,0,0,0,0,0,0,0,0,0,0,0,0,0,0,0,0,0,0,0,0,5937.06,427.63,1119.52,882.61,1299.62,1261.21,62.62,147.49,382.94,2662.37,54.6,2670.17,0,0,0,0,803.4,1410.47,0,26.2,26.1,false,true,undefined,true,true,false,true,undefined,true,false,true,true
90.972,undefined,0,0,0,0,0,0,0,0,0,0,0,0,0,0,0,0,0,0,0,0,0,0,0,5937.06,427.63,1119.52,882.61,1299.62,1261.21,62.62,147.49,382.94,2661.13,54.6,2670.17,0,0,0,0,803.4,1410.47,0,26.2,26.1,false,true,undefined,true,true,false,true,undefined,true,false,true,true
91.083,undefined,0,0,0,0,0,0,0,0,0,0,0,0,0,0,0,0,0,0,0,0,0,0,0,5937.06,427.63,1119.52,882.61,1299.62,1261.21,62.62,147.49,382.94,2662.37,54.6,2670.17,0,0,0,0,803.4,1410.47,0,26.2,26.1,false,true,undefined,true,true,false,true,undefined,true,false,true,true
91.199,undefined,0,0,0,0,0,0,0,0,0,0,0,0,0,0,0,0,0,0,0,0,0,0,0,5927.81,428.14,1137.79,882.71,1305.9,1255.71,62.56,146.49,383.13,2662.37,54.6,2663.7,0,0,0,0,803.4,1410.47,0,26.2,26.1,false,true,undefined,true,true,false,true,undefined,true,false,true,true
91.298,undefined,0,0,0,0,0,0,0,0,0,0,0,0,0,0,0,0,0,0,0,0,0,0,0,5927.81,428.14,1137.79,882.71,1305.9,1255.71,62.56,146.49,383.13,2663.7,54.6,2662.37,0,0,0,0,802.07,1410.47,0,26.2,26.1,false,true,undefined,true,true,false,true,undefined,true,false,true,true
91.422,undefined,0,0,0,0,0,0,0,0,0,0,0,0,0,0,0,0,0,0,0,0,0,0,0,5927.81,428.14,1137.79,882.71,1305.9,1255.71,62.56,146.49,383.13,2666.27,54.6,2665.03,0,0,0,0,800.83,1410.47,0,26.2,26.1,false,true,undefined,true,true,false,true,undefined,true,false,true,true
91.556,undefined,0,0,0,0,0,0,0,0,0,0,0,0,0,0,0,0,0,0,0,0,0,0,0,5927.81,428.14,1137.79,882.71,1305.9,1255.71,62.56,146.49,383.13,2665.03,54.6,2662.37,0,0,0,0,800.83,1410.47,0,26.2,26.1,false,true,undefined,true,true,false,true,undefined,true,false,true,true
91.83,undefined,0,0,0,0,0,0,0,0,0,0,0,0,0,0,0,0,0,0,0,0,0,0,0,5735.39,429.1,1137.79,883.15,1305.9,1255.71,62.56,146.49,383.13,2665.03,55.93,2662.37,0,0,0,0,800.83,1410.47,0,26.2,26.1,false,true,undefined,true,true,false,true,undefined,true,false,true,true
92.097,undefined,0,0,0,0,0,0,0,0,0,0,0,0,0,0,0,0,0,0,0,0,0,0,0,5735.39,429.1,1029.02,883.15,1308.03,1255.77,62.64,147.42,383.26,2659.8,55.93,2672.83,0,0,0,0,800.83,1410.47,0,26.2,26.1,false,true,undefined,true,true,false,true,undefined,true,false,true,true
92.37,undefined,0,0,0,0,0,0,0,0,0,0,0,0,0,0,0,0,0,0,0,0,0,0,0,5368.1,428.45,1029.02,882.52,1301.09,1255.77,62.61,147.42,383.26,2654.57,54.6,2675.4,0,0,0,0,800.83,1410.47,0,26.2,26.1,false,true,undefined,true,true,false,true,undefined,true,false,true,true
92.732,undefined,0,0,0,0,0,0,0,0,0,0,0,0,0,0,0,0,0,0,0,0,0,0,0,5368.1,428.45,894.99,882.52,1301.09,1261.61,62.61,152.92,383.01,2650.67,55.93,2665.03,0,0,0,0,802.07,1410.47,0,26.2,26.1,false,true,undefined,true,true,false,false,undefined,true,false,true,true
92.838,undefined,0,0,0,0,0,0,0,0,0,0,0,0,0,0,0,0,0,0,0,0,0,0,0,5601.59,428.6,894.99,883.36,1303.73,1261.61,62.59,152.92,383.01,2652,55.93,2672.83,0,0,0,0,803.4,1410.47,0,26.2,26.1,false,true,undefined,true,true,false,false,undefined,true,false,true,true
92.963,undefined,0,0,0,0,0,0,0,0,0,0,0,0,0,0,0,0,0,0,0,0,0,0,0,5601.59,428.6,978.8,883.36,1303.73,1259.49,62.59,146.31,383.62,2642.87,55.93,2667.6,0,0,0,0,804.73,1409.23,0,26.2,26.1,false,true,undefined,true,true,false,false,undefined,true,false,true,true
93.074,undefined,0,0,0,0,0,0,0,0,0,0,0,0,0,0,0,0,0,0,0,0,0,0,0,5601.59,428.6,978.8,883.36,1303.73,1256.21,62.59,147.56,383.62,2641.63,55.93,2677.97,0,0,0,0,804.73,1409.23,0,26.2,26.1,false,true,undefined,true,true,false,false,undefined,true,false,true,true
93.208,undefined,0,0,0,0,0,0,0,0,0,0,0,0,0,0,0,0,0,0,0,0,0,0,0,5967.65,428.77,1090.3,882.57,1311.55,1256.21,62.49,147.56,383.59,2646.77,55.93,2677.97,0,0,0,0,804.73,1409.23,0,26.2,26.1,false,true,undefined,true,true,false,false,undefined,true,false,true,true
93.289,undefined,0,0,0,0,0,0,0,0,0,0,0,0,0,0,0,0,0,0,0,0,0,0,0,5967.65,428.77,1090.3,882.57,1311.55,1256.21,62.49,147.56,383.59,2646.77,55.93,2684.53,0,0,0,0,804.73,1409.23,0,26.2,26.1,false,true,undefined,true,true,false,false,undefined,true,false,true,true
93.397,undefined,0,0,0,0,0,0,0,0,0,0,0,0,0,0,0,0,0,0,0,0,0,0,0,5967.65,428.77,1090.3,882.57,1311.55,1256.21,62.49,147.56,383.59,2646.77,54.6,2685.77,0,0,0,0,804.73,1409.23,0,26.2,26.1,false,true,undefined,true,true,false,false,undefined,true,false,true,true
93.53,undefined,0,0,0,0,0,0,0,0,0,0,0,0,0,0,0,0,0,0,0,0,0,0,0,5967.65,428.77,1090.3,882.57,1311.55,1256.21,62.49,147.56,383.59,2654.57,54.6,2681.87,0,0,0,0,804.73,1409.23,0,26.2,26.1,false,true,undefined,true,true,false,false,undefined,true,false,true,true
93.651,undefined,0,0,0,0,0,0,0,0,0,0,0,0,0,0,0,0,0,0,0,0,0,0,0,5976.39,428.76,1082.39,883.57,1312.91,1257,62.45,147.36,383.51,2663.7,54.6,2674.07,0,0,0,0,804.73,1409.23,0,26.2,26.1,false,true,undefined,true,true,false,false,undefined,true,false,true,true
93.766,undefined,0,0,0,0,0,0,0,0,0,0,0,0,0,0,0,0,0,0,0,0,0,0,0,5976.39,428.76,1082.39,883.57,1312.91,1257,62.45,147.36,383.51,2667.6,54.6,2674.07,0,0,0,0,804.73,1409.23,0,26.2,26.1,false,true,undefined,true,true,false,false,undefined,true,false,true,true
93.868,undefined,0,0,0,0,0,0,0,0,0,0,0,0,0,0,0,0,0,0,0,0,0,0,0,5976.39,428.76,1082.39,883.57,1312.91,1257,62.45,147.36,383.51,2667.6,54.6,2667.6,0,0,0,0,804.73,1410.47,0,26.2,26.1,false,true,undefined,true,true,false,false,undefined,true,false,true,true
93.983,undefined,0,0,0,0,0,0,0,0,0,0,0,0,0,0,0,0,0,0,0,0,0,0,0,5976.39,428.76,1082.39,883.57,1312.91,1257,62.45,147.36,383.51,2668.93,54.6,2666.27,0,0,0,0,804.73,1410.47,0,26.2,26.1,false,true,undefined,true,true,false,false,undefined,true,false,true,true
94.099,undefined,0,0,0,0,0,0,0,0,0,0,0,0,0,0,0,0,0,0,0,0,0,0,0,5963.52,428.6,1090.69,882.41,1307.01,1253.48,62.45,148.36,383.7,2666.27,54.6,2666.27,0,0,0,0,804.73,1409.23,0,26.2,26.1,false,true,undefined,true,true,false,false,undefined,true,false,true,true
94.232,undefined,0,0,0,0,0,0,0,0,0,0,0,0,0,0,0,0,0,0,0,0,0,0,0,5963.52,428.6,1090.69,882.41,1307.01,1253.48,62.45,148.36,383.7,2662.37,54.6,2667.6,0,0,0,0,803.4,1409.23,0,26.2,26.1,false,true,undefined,true,true,false,false,undefined,true,false,true,true
94.336,undefined,0,0,0,0,0,0,0,0,0,0,0,0,0,0,0,0,0,0,0,0,0,0,0,5963.52,428.6,1090.69,882.41,1307.01,1253.48,62.45,148.36,383.7,2662.37,54.6,2672.83,0,0,0,0,803.4,1409.23,0,26.2,26.1,false,true,undefined,true,true,false,false,undefined,true,false,true,true
94.467,undefined,0,0,0,0,0,0,0,0,0,0,0,0,0,0,0,0,0,0,0,0,0,0,0,5963.52,428.6,1090.69,882.41,1307.01,1253.48,62.45,148.36,383.7,2659.8,54.6,2677.97,0,0,0,0,803.4,1409.23,0,26.2,26.1,false,true,undefined,true,true,false,false,undefined,true,false,true,true
94.57,undefined,0,0,0,0,0,0,0,0,0,0,0,0,0,0,0,0,0,0,0,0,0,0,0,5957.23,428.32,1089.39,882.72,1308.2,1249.67,62.47,148.08,383.45,2659.8,54.6,2679.3,0,0,0,0,803.4,1407.9,0,26.2,26.1,false,true,undefined,true,true,false,false,undefined,true,false,true,true
94.687,undefined,0,0,0,0,0,0,0,0,0,0,0,0,0,0,0,0,0,0,0,0,0,0,0,5957.23,428.32,1089.39,882.72,1308.2,1249.67,62.47,148.08,383.45,2657.23,54.6,2679.3,0,0,0,0,803.4,1407.9,0,26.2,26.1,false,true,undefined,true,true,false,false,undefined,true,false,true,true
94.818,undefined,0,0,0,0,0,0,0,0,0,0,0,0,0,0,0,0,0,0,0,0,0,0,0,5957.23,428.32,1089.39,882.72,1308.2,1249.67,62.47,148.08,383.45,2654.57,54.6,2679.3,0,0,0,0,804.73,1407.9,0,26.2,26.1,false,true,undefined,true,true,false,false,undefined,true,false,true,true
94.927,undefined,0,0,0,0,0,0,0,0,0,0,0,0,0,0,0,0,0,0,0,0,0,0,0,5957.23,428.32,1089.39,882.72,1308.2,1249.67,62.47,148.08,383.45,2654.57,54.6,2681.87,0,0,0,0,804.73,1407.9,0,26.2,26.1,false,true,undefined,true,true,false,false,undefined,true,false,true,true
95.04,undefined,0,0,0,0,0,0,0,0,0,0,0,0,0,0,0,0,0,0,0,0,0,0,0,5620.74,428.69,991.81,882.81,1305.1,1250.8,62.37,146.07,383.39,2654.57,54.6,2689.67,0,0,0,0,804.73,1407.9,0,26.2,26.1,false,true,undefined,true,true,false,false,undefined,true,false,true,true
95.151,undefined,0,0,0,0,0,0,0,0,0,0,0,0,0,0,0,0,0,0,0,0,0,0,0,5620.74,428.69,991.81,882.81,1305.1,1250.8,62.37,146.07,383.39,2652,54.6,2694.9,0,0,0,0,804.73,1407.9,0,26.2,26.1,false,true,undefined,true,true,false,false,undefined,true,false,true,true
95.269,undefined,0,0,0,0,0,0,0,0,0,0,0,0,0,0,0,0,0,0,0,0,0,0,0,5620.74,428.69,991.81,882.81,1305.1,1250.8,62.37,146.07,383.39,2648.1,54.6,2694.9,0,0,0,0,804.73,1407.9,0,26.2,26.1,false,true,undefined,true,true,false,false,undefined,true,false,true,true
95.386,undefined,0,0,0,0,0,0,0,0,0,0,0,0,0,0,0,0,0,0,0,0,0,0,0,5620.74,428.69,991.81,882.81,1305.1,1250.8,62.37,146.07,383.39,2648.1,54.6,2691,0,0,0,0,803.4,1407.9,0,26.2,26.1,false,true,undefined,true,true,false,false,undefined,true,false,true,true
95.516,undefined,0,0,0,0,0,0,0,0,0,0,0,0,0,0,0,0,0,0,0,0,0,0,0,5497.71,428,949.44,882.66,1303.64,1249.15,62.49,146.73,383.63,2645.53,54.6,2689.67,0,0,0,0,803.4,1407.9,0,26.2,26.1,false,true,undefined,true,true,false,false,undefined,true,false,true,true
95.638,undefined,0,0,0,0,0,0,0,0,0,0,0,0,0,0,0,0,0,0,0,0,0,0,0,5497.71,428,949.44,882.66,1303.64,1249.15,62.49,146.73,383.63,2640.3,54.6,2688.43,0,0,0,0,803.4,1407.9,0,26.2,26.1,false,true,undefined,true,true,false,false,undefined,true,false,true,true
95.749,undefined,0,0,0,0,0,0,0,0,0,0,0,0,0,0,0,0,0,0,0,0,0,0,0,5497.71,428,949.44,882.66,1303.64,1249.15,62.49,146.73,383.63,2635.07,54.6,2683.2,0,0,0,0,803.4,1407.9,0,26.2,26.1,false,true,undefined,true,true,false,false,undefined,true,false,true,true
95.862,undefined,0,0,0,0,0,0,0,0,0,0,0,0,0,0,0,0,0,0,0,0,0,0,0,5497.71,428,949.44,882.66,1303.64,1249.15,62.49,146.73,383.63,2640.3,54.6,2683.2,0,0,0,0,802.07,1407.9,0,26.2,26.1,false,true,undefined,true,true,false,false,undefined,true,false,true,true
95.976,undefined,0,0,0,0,0,0,0,0,0,0,0,0,0,0,0,0,0,0,0,0,0,0,0,5724.39,428.32,1034.06,883,1309.78,1246.01,62.61,145.62,383.44,2640.3,54.6,2684.53,0,0,0,0,803.4,1407.9,0,26.2,26.1,false,true,undefined,true,true,false,false,undefined,true,false,true,true
96.106,undefined,0,0,0,0,0,0,0,0,0,0,0,0,0,0,0,0,0,0,0,0,0,0,0,5724.39,428.32,1034.06,883,1309.78,1246.01,62.61,145.62,383.44,2646.77,54.6,2683.2,0,0,0,0,803.4,1407.9,0,26.2,26.1,false,true,undefined,true,true,false,false,undefined,true,false,true,true
96.237,undefined,0,0,0,0,0,0,0,0,0,0,0,0,0,0,0,0,0,0,0,0,0,0,0,5724.39,428.32,1034.06,883,1309.78,1246.01,62.61,145.62,383.44,2648.1,54.6,2680.63,0,0,0,0,802.07,1411.8,0,26.2,26.1,false,true,undefined,true,true,false,false,undefined,true,false,true,true
96.349,undefined,0,0,0,0,0,0,0,0,0,0,0,0,0,0,0,0,0,0,0,0,0,0,0,5724.39,428.32,1034.06,883,1309.78,1246.01,62.61,145.62,383.44,2648.1,54.6,2680.63,0,0,0,0,802.07,1413.13,0,26.2,26.1,false,true,undefined,true,true,false,false,undefined,true,false,true,true
96.48,undefined,0,0,0,0,0,0,0,0,0,0,0,0,0,0,0,0,0,0,0,0,0,0,0,6061.64,425.07,1169.25,882.03,1319.08,1247.96,62.58,146.57,383.28,2646.77,54.6,2672.83,0,0,0,0,802.07,1414.37,0,26.2,26.1,false,true,undefined,true,true,false,false,undefined,true,false,true,true
96.602,undefined,0,0,0,0,0,0,0,0,0,0,0,0,0,0,0,0,0,0,0,0,0,0,0,6061.64,425.07,1169.25,882.03,1319.08,1247.96,62.58,146.57,383.28,2646.77,54.6,2665.03,0,0,0,0,803.4,1413.13,0,26.2,26.1,false,true,undefined,true,true,false,false,undefined,true,false,true,true
96.734,undefined,0,0,0,0,0,0,0,0,0,0,0,0,0,0,0,0,0,0,0,0,0,0,0,6061.64,425.07,1169.25,882.03,1319.08,1247.96,62.58,146.57,383.28,2649.43,54.6,2666.27,0,0,0,0,803.4,1413.13,0,26.2,26.1,false,true,undefined,true,true,false,false,undefined,true,false,true,true
96.844,undefined,0,0,0,0,0,0,0,0,0,0,0,0,0,0,0,0,0,0,0,0,0,0,0,6061.64,425.07,1169.25,882.03,1319.08,1247.96,62.58,146.57,383.28,2648.1,54.6,2671.5,0,0,0,0,803.4,1414.37,0,26.2,26.1,false,true,undefined,true,true,false,false,undefined,true,false,true,true
96.955,undefined,0,0,0,0,0,0,0,0,0,0,0,0,0,0,0,0,0,0,0,0,0,0,0,6059.37,423.38,1154.6,882.68,1306.87,1261.91,62.62,143.48,383.26,2645.53,54.6,2674.07,0,0,0,0,803.4,1414.37,0,26.2,26.1,false,true,undefined,true,true,false,false,undefined,true,false,true,true
97.089,undefined,0,0,0,0,0,0,0,0,0,0,0,0,0,0,0,0,0,0,0,0,0,0,0,6059.37,423.38,1154.6,882.68,1306.87,1261.91,62.62,143.48,383.26,2648.1,54.6,2674.07,0,0,0,0,803.4,1414.37,0,26.2,26.1,false,true,undefined,true,true,false,false,undefined,true,false,true,true
97.224,undefined,0,0,0,0,0,0,0,0,0,0,0,0,0,0,0,0,0,0,0,0,0,0,0,6059.37,423.38,1154.6,882.68,1306.87,1261.91,62.62,143.48,383.26,2652,54.6,2679.3,0,0,0,0,803.4,1414.37,0,26.2,26.1,false,true,undefined,true,true,false,false,undefined,true,false,true,true
97.319,undefined,0,0,0,0,0,0,0,0,0,0,0,0,0,0,0,0,0,0,0,0,0,0,0,6059.37,423.38,1154.6,882.68,1306.87,1261.91,62.62,143.48,383.26,2652,54.6,2684.53,0,0,0,0,803.4,1414.37,0,26.2,26.1,false,true,undefined,true,true,false,false,undefined,true,false,true,true
97.43,undefined,0,0,0,0,0,0,0,0,0,0,0,0,0,0,0,0,0,0,0,0,0,0,0,6020.06,423.2,1156.17,882.62,1298.33,1277.46,62.66,145.82,384.22,2654.57,54.6,2685.77,0,0,0,0,803.4,1414.37,0,26.2,26.1,false,true,undefined,false,true,false,false,undefined,true,false,true,true
97.545,undefined,0,0,0,0,0,0,0,0,0,0,0,0,0,0,0,0,0,0,0,0,0,0,0,6020.06,423.2,1156.17,882.62,1298.33,1277.46,62.66,145.82,384.22,2654.57,54.6,2685.77,0,0,0,0,803.4,1414.37,0,26.2,26.1,false,true,undefined,false,true,false,false,undefined,true,false,true,true
97.658,undefined,0,0,0,0,0,0,0,0,0,0,0,0,0,0,0,0,0,0,0,0,0,0,0,6020.06,423.2,1156.17,882.62,1298.33,1277.46,62.66,145.82,384.22,2654.57,54.6,2676.73,0,0,0,0,802.07,1413.13,0,26.2,26.1,false,true,undefined,false,true,false,false,undefined,true,false,true,true
97.768,undefined,0,0,0,0,0,0,0,0,0,0,0,0,0,0,0,0,0,0,0,0,0,0,0,6020.06,423.2,1156.17,882.62,1298.33,1277.46,62.66,145.82,384.22,2648.1,54.6,2671.5,0,0,0,0,802.07,1413.13,0,26.2,26.1,false,true,undefined,false,true,false,false,undefined,true,false,true,true
97.876,undefined,0,0,0,0,0,0,0,0,0,0,0,0,0,0,0,0,0,0,0,0,0,0,0,5614.59,422.35,1156.17,883.12,1301.84,1295.4,62.64,146.91,384.22,2645.53,54.6,2674.07,0,0,0,0,803.4,1413.13,0,26.2,26.1,false,true,undefined,false,true,false,false,undefined,true,false,true,true
97.987,undefined,0,0,0,0,0,0,0,0,0,0,0,0,0,0,0,0,0,0,0,0,0,0,0,5614.59,422.35,1019.53,883.12,1301.84,1295.4,62.64,146.91,383.61,2650.67,54.6,2674.07,0,0,0,0,803.4,1410.47,0,26.2,26.1,false,true,undefined,false,true,false,false,undefined,true,false,true,true
98.11,undefined,0,0,0,0,0,0,0,0,0,0,0,0,0,0,0,0,0,0,0,0,0,0,0,5614.59,422.35,1019.53,883.12,1301.84,1295.4,62.64,146.91,383.61,2650.67,54.6,2675.4,0,0,0,0,802.07,1409.23,0,26.2,26.1,false,true,undefined,false,true,false,false,undefined,true,false,true,true
98.236,undefined,0,0,0,0,0,0,0,0,0,0,0,0,0,0,0,0,0,0,0,0,0,0,0,5614.59,422.35,1019.53,883.12,1301.84,1295.4,62.64,146.91,383.61,2658.47,53.27,2674.07,0,0,0,0,800.83,1407.9,0,26.2,26.1,false,true,undefined,false,true,false,false,undefined,true,false,true,true
98.366,undefined,0,0,0,0,0,0,0,0,0,0,0,0,0,0,0,0,0,0,0,0,0,0,0,5514.47,422.35,993.6,883.12,1308.23,1303.64,62.69,146.61,383.17,2659.8,54.6,2675.4,0,0,0,0,799.5,1409.23,0,26.2,26.1,false,true,undefined,false,true,false,false,undefined,true,false,true,true
98.475,undefined,0,0,0,0,0,0,0,0,0,0,0,0,0,0,0,0,0,0,0,0,0,0,0,5514.47,420.81,993.6,882.42,1308.23,1303.64,62.69,146.61,383.17,2663.7,54.6,2677.97,0,0,0,0,800.83,1409.23,0,26.2,26.1,false,true,undefined,false,true,false,false,undefined,true,false,true,true
98.585,undefined,0,0,0,0,0,0,0,0,0,0,0,0,0,0,0,0,0,0,0,0,0,0,0,5514.47,420.81,993.6,882.42,1308.23,1303.64,62.69,146.61,383.17,2663.7,54.6,2677.97,0,0,0,0,800.83,1409.23,0,26.2,26.1,false,true,undefined,false,true,false,false,undefined,true,false,true,true
98.706,undefined,0,0,0,0,0,0,0,0,0,0,0,0,0,0,0,0,0,0,0,0,0,0,0,5514.47,420.81,993.6,882.42,1308.23,1303.64,62.69,146.61,383.17,2663.7,54.6,2681.87,0,0,0,0,800.83,1410.47,0,26.2,26.1,false,true,undefined,false,true,false,false,undefined,true,false,true,true
98.84,undefined,0,0,0,0,0,0,0,0,0,0,0,0,0,0,0,0,0,0,0,0,0,0,0,5514.47,421.62,993.6,882.56,1308.23,1310.78,62.59,145.55,383.17,2662.37,54.6,2685.77,0,0,0,0,802.07,1411.8,0,26.2,26.1,false,true,undefined,false,true,false,false,undefined,true,false,true,true
98.957,undefined,0,0,0,0,0,0,0,0,0,0,0,0,0,0,0,0,0,0,0,0,0,0,0,6183.55,421.62,1203.04,882.56,1316.45,1310.78,62.59,145.55,383.1,2650.67,55.93,2685.77,0,0,0,0,802.07,1411.8,0,26.2,26.1,false,true,undefined,false,true,false,false,undefined,true,false,true,true
99.071,undefined,0,0,0,0,0,0,0,0,0,0,0,0,0,0,0,0,0,0,0,0,0,0,0,6183.55,421.62,1203.04,882.56,1316.45,1310.78,62.59,145.55,383.1,2641.63,54.6,2680.63,0,0,0,0,802.07,1410.47,0,26.2,26.1,false,true,undefined,false,true,false,false,undefined,true,false,true,true
99.186,undefined,0,0,0,0,0,0,0,0,0,0,0,0,0,0,0,0,0,0,0,0,0,0,0,6183.55,421.62,1203.04,882.56,1316.45,1310.78,62.59,145.55,383.1,2638.97,54.6,2680.63,0,0,0,0,802.07,1409.23,0,26.2,26.1,false,true,undefined,false,true,false,false,undefined,true,false,true,true
99.319,undefined,0,0,0,0,0,0,0,0,0,0,0,0,0,0,0,0,0,0,0,0,0,0,0,6218.5,421.64,1234.41,882.56,1316.45,1321.95,62.59,146.07,383.41,2638.97,54.6,2676.73,0,0,0,0,802.07,1409.23,0,26.2,26.1,false,true,undefined,false,true,false,false,undefined,true,false,true,true
99.448,undefined,0,0,0,0,0,0,0,0,0,0,0,0,0,0,0,0,0,0,0,0,0,0,0,6218.5,421.64,1234.41,882.93,1314.36,1321.95,62.63,146.07,383.41,2645.53,54.6,2671.5,0,0,0,0,802.07,1409.23,0,26.2,26.1,false,true,undefined,false,true,false,false,undefined,true,false,true,true
99.561,undefined,0,0,0,0,0,0,0,0,0,0,0,0,0,0,0,0,0,0,0,0,0,0,0,6218.5,421.64,1234.41,882.93,1314.36,1321.95,62.63,146.07,383.41,2653.33,54.6,2668.93,0,0,0,0,800.83,1410.47,0,26.2,26.1,false,true,undefined,false,true,false,false,undefined,true,false,true,true
99.684,undefined,0,0,0,0,0,0,0,0,0,0,0,0,0,0,0,0,0,0,0,0,0,0,0,6218.5,421.64,1234.41,882.93,1314.36,1321.95,62.63,146.07,383.41,2658.47,54.6,2670.17,0,0,0,0,802.07,1409.23,0,26.2,26.1,false,true,undefined,false,true,false,false,undefined,true,false,true,true
99.81,undefined,0,0,0,0,0,0,0,0,0,0,0,0,0,0,0,0,0,0,0,0,0,0,0,6006.83,421.64,1127.89,882.15,1303.48,1322.72,62.75,145.41,383.75,2661.13,54.6,2667.6,0,0,0,0,802.07,1409.23,0,26.2,26.1,false,true,undefined,false,true,false,false,undefined,true,false,true,true
99.946,undefined,0,0,0,0,0,0,0,0,0,0,0,0,0,0,0,0,0,0,0,0,0,0,0,6006.83,422.15,1127.89,882.15,1303.48,1322.72,62.75,145.41,383.75,2661.13,54.6,2667.6,0,0,0,0,802.07,1409.23,0,26.2,26,false,true,undefined,false,true,false,false,undefined,true,false,true,true
100.079,undefined,0,0,0,0,0,0,0,0,0,0,0,0,0,0,0,0,0,0,0,0,0,0,0,6006.83,422.15,1127.89,882.15,1303.48,1322.72,62.75,145.41,383.75,2652,54.6,2672.83,0,0,0,0,802.07,1410.47,0,26.2,26,false,true,undefined,false,true,false,false,undefined,true,false,true,true
100.187,undefined,0,0,0,0,0,0,0,0,0,0,0,0,0,0,0,0,0,0,0,0,0,0,0,6006.83,422.15,1127.89,882.15,1303.48,1322.72,62.75,145.41,383.75,2652,54.6,2672.83,0,0,0,0,802.07,1411.8,0,26.2,26,false,true,undefined,false,true,false,false,undefined,true,false,true,true
100.31,undefined,0,0,0,0,0,0,0,0,0,0,0,0,0,0,0,0,0,0,0,0,0,0,0,4355.56,420.13,769.26,295.18,1308.88,1326.42,62.7,146.26,384.13,2648.1,54.6,2666.27,0,0,0,0,803.4,1411.8,0,26.2,26,false,true,undefined,false,true,false,false,undefined,true,false,true,true
100.417,undefined,0,0,0,0,0,0,0,0,0,0,0,0,0,0,0,0,0,0,0,0,0,0,0,4355.56,420.13,769.26,295.18,1308.88,1326.42,62.7,146.26,384.13,2701.37,93.6,3023.83,0,0,46.8,41.18,795.6,1411.8,0,26.2,26,false,true,undefined,false,true,false,false,undefined,true,false,true,true
100.528,undefined,0,0,0,0,0,0,0,0,0,0,0,0,0,0,0,0,0,0,0,0,0,0,0,4355.56,420.13,769.26,295.18,1308.88,1326.42,62.7,146.26,384.13,3123.9,93.6,3023.83,0,0,78,111.7,795.6,1407.9,0,26.2,26,false,true,undefined,false,true,false,false,undefined,true,false,true,true
100.639,undefined,0,0,0,0,0,0,0,0,0,0,0,0,0,0,0,0,0,0,0,0,0,0,0,4355.56,420.13,769.26,295.18,1308.88,1326.42,62.7,146.26,384.13,3123.9,120.9,3578.87,0,0,78,111.7,777.43,1407.9,0,26.2,26,false,true,undefined,false,true,false,false,undefined,true,false,true,true
100.757,undefined,0,0,0,0,0,0,0,0,0,0,0,0,0,0,0,0,0,0,0,0,0,0,0,4518.9,424.78,1341.47,0,13.41,1326.42,62.79,148.7,383.71,3571.07,114.43,4002.73,0,0,74.1,168.25,773.53,1407.9,0,26.2,26,false,true,undefined,false,true,false,false,undefined,true,false,true,true
100.868,undefined,0,0,0,0,0,0,0,0,0,0,0,0,0,0,0,0,0,0,0,0,0,0,0,4518.9,424.78,1341.47,0,13.41,1324.6,62.79,148.7,383.71,3920.83,114.43,4322.53,0,0,61.07,210.83,773.53,1407.9,0,26.2,26,false,true,undefined,false,true,false,false,undefined,true,false,true,true
100.991,undefined,0,0,0,0,0,0,0,0,0,0,0,0,0,0,0,0,0,0,0,0,0,0,0,4518.9,424.78,1341.47,0,13.41,1324.6,62.79,148.7,383.71,4212,101.4,4322.53,0,0,48.13,243.52,776.1,1407.9,0,26.2,26,false,true,undefined,false,true,false,false,undefined,true,false,true,true
101.113,undefined,0,0,0,0,0,0,0,0,0,0,0,0,0,0,0,0,0,0,0,0,0,0,0,4518.9,424.78,1341.47,0,13.41,1324.6,62.79,148.7,383.71,4212,91.03,4565.57,0,0,48.13,268.71,777.43,1407.9,0,26.2,26,false,true,undefined,false,true,false,false,undefined,true,false,true,true
101.24,undefined,0,0,0,0,0,0,0,0,0,0,0,0,0,0,0,0,0,0,0,0,0,0,0,2260.12,424.78,669.63,0,0,1311.55,62.69,148.42,383.6,4443.43,83.23,4760.57,0,0,37.67,268.71,778.67,1407.9,0,26.2,26,false,true,undefined,false,true,false,false,undefined,true,false,true,true
101.353,undefined,0,0,0,0,0,0,0,0,0,0,0,0,0,0,0,0,0,0,0,0,0,0,0,2260.12,430.36,669.63,0,0,1311.55,62.69,148.42,383.6,4616.27,78,4865.87,0,0,29.87,284.15,780,1407.9,0,26.2,26,false,true,undefined,false,true,false,false,undefined,true,false,true,true
101.455,undefined,0,0,0,0,0,0,0,0,0,0,0,0,0,0,0,0,0,0,0,0,0,0,0,2260.12,430.36,669.63,0,0,1311.55,62.69,148.42,383.6,4702.07,78,4560.43,0,0,70.2,242.03,780,1407.9,0,26.2,26,false,true,undefined,false,true,false,false,undefined,true,false,true,true
101.585,undefined,0,0,0,0,0,0,0,0,0,0,0,0,0,0,0,0,0,0,0,0,0,0,0,2260.12,430.36,669.63,0,0,1311.55,62.69,148.42,383.6,4456.37,139.07,4560.43,78,0,106.63,192.5,791.7,1407.9,0,26.2,26,false,true,undefined,false,true,false,false,undefined,true,false,true,true
101.715,undefined,0,0,0,0,0,0,0,0,0,0,0,0,0,0,0,0,0,0,0,0,0,0,0,4913.98,429.5,917.2,1694.2,0,1311.55,62.69,148.42,383.6,4456.37,167.7,4154.83,78,0,106.63,150.7,805.97,1407.9,0,26.2,26,false,true,undefined,false,true,false,false,undefined,true,false,true,true
101.825,undefined,0,0,0,0,0,0,0,0,0,0,0,0,0,0,0,0,0,0,0,0,0,0,0,4913.98,429.5,917.2,1694.2,0,1293.66,62.59,147.67,384.06,4322.53,210.6,3758.27,660.43,5.23,166.37,150.7,805.97,1407.9,0,26.2,26,false,true,undefined,false,true,false,false,undefined,true,false,true,true
101.957,undefined,0,0,0,0,0,0,0,0,0,0,0,0,0,0,0,0,0,0,0,0,0,0,0,4913.98,429.5,917.2,1694.2,0,1293.66,62.59,147.67,384.06,4369.33,210.6,3478.8,1056.9,6.47,175.5,117.16,802.07,1398.77,0,26.2,26,false,true,undefined,false,true,false,false,undefined,true,false,true,true
102.07,undefined,0,0,0,0,0,0,0,0,0,0,0,0,0,0,0,0,0,0,0,0,0,0,0,4913.98,429.5,917.2,1694.2,0,1293.66,62.59,147.67,384.06,4460.27,189.77,3305.87,1332.47,5.23,154.67,91.03,803.4,1398.77,0,26.2,26,false,true,undefined,false,true,false,false,undefined,true,false,true,true
102.193,undefined,0,0,0,0,0,0,0,0,0,0,0,0,0,0,0,0,0,0,0,0,0,0,0,3824.86,429.5,797.94,1694.2,0,1275.63,62.56,145.6,384.06,4505.83,189.77,3305.87,1332.47,5.23,128.7,70.75,803.4,1398.77,0,26.2,26,false,true,undefined,false,true,false,false,undefined,true,false,true,true
102.323,undefined,0,0,0,0,0,0,0,0,0,0,0,0,0,0,0,0,0,0,0,0,0,0,0,3824.86,433.27,797.94,881.58,0,1275.63,62.56,145.6,384.24,4508.4,165.13,3165.47,1513.2,5.23,128.7,54.99,803.4,1398.77,0,26.2,26,false,true,undefined,false,true,false,false,undefined,true,false,true,true
102.438,undefined,0,0,0,0,0,0,0,0,0,0,0,0,0,0,0,0,0,0,0,0,0,0,0,3824.86,433.27,797.94,881.58,0,1275.63,62.56,145.6,384.24,4508.4,142.97,3049.8,1644.47,3.9,102.73,54.99,803.4,1398.77,0,26.2,26,false,true,undefined,false,true,false,false,undefined,true,false,true,true
102.568,undefined,0,0,0,0,0,0,0,0,0,0,0,0,0,0,0,0,0,0,0,0,0,0,0,3824.86,433.27,797.94,881.58,0,1275.63,62.56,145.6,384.24,4501.93,124.8,2965.33,1704.3,2.57,83.23,43.29,803.4,1398.77,0,26.2,26,false,true,undefined,false,true,false,false,undefined,true,false,true,true
102.648,undefined,0,0,0,0,0,0,0,0,0,0,0,0,0,0,0,0,0,0,0,0,0,0,0,3824.86,433.27,797.94,881.58,0,1275.63,62.56,145.6,384.24,4382.27,124.8,2918.53,1376.7,5.23,96.17,33.7,803.4,1398.77,0,26.2,26,false,true,undefined,false,true,false,false,undefined,true,false,true,true
102.774,undefined,0,0,0,0,0,0,0,0,0,0,0,0,0,0,0,0,0,0,0,0,0,0,0,4474.85,429.64,1098.13,831.2,0,1265.36,62.59,144.54,382.95,4078.07,132.6,2918.53,1376.7,6.47,91.03,26.13,804.73,1398.77,0,26.2,26,false,true,undefined,false,true,false,false,undefined,true,false,true,true
102.898,undefined,0,0,0,0,0,0,0,0,0,0,0,0,0,0,0,0,0,0,0,0,0,0,0,4474.85,429.64,1098.13,831.2,0,1265.36,62.59,144.54,382.95,4078.07,140.4,2887.33,1078.97,6.47,91.03,26.13,805.97,1398.77,0,26.2,26,false,true,undefined,false,true,false,false,undefined,true,false,true,true
103.012,undefined,0,0,0,0,0,0,0,0,0,0,0,0,0,0,0,0,0,0,0,0,0,0,0,4474.85,429.64,1098.13,831.2,0,1265.36,62.59,144.54,382.95,3803.83,127.37,2852.23,843.73,5.23,78,20.44,807.3,1398.77,0,26.2,26,false,true,undefined,false,true,false,false,undefined,true,false,true,true
103.13,undefined,0,0,0,0,0,0,0,0,0,0,0,0,0,0,0,0,0,0,0,0,0,0,0,4974.51,429.64,1098.13,831.2,0,1265.36,62.59,144.54,382.95,3564.6,114.43,2815.8,660.43,3.9,62.4,15.83,807.3,1398.77,0,26.2,26,false,true,undefined,false,true,false,false,undefined,true,false,true,true
103.244,undefined,0,0,0,0,0,0,0,0,0,0,0,0,0,0,0,0,0,0,0,0,0,0,0,4974.51,423.59,1453.72,0,0,1264.05,62.74,145.2,383.79,3374.83,114.43,2815.8,660.43,3.9,49.37,12.32,807.3,1398.77,0,26.2,26,false,true,undefined,false,true,false,false,undefined,true,false,true,true
103.351,undefined,0,0,0,0,0,0,0,0,0,0,0,0,0,0,0,0,0,0,0,0,0,0,0,4974.51,423.59,1453.72,0,0,1264.05,62.74,145.2,383.79,3374.83,101.4,2783.27,521.27,3.9,49.37,9.59,807.3,1398.77,0,26.2,26,false,true,undefined,false,true,false,false,undefined,true,false,true,true
103.464,undefined,0,0,0,0,0,0,0,0,0,0,0,0,0,0,0,0,0,0,0,0,0,0,0,4974.51,423.59,1453.72,0,0,1264.05,62.74,145.2,383.79,3212.27,91.03,2757.3,405.6,2.57,39,9.59,805.97,1398.77,0,26.2,26,false,true,undefined,false,true,false,false,undefined,true,false,true,true
103.575,undefined,0,0,0,0,0,0,0,0,0,0,0,0,0,0,0,0,0,0,0,0,0,0,0,4974.51,423.59,1453.72,0,0,1264.05,62.74,145.2,383.79,3091.37,81.9,2732.57,315.9,0,29.87,7.41,804.73,1414.37,0,26.2,26,false,true,undefined,false,true,false,false,undefined,true,false,true,true
103.682,undefined,0,0,0,0,0,0,0,0,0,0,0,0,0,0,0,0,0,0,0,0,0,0,0,2974.9,423.06,847.04,0,0,1259.08,62.73,146.51,384.38,2993.87,81.9,2732.57,245.7,0,23.4,5.69,804.73,1414.37,0,26.2,26,false,true,undefined,false,true,false,false,undefined,true,false,true,true
103.81,undefined,0,0,0,0,0,0,0,0,0,0,0,0,0,0,0,0,0,0,0,0,0,0,0,2974.9,423.06,847.04,0,0,1259.08,62.73,146.51,384.38,2915.87,75.43,2715.73,245.7,0,23.4,4.52,805.97,1413.13,0,26.2,26,false,true,undefined,false,true,false,false,undefined,true,false,true,true
103.932,undefined,0,0,0,0,0,0,0,0,0,0,0,0,0,0,0,0,0,0,0,0,0,0,0,2974.9,423.06,847.04,0,0,1259.08,62.73,146.51,384.38,2915.87,70.2,2701.37,191.1,0,18.17,4.52,805.97,1411.8,0,26.2,26,false,true,undefined,false,true,false,false,undefined,true,false,true,true
104.046,undefined,0,0,0,0,0,0,0,0,0,0,0,0,0,0,0,0,0,0,0,0,0,0,0,2974.9,423.06,847.04,0,0,1259.08,62.73,146.51,384.38,2858.7,66.3,2692.33,148.2,0,14.27,3.51,804.73,1411.8,0,26.2,26,false,true,undefined,false,true,false,false,undefined,true,false,true,true
104.158,undefined,0,0,0,0,0,0,0,0,0,0,0,0,0,0,0,0,0,0,0,0,0,0,0,4712.4,434.21,867.88,1674.45,0,1260.94,62.56,145.47,383.93,2815.8,63.73,2685.77,115.67,0,11.7,2.73,803.4,1411.8,0,26.2,26,false,true,undefined,false,true,false,false,undefined,true,false,true,true
104.272,undefined,0,0,0,0,0,0,0,0,0,0,0,0,0,0,0,0,0,0,0,0,0,0,0,4712.4,434.21,867.88,1674.45,0,1260.94,62.56,145.47,383.93,2776.8,63.73,2685.77,115.67,0,11.7,2.18,803.4,1411.8,0,26.2,26,false,true,undefined,false,true,false,false,undefined,true,false,true,true
104.381,undefined,0,0,0,0,0,0,0,0,0,0,0,0,0,0,0,0,0,0,0,0,0,0,0,4712.4,434.21,867.88,1674.45,0,1260.94,62.56,145.47,383.93,2776.8,62.4,2680.63,89.7,0,9.13,2.18,803.4,1411.8,0,26.2,26,false,true,undefined,false,true,false,false,undefined,true,false,true,true
104.494,undefined,0,0,0,0,0,0,0,0,0,0,0,0,0,0,0,0,0,0,0,0,0,0,0,4712.4,434.21,867.88,1674.45,0,1260.94,62.56,145.47,383.93,2749.5,59.83,2674.07,70.2,0,6.47,1.72,804.73,1411.8,0,26.2,26,false,true,undefined,false,true,false,false,undefined,true,false,true,true
104.605,undefined,0,0,0,0,0,0,0,0,0,0,0,0,0,0,0,0,0,0,0,0,0,0,0,4712.4,434.21,871.97,881.95,0,1265.33,62.68,145.46,383.93,2728.67,59.83,2666.27,54.6,0,5.23,0,804.73,1411.8,0,26.2,26,false,true,undefined,false,true,false,false,undefined,true,false,true,true
104.737,undefined,0,0,0,0,0,0,0,0,0,0,0,0,0,0,0,0,0,0,0,0,0,0,0,3951.73,433.78,871.97,881.95,0,1265.33,62.68,145.46,384.38,2711.83,58.5,2666.27,54.6,0,3.9,0,804.73,1411.8,0,26.2,26,false,true,undefined,false,true,false,false,undefined,true,false,true,true
104.857,undefined,0,0,0,0,0,0,0,0,0,0,0,0,0,0,0,0,0,0,0,0,0,0,0,3951.73,433.78,871.97,881.95,0,1265.33,62.68,145.46,384.38,2700.13,58.5,2668.93,41.57,0,3.9,0,803.4,1411.8,0,26.2,26,false,true,undefined,false,true,false,false,undefined,true,false,true,true
104.967,undefined,0,0,0,0,0,0,0,0,0,0,0,0,0,0,0,0,0,0,0,0,0,0,0,3951.73,433.78,871.97,881.95,0,1265.33,62.68,145.46,384.38,2700.13,57.17,2675.4,33.77,0,2.57,0,802.07,1411.8,0,26.2,26,false,true,undefined,false,true,false,false,undefined,true,false,true,true
105.073,undefined,0,0,0,0,0,0,0,0,0,0,0,0,0,0,0,0,0,0,0,0,0,0,0,4044.76,433.78,924.31,881.1,0,1259.94,62.68,147.03,384.33,2692.33,57.17,2683.2,25.97,0,0,0,803.4,1411.8,0,26.2,26,false,true,undefined,false,true,false,false,undefined,true,false,true,true
105.184,undefined,0,0,0,0,0,0,0,0,0,0,0,0,0,0,0,0,0,0,0,0,0,0,0,4044.76,432.21,924.31,881.1,0,1259.94,62.63,147.03,384.33,2680.63,57.17,2683.2,25.97,0,0,0,803.4,1411.8,0,26.2,26,false,true,undefined,false,true,false,false,undefined,true,false,true,true
105.306,undefined,0,0,0,0,0,0,0,0,0,0,0,0,0,0,0,0,0,0,0,0,0,0,0,4044.76,432.21,924.31,881.1,0,1259.94,62.63,147.03,384.33,2680.63,57.17,2683.2,20.83,0,0,0,803.4,1411.8,0,26.2,26,false,true,undefined,false,true,false,false,undefined,true,false,true,true
105.41,undefined,0,0,0,0,0,0,0,0,0,0,0,0,0,0,0,0,0,0,0,0,0,0,0,4044.76,432.21,924.31,881.1,0,1259.94,62.63,147.03,384.33,2670.17,57.17,2670.17,15.6,0,0,0,803.4,1411.8,0,26.2,26,false,true,undefined,false,true,false,false,undefined,true,false,true,true
105.539,undefined,0,0,0,0,0,0,0,0,0,0,0,0,0,0,0,0,0,0,0,0,0,0,0,4044.76,432.21,924.31,881.1,0,1259.94,62.63,147.03,384.33,2662.37,55.93,2662.37,0,0,0,0,803.4,1413.13,0,26.2,26,false,true,undefined,false,true,false,false,undefined,true,false,true,true
105.65,undefined,0,0,0,0,0,0,0,0,0,0,0,0,0,0,0,0,0,0,0,0,0,0,0,4112.03,431.43,931.75,881.84,0,1258.26,62.66,144.64,384.51,2663.7,55.93,2661.13,0,0,0,0,803.4,1413.13,0,26.2,26,false,true,undefined,false,true,false,false,undefined,true,false,true,true
105.777,undefined,0,0,0,0,0,0,0,0,0,0,0,0,0,0,0,0,0,0,0,0,0,0,0,4112.03,431.43,931.75,881.84,0,1258.26,62.66,144.64,384.51,2666.27,55.93,2661.13,0,0,0,0,804.73,1413.13,0,26.2,26,false,true,undefined,false,true,false,false,undefined,true,false,true,true
105.869,undefined,0,0,0,0,0,0,0,0,0,0,0,0,0,0,0,0,0,0,0,0,0,0,0,4112.03,431.43,931.75,881.84,0,1258.26,62.66,144.64,384.51,2666.27,55.93,2659.8,0,0,0,0,804.73,1411.8,0,26.2,26,false,true,undefined,false,true,false,false,undefined,true,false,true,true
105.997,undefined,0,0,0,0,0,0,0,0,0,0,0,0,0,0,0,0,0,0,0,0,0,0,0,4112.03,431.43,931.75,881.84,0,1258.26,62.66,144.64,384.51,2666.27,54.6,2657.23,0,0,0,0,804.73,1411.8,0,26.2,26,false,true,undefined,false,true,false,false,undefined,true,false,true,true
106.11,undefined,0,0,0,0,0,0,0,0,0,0,0,0,0,0,0,0,0,0,0,0,0,0,0,4138.38,431.7,932.29,882.65,0,1257.54,62.68,146.63,384.63,2662.37,54.6,2657.23,0,0,0,0,804.73,1411.8,0,26.2,26,false,true,undefined,false,true,false,false,undefined,true,false,true,true
106.22,undefined,0,0,0,0,0,0,0,0,0,0,0,0,0,0,0,0,0,0,0,0,0,0,0,4138.38,431.7,932.29,882.65,0,1257.54,62.68,146.63,384.63,2658.47,54.6,2657.23,0,0,0,0,803.4,1411.8,0,26.2,26,false,true,undefined,false,true,false,false,undefined,true,false,true,true
106.321,undefined,0,0,0,0,0,0,0,0,0,0,0,0,0,0,0,0,0,0,0,0,0,0,0,4138.38,431.7,932.29,882.65,0,1257.54,62.68,146.63,384.63,2658.47,54.6,2663.7,0,0,0,0,803.4,1411.8,0,26.2,26,false,true,undefined,false,true,false,false,undefined,true,false,true,true
106.44,undefined,0,0,0,0,0,0,0,0,0,0,0,0,0,0,0,0,0,0,0,0,0,0,0,4138.38,431.7,932.29,882.65,0,1257.54,62.68,146.63,384.63,2652,54.6,2668.93,0,0,0,0,803.4,1411.8,0,26.2,26,false,true,undefined,false,true,false,false,undefined,true,false,true,true
106.574,undefined,0,0,0,0,0,0,0,0,0,0,0,0,0,0,0,0,0,0,0,0,0,0,0,4127.39,431.86,903.08,881.29,0,1252.96,62.62,148.2,383.88,2652,54.6,2667.6,0,0,0,0,803.4,1411.8,0,26.2,26,false,true,undefined,false,true,false,false,undefined,true,false,true,true
106.703,undefined,0,0,0,0,0,0,0,0,0,0,0,0,0,0,0,0,0,0,0,0,0,0,0,4127.39,431.86,903.08,881.29,0,1252.96,62.62,148.2,383.88,2657.23,54.6,2667.6,0,0,0,0,803.4,1411.8,0,26.2,26,false,true,undefined,false,true,false,false,undefined,true,false,true,true
106.83,undefined,0,0,0,0,0,0,0,0,0,0,0,0,0,0,0,0,0,0,0,0,0,0,0,4127.39,431.86,903.08,881.29,0,1252.96,62.62,148.2,383.88,2661.13,54.6,2667.6,0,0,0,0,802.07,1411.8,0,26.2,26,false,true,undefined,false,true,false,false,undefined,true,false,true,true
106.938,undefined,0,0,0,0,0,0,0,0,0,0,0,0,0,0,0,0,0,0,0,0,0,0,0,4127.39,431.86,903.08,881.29,0,1252.96,62.62,148.2,383.88,2661.13,54.6,2666.27,0,0,0,0,802.07,1411.8,0,26.2,26,false,true,undefined,false,true,false,false,undefined,true,false,true,true
107.051,undefined,0,0,0,0,0,0,0,0,0,0,0,0,0,0,0,0,0,0,0,0,0,0,0,4126.25,431.86,912.66,881.83,0,1251.36,62.64,147.36,384.26,2657.23,54.6,2666.27,0,0,0,0,803.4,1411.8,0,26.2,26,false,true,undefined,false,true,false,false,undefined,true,false,true,true
107.162,undefined,0,0,0,0,0,0,0,0,0,0,0,0,0,0,0,0,0,0,0,0,0,0,0,4126.25,431.86,912.66,881.83,0,1251.36,62.64,147.36,384.26,2655.9,54.6,2665.03,0,0,0,0,803.4,1411.8,0,26.2,26,false,true,undefined,false,true,false,false,undefined,true,false,true,true
107.284,undefined,0,0,0,0,0,0,0,0,0,0,0,0,0,0,0,0,0,0,0,0,0,0,0,4126.25,431.86,912.66,881.83,0,1251.36,62.64,147.36,384.26,2654.57,54.6,2665.03,0,0,0,0,803.4,1411.8,0,26.2,26,false,true,undefined,false,true,false,false,undefined,true,false,true,true
107.384,undefined,0,0,0,0,0,0,0,0,0,0,0,0,0,0,0,0,0,0,0,0,0,0,0,4126.25,431.86,912.66,881.83,0,1251.36,62.64,147.36,384.26,2654.57,54.6,2663.7,0,0,0,0,803.4,1411.8,0,26.2,26,false,true,undefined,false,true,false,false,undefined,true,false,true,true
107.496,undefined,0,0,0,0,0,0,0,0,0,0,0,0,0,0,0,0,0,0,0,0,0,0,0,4123.4,432.04,923.92,880.85,0,1250.95,62.61,146.1,384.12,2652,54.6,2663.7,0,0,0,0,804.73,1410.47,0,26.2,26,false,true,undefined,false,true,false,false,undefined,true,false,true,true
107.608,undefined,0,0,0,0,0,0,0,0,0,0,0,0,0,0,0,0,0,0,0,0,0,0,0,4123.4,432.04,923.92,880.85,0,1250.95,62.61,146.1,384.12,2644.2,54.6,2661.13,0,0,0,0,805.97,1409.23,0,26.2,26,false,true,undefined,false,true,false,false,undefined,true,false,true,true
107.72,undefined,0,0,0,0,0,0,0,0,0,0,0,0,0,0,0,0,0,0,0,0,0,0,0,4123.4,432.04,923.92,880.85,0,1250.95,62.61,146.1,384.12,2641.63,54.6,2661.13,0,0,0,0,805.97,1409.23,0,26.2,26,false,true,undefined,false,true,false,false,undefined,true,false,true,true
107.85,undefined,0,0,0,0,0,0,0,0,0,0,0,0,0,0,0,0,0,0,0,0,0,0,0,4123.4,432.04,923.92,880.85,0,1250.95,62.61,146.1,384.12,2641.63,54.6,2657.23,0,0,0,0,805.97,1409.23,0,26.2,26,false,true,undefined,false,true,false,false,undefined,true,false,true,true
107.942,undefined,0,0,0,0,0,0,0,0,0,0,0,0,0,0,0,0,0,0,0,0,0,0,0,4123.4,432.08,923.92,881.83,0,1250.95,62.61,146.1,384.12,2636.4,54.6,2659.8,0,0,0,0,805.97,1409.23,0,26.2,26,false,true,undefined,false,true,false,false,undefined,true,false,true,true
108.069,undefined,0,0,0,0,0,0,0,0,0,0,0,0,0,0,0,0,0,0,0,0,0,0,0,4128.74,432.08,910.59,881.83,0,1248.71,62.62,144.97,384.12,2641.63,54.6,2666.27,0,0,0,0,805.97,1409.23,0,26.2,26,false,true,undefined,false,true,false,false,undefined,true,false,true,true
108.201,undefined,0,0,0,0,0,0,0,0,0,0,0,0,0,0,0,0,0,0,0,0,0,0,0,4128.74,432.08,910.59,881.83,0,1248.71,62.62,144.97,384.12,2646.77,54.6,2666.27,0,0,0,0,805.97,1410.47,0,26.2,26,false,true,undefined,false,true,false,false,undefined,true,false,true,true
108.329,undefined,0,0,0,0,0,0,0,0,0,0,0,0,0,0,0,0,0,0,0,0,0,0,0,4128.74,432.08,910.59,881.83,0,1248.71,62.62,144.97,384.12,2644.2,54.6,2671.5,0,0,0,0,805.97,1410.47,0,26.2,26,false,true,undefined,false,true,false,false,undefined,true,false,true,true
108.451,undefined,0,0,0,0,0,0,0,0,0,0,0,0,0,0,0,0,0,0,0,0,0,0,0,4106.2,430.84,895.26,880.9,0,1246.22,62.67,147.4,384.52,2644.2,54.6,2674.07,0,0,0,0,804.73,1411.8,0,26.2,26,false,true,undefined,false,true,false,false,undefined,true,false,true,true
108.583,undefined,0,0,0,0,0,0,0,0,0,0,0,0,0,0,0,0,0,0,0,0,0,0,0,4106.2,430.84,895.26,880.9,0,1246.22,62.67,147.4,384.52,2645.53,54.6,2675.4,0,0,0,0,803.4,1411.8,0,26.2,26,false,true,undefined,false,true,false,false,undefined,true,false,true,true
108.714,undefined,0,0,0,0,0,0,0,0,0,0,0,0,0,0,0,0,0,0,0,0,0,0,0,4106.2,430.84,895.26,880.9,0,1246.22,62.67,147.4,384.52,2650.67,54.6,2675.4,0,0,0,0,804.73,1411.8,0,26.2,26,false,true,undefined,false,true,false,false,undefined,true,false,true,true
108.845,undefined,0,0,0,0,0,0,0,0,0,0,0,0,0,0,0,0,0,0,0,0,0,0,0,4106.2,430.84,895.26,880.9,0,1246.22,62.67,147.4,384.52,2658.47,54.6,2670.17,0,0,0,0,804.73,1413.13,0,26.2,26,false,true,undefined,false,true,false,false,undefined,true,false,true,true
108.962,undefined,0,0,0,0,0,0,0,0,0,0,0,0,0,0,0,0,0,0,0,0,0,0,0,4027.54,427.44,841.37,881.35,0,1263.91,62.65,151.74,384.86,2659.8,55.93,2667.6,0,0,0,0,804.73,1413.13,0,26.2,26,false,true,undefined,false,true,false,false,undefined,true,false,true,true
109.075,undefined,0,0,0,0,0,0,0,0,0,0,0,0,0,0,0,0,0,0,0,0,0,0,0,4027.54,427.44,841.37,881.35,0,1263.91,62.65,151.74,384.86,2662.37,55.93,2667.6,0,0,0,0,804.73,1410.47,0,26.2,26,false,true,undefined,false,true,false,false,undefined,true,false,true,true
109.208,undefined,0,0,0,0,0,0,0,0,0,0,0,0,0,0,0,0,0,0,0,0,0,0,0,4027.54,427.44,841.37,881.35,0,1263.91,62.65,151.74,384.86,2662.37,55.93,2667.6,0,0,0,0,804.73,1410.47,0,26.2,26,false,true,undefined,false,true,false,false,undefined,true,false,true,true
109.318,undefined,0,0,0,0,0,0,0,0,0,0,0,0,0,0,0,0,0,0,0,0,0,0,0,4027.54,427.44,841.37,881.35,0,1263.91,62.65,151.74,384.86,2666.27,55.93,2666.27,0,0,0,0,804.73,1409.23,0,26.2,26,false,true,undefined,false,true,false,false,undefined,true,false,true,true
109.446,undefined,0,0,0,0,0,0,0,0,0,0,0,0,0,0,0,0,0,0,0,0,0,0,0,4059.57,427.09,849.62,881.19,0,1280.29,62.66,150.5,384.5,2676.73,55.93,2665.03,0,0,0,0,804.73,1410.47,0,26.2,26,false,true,undefined,false,true,false,false,undefined,true,false,true,true
109.571,undefined,0,0,0,0,0,0,0,0,0,0,0,0,0,0,0,0,0,0,0,0,0,0,0,4059.57,427.09,849.62,881.19,0,1280.29,62.66,150.5,384.5,2675.4,55.93,2665.03,0,0,0,0,803.4,1410.47,0,26.2,26,false,true,undefined,false,true,false,false,undefined,true,false,true,true
109.684,undefined,0,0,0,0,0,0,0,0,0,0,0,0,0,0,0,0,0,0,0,0,0,0,0,4059.57,427.09,849.62,881.19,0,1280.29,62.66,150.5,384.5,2666.27,55.93,2665.03,0,0,0,0,803.4,1411.8,0,26.2,26,false,true,undefined,false,true,false,false,undefined,true,false,true,true
109.81,undefined,0,0,0,0,0,0,0,0,0,0,0,0,0,0,0,0,0,0,0,0,0,0,0,4059.57,427.09,849.62,881.19,0,1280.29,62.66,150.5,384.5,2666.27,55.93,2662.37,0,0,0,0,802.07,1411.8,0,26.2,26,false,true,undefined,false,true,false,false,undefined,true,false,true,true
109.925,undefined,0,0,0,0,0,0,0,0,0,0,0,0,0,0,0,0,0,0,0,0,0,0,0,3979.2,425.8,789.03,881.08,0,1293.61,62.64,150.51,384.8,2661.13,55.93,2662.37,0,0,0,0,802.07,1411.8,0,26.2,26,false,true,undefined,false,true,false,false,undefined,true,false,true,true
110.041,undefined,0,0,0,0,0,0,0,0,0,0,0,0,0,0,0,0,0,0,0,0,0,0,0,3979.2,425.8,789.03,881.08,0,1293.61,62.64,150.51,384.8,2659.8,55.93,2665.03,0,0,0,0,802.07,1410.47,0,26.2,26,false,true,undefined,false,true,false,false,undefined,true,false,true,true
110.153,undefined,0,0,0,0,0,0,0,0,0,0,0,0,0,0,0,0,0,0,0,0,0,0,0,3979.2,425.8,789.03,881.08,0,1293.61,62.64,150.51,384.8,2652,55.93,2668.93,0,0,0,0,802.07,1409.23,0,26.2,26,false,true,undefined,false,true,false,false,undefined,true,false,true,true
110.284,undefined,0,0,0,0,0,0,0,0,0,0,0,0,0,0,0,0,0,0,0,0,0,0,0,3979.2,425.8,789.03,881.08,0,1293.61,62.64,150.51,384.8,2648.1,55.93,2668.93,0,0,0,0,803.4,1410.47,0,26.2,26,false,true,undefined,false,true,false,false,undefined,true,false,true,true
110.413,undefined,0,0,0,0,0,0,0,0,0,0,0,0,0,0,0,0,0,0,0,0,0,0,0,4123.36,426.35,852.96,882.23,0,1311.35,62.68,147.22,383.69,2648.1,54.6,2671.5,0,0,0,0,803.4,1410.47,0,26.2,26,false,true,undefined,false,true,false,false,undefined,true,false,true,true
110.529,undefined,0,0,0,0,0,0,0,0,0,0,0,0,0,0,0,0,0,0,0,0,0,0,0,4123.36,426.35,852.96,882.23,0,1311.35,62.68,147.22,383.69,2646.77,54.6,2675.4,0,0,0,0,803.4,1410.47,0,26.2,26,false,true,undefined,false,true,false,false,undefined,true,false,true,true
110.647,undefined,0,0,0,0,0,0,0,0,0,0,0,0,0,0,0,0,0,0,0,0,0,0,0,4123.36,426.35,852.96,882.23,0,1311.35,62.68,147.22,383.69,2642.87,54.6,2677.97,0,0,0,0,802.07,1409.23,0,26.2,26,false,true,undefined,false,false,false,false,undefined,true,false,true,true
110.755,undefined,0,0,0,0,0,0,0,0,0,0,0,0,0,0,0,0,0,0,0,0,0,0,0,4123.36,426.35,852.96,882.23,0,1311.35,62.68,147.22,383.69,2640.3,54.6,2677.97,0,0,0,0,802.07,1409.23,0,26.2,26,false,true,undefined,false,false,false,false,undefined,true,false,true,true
110.858,undefined,0,0,0,0,0,0,0,0,0,0,0,0,0,0,0,0,0,0,0,0,0,0,0,4150.29,425.77,886.46,880.6,0,1315.7,62.69,80.61,384.56,2640.3,54.6,2677.97,0,0,0,0,802.07,1409.23,0,26.2,26,false,true,undefined,false,false,false,false,undefined,true,false,true,true
110.975,undefined,0,0,0,0,0,0,0,0,0,0,0,0,0,0,0,0,0,0,0,0,0,0,0,4150.29,425.77,886.46,880.6,0,1315.7,62.69,80.61,384.56,2640.3,54.6,2680.63,0,0,0,0,802.07,1409.23,0,26.2,26,false,true,undefined,false,false,false,false,undefined,true,false,true,true
111.09,undefined,0,0,0,0,0,0,0,0,0,0,0,0,0,0,0,0,0,0,0,0,0,0,0,4150.29,425.77,886.46,880.6,0,1315.7,62.69,80.61,384.56,2642.87,54.6,2683.2,0,0,0,0,800.83,1409.23,0,26.2,26,false,true,undefined,false,false,false,false,undefined,true,false,true,true
111.201,undefined,0,0,0,0,0,0,0,0,0,0,0,0,0,0,0,0,0,0,0,0,0,0,0,4150.29,425.77,886.46,880.6,0,1315.7,62.69,80.61,384.56,2645.53,54.6,2689.67,0,0,0,0,800.83,1409.23,0,26.2,26,false,true,undefined,false,false,false,false,undefined,true,false,true,true
111.319,undefined,0,0,0,0,0,0,0,0,0,0,0,0,0,0,0,0,0,0,0,0,0,0,0,4088.76,424.43,904.11,882.03,0,1321.99,62.7,80.61,384.76,2646.77,54.6,2689.67,0,0,0,0,802.07,1409.23,0,26.2,26,false,true,undefined,false,false,false,false,undefined,true,false,true,true
111.419,undefined,0,0,0,0,0,0,0,0,0,0,0,0,0,0,0,0,0,0,0,0,0,0,0,4088.76,424.43,904.11,882.03,0,1321.99,62.7,0,384.76,2646.77,54.6,2701.37,0,0,0,0,803.4,1409.23,0,26.2,26,false,true,undefined,false,false,false,false,undefined,true,false,true,true
111.549,undefined,0,0,0,0,0,0,0,0,0,0,0,0,0,0,0,0,0,0,0,0,0,0,0,4088.76,424.43,904.11,882.03,0,1321.99,62.7,0,384.76,2644.2,54.6,2705.27,0,0,0,0,803.4,1409.23,0,26.2,26,false,true,undefined,false,false,false,false,undefined,true,false,true,true
111.677,undefined,0,0,0,0,0,0,0,0,0,0,0,0,0,0,0,0,0,0,0,0,0,0,0,4088.76,424.43,904.11,882.03,0,1321.99,62.7,0,384.76,2642.87,54.6,2704.03,0,0,0,0,803.4,1409.23,0,26.2,26,false,true,undefined,false,false,false,false,undefined,true,false,true,true
111.809,undefined,0,0,0,0,0,0,0,0,0,0,0,0,0,0,0,0,0,0,0,0,0,0,0,4084.91,424.24,904.11,880.91,0,1332.12,62.63,0,384.07,2642.87,54.6,2701.37,0,0,0,0,803.4,1409.23,0,26.2,26,false,true,undefined,false,false,false,false,undefined,true,false,true,true
111.921,undefined,0,0,0,0,0,0,0,0,0,0,0,0,0,0,0,0,0,0,0,0,0,0,0,4084.91,424.24,908.4,880.91,0,1332.12,62.63,0,384.07,2649.43,54.6,2701.37,0,0,0,0,803.4,1409.23,0,26.2,26,false,true,undefined,false,false,false,false,undefined,true,false,true,true
112.054,undefined,0,0,0,0,0,0,0,0,0,0,0,0,0,0,0,0,0,0,0,0,0,0,0,4084.91,424.24,908.4,880.91,0,1332.12,62.63,0,384.07,2649.43,54.6,2700.13,0,0,0,0,803.4,1409.23,0,26.2,26,false,true,undefined,false,false,false,false,undefined,true,false,true,true
112.172,undefined,0,0,0,0,0,0,0,0,0,0,0,0,0,0,0,0,0,0,0,0,0,0,0,4084.91,424.24,908.4,880.91,0,1332.12,62.63,0,384.07,2652,54.6,2693.57,0,0,0,0,802.07,1409.23,0,26.2,26,false,true,undefined,false,false,false,false,undefined,true,false,true,true
112.307,undefined,0,0,0,0,0,0,0,0,0,0,0,0,0,0,0,0,0,0,0,0,0,0,0,4091.16,424.36,945.03,881.33,0,1331.27,62.63,0,383.51,2646.77,54.6,2685.77,0,0,0,0,802.07,1409.23,0,26.2,26,false,true,undefined,false,false,false,false,undefined,true,false,true,true
112.392,undefined,0,0,0,0,0,0,0,0,0,0,0,0,0,0,0,0,0,0,0,0,0,0,0,4091.16,424.36,945.03,881.33,0,1331.27,62.63,0,383.51,2641.63,54.6,2685.77,0,0,0,0,802.07,1407.9,0,26.2,26,false,true,undefined,false,false,false,false,undefined,true,false,true,true
112.501,undefined,0,0,0,0,0,0,0,0,0,0,0,0,0,0,0,0,0,0,0,0,0,0,0,4091.16,424.36,945.03,881.33,0,1331.27,62.63,0,383.51,2641.63,54.6,2684.53,0,0,0,0,802.07,1409.23,0,26.2,26,false,true,undefined,false,false,false,false,undefined,true,false,true,true
112.629,undefined,0,0,0,0,0,0,0,0,0,0,0,0,0,0,0,0,0,0,0,0,0,0,0,4091.16,424.36,945.03,881.33,0,1331.27,62.63,0,383.51,2648.1,54.6,2681.87,0,0,0,0,802.07,1409.23,0,26.2,26,false,true,undefined,false,false,false,false,undefined,true,false,true,true
112.742,undefined,0,0,0,0,0,0,0,0,0,0,0,0,0,0,0,0,0,0,0,0,0,0,0,4074.69,424.36,946,880.94,0,1335.14,62.63,0,383.03,2649.43,54.6,2680.63,0,0,0,0,803.4,1409.23,0,26.2,26,false,true,undefined,false,false,false,false,undefined,true,false,true,true
112.871,undefined,0,0,0,0,0,0,0,0,0,0,0,0,0,0,0,0,0,0,0,0,0,0,0,4074.69,424.71,946,880.94,0,1335.14,62.65,0,383.03,2653.33,54.6,2681.87,0,0,0,0,803.4,1409.23,0,26.2,26,false,true,undefined,false,false,false,false,undefined,true,false,true,true
112.997,undefined,0,0,0,0,0,0,0,0,0,0,0,0,0,0,0,0,0,0,0,0,0,0,0,4074.69,424.71,946,880.94,0,1335.14,62.65,0,383.03,2661.13,54.6,2681.87,0,0,0,0,803.4,1409.23,0,26.2,26,false,true,undefined,false,false,false,false,undefined,true,false,true,true
113.112,undefined,0,0,0,0,0,0,0,0,0,0,0,0,0,0,0,0,0,0,0,0,0,0,0,4074.69,424.71,946,880.94,0,1335.14,62.65,0,383.03,2657.23,54.6,2685.77,0,0,0,0,804.73,1409.23,0,26.2,26,false,true,undefined,false,false,false,false,undefined,true,false,true,true
113.23,undefined,0,0,0,0,0,0,0,0,0,0,0,0,0,0,0,0,0,0,0,0,0,0,0,3943.56,429.43,946,881.33,0,1335.14,62.65,0,383.03,2657.23,54.6,2685.77,0,0,0,0,805.97,1409.23,0,26.2,26,false,true,undefined,false,false,false,false,undefined,true,false,true,true
113.335,undefined,0,0,0,0,0,0,0,0,0,0,0,0,0,0,0,0,0,0,0,0,0,0,0,3943.56,429.43,953.53,881.33,0,1315.99,62.64,0,383.36,2654.57,54.6,2685.77,0,0,0,0,805.97,1409.23,0,26.2,26,false,true,undefined,false,false,false,false,undefined,true,false,true,true
113.457,undefined,0,0,0,0,0,0,0,0,0,0,0,0,0,0,0,0,0,0,0,0,0,0,0,3943.56,429.43,953.53,881.33,0,1315.99,62.64,0,383.36,2659.8,54.6,2687.1,0,0,0,0,805.97,1409.23,0,26.2,26,false,true,undefined,false,false,false,false,undefined,true,false,true,true
113.581,undefined,0,0,0,0,0,0,0,0,0,0,0,0,0,0,0,0,0,0,0,0,0,0,0,3943.56,429.43,953.53,881.33,0,1315.99,62.64,0,383.36,2654.57,54.6,2687.1,0,0,0,0,804.73,1409.23,0,26.2,26,false,true,undefined,false,false,false,false,undefined,true,false,true,true
113.696,undefined,0,0,0,0,0,0,0,0,0,0,0,0,0,0,0,0,0,0,0,0,0,0,0,3943.56,429.43,953.53,881.33,0,1315.99,62.58,0,383.36,2654.57,54.6,2685.77,0,0,0,0,804.73,1409.23,0,26.2,26,false,true,undefined,false,false,false,false,undefined,true,false,true,true
113.821,undefined,0,0,0,0,0,0,0,0,0,0,0,0,0,0,0,0,0,0,0,0,0,0,0,3916.18,429.57,922.24,881.22,0,1288.48,62.58,0,383.96,2654.57,54.6,2685.77,0,0,0,0,803.4,1409.23,0,26.2,26,false,true,undefined,false,false,false,false,undefined,true,false,true,true
113.933,undefined,0,0,0,0,0,0,0,0,0,0,0,0,0,0,0,0,0,0,0,0,0,0,0,3916.18,429.57,922.24,881.22,0,1288.48,62.58,0,383.96,2655.9,55.93,2684.53,0,0,0,0,803.4,1409.23,0,26.2,26,false,true,undefined,false,false,false,false,undefined,true,false,true,true
114.061,undefined,0,0,0,0,0,0,0,0,0,0,0,0,0,0,0,0,0,0,0,0,0,0,0,3916.18,429.57,922.24,881.22,0,1288.48,62.58,0,383.96,2657.23,55.93,2685.77,0,0,0,0,803.4,1410.47,0,26.2,26,false,true,undefined,false,false,false,false,undefined,true,false,true,true
114.193,undefined,0,0,0,0,0,0,0,0,0,0,0,0,0,0,0,0,0,0,0,0,0,0,0,3916.18,429.63,922.24,880.8,0,1275.47,62.58,0,384.24,2658.47,55.93,2685.77,0,0,0,0,803.4,1410.47,0,26.2,26,false,true,undefined,false,false,false,false,undefined,true,false,true,true
114.321,undefined,0,0,0,0,0,0,0,0,0,0,0,0,0,0,0,0,0,0,0,0,0,0,0,3816.64,429.63,921.02,880.8,0,1275.47,62.58,0,384.24,2653.33,55.93,2683.2,0,0,0,0,803.4,1410.47,0,26.2,26,false,true,undefined,false,false,false,false,undefined,true,false,true,true
114.45,undefined,0,0,0,0,0,0,0,0,0,0,0,0,0,0,0,0,0,0,0,0,0,0,0,3816.64,429.63,921.02,880.8,0,1275.47,62.58,0,384.24,2653.33,55.93,2683.2,0,0,0,0,803.4,1410.47,0,26.2,26,false,true,undefined,false,false,false,false,undefined,true,false,true,true
114.56,undefined,0,0,0,0,0,0,0,0,0,0,0,0,0,0,0,0,0,0,0,0,0,0,0,3816.64,429.63,921.02,880.8,0,1275.47,62.58,0,384.24,2650.67,55.93,2679.3,0,0,0,0,802.07,1410.47,0,26.2,26,false,true,undefined,false,false,false,false,undefined,true,false,true,true
114.67,undefined,0,0,0,0,0,0,0,0,0,0,0,0,0,0,0,0,0,0,0,0,0,0,0,3993.88,429.26,921.02,880.8,0,1275.47,62.58,0,384.24,2646.77,55.93,2679.3,0,0,0,0,802.07,1410.47,0,26.2,26,false,true,undefined,false,false,false,false,undefined,true,false,true,true
114.785,undefined,0,0,0,0,0,0,0,0,0,0,0,0,0,0,0,0,0,0,0,0,0,0,0,3993.88,429.26,943.52,881.67,0,1267.84,62.58,0,383.71,2641.63,55.93,2679.3,0,0,0,0,802.07,1410.47,0,26.2,26,false,true,undefined,false,false,false,false,undefined,true,false,true,true
114.893,undefined,0,0,0,0,0,0,0,0,0,0,0,0,0,0,0,0,0,0,0,0,0,0,0,3993.88,429.26,943.52,881.67,0,1267.84,62.58,0,383.71,2641.63,55.93,2680.63,0,0,0,0,802.07,1410.47,0,26.2,26,false,true,undefined,false,false,false,false,undefined,true,false,true,true
115.009,undefined,0,0,0,0,0,0,0,0,0,0,0,0,0,0,0,0,0,0,0,0,0,0,0,3993.88,429.26,943.52,881.67,0,1267.84,62.58,0,383.71,2632.5,55.93,2679.3,0,0,0,0,803.4,1410.47,0,26.2,26,false,true,undefined,false,false,false,false,undefined,true,false,true,true
115.129,undefined,0,0,0,0,0,0,0,0,0,0,0,0,0,0,0,0,0,0,0,0,0,0,0,3993.88,429.26,943.52,881.67,0,1267.84,62.58,0,383.71,2631.17,55.93,2681.87,0,0,0,0,803.4,1410.47,0,26.2,26,false,true,undefined,false,false,false,false,undefined,true,false,true,true
115.242,undefined,0,0,0,0,0,0,0,0,0,0,0,0,0,0,0,0,0,0,0,0,0,0,0,4043.87,428.93,943.14,880.2,0,1259.71,62.62,0,383.36,2635.07,55.93,2681.87,0,0,0,0,803.4,1410.47,0,26.2,26,false,true,undefined,false,false,false,false,undefined,true,false,true,true
115.347,undefined,0,0,0,0,0,0,0,0,0,0,0,0,0,0,0,0,0,0,0,0,0,0,0,4043.87,428.93,943.14,880.2,0,1259.71,62.62,0,383.36,2635.07,55.93,2680.63,0,0,0,0,802.07,1410.47,0,26.2,26,false,true,undefined,false,false,false,false,undefined,true,false,true,true
115.473,undefined,0,0,0,0,0,0,0,0,0,0,0,0,0,0,0,0,0,0,0,0,0,0,0,4043.87,428.93,943.14,880.2,0,1259.71,62.62,0,383.36,2641.63,55.93,2676.73,0,0,0,0,802.07,1411.8,0,26.2,26,false,true,undefined,false,false,false,false,undefined,true,false,true,true
115.604,undefined,0,0,0,0,0,0,0,0,0,0,0,0,0,0,0,0,0,0,0,0,0,0,0,4043.87,428.93,943.14,880.2,0,1259.71,62.62,0,383.36,2638.97,54.6,2668.93,0,0,0,0,802.07,1411.8,0,26.2,26,false,true,undefined,false,false,false,false,undefined,true,false,true,true
115.72,undefined,0,0,0,0,0,0,0,0,0,0,0,0,0,0,0,0,0,0,0,0,0,0,0,4052.31,431.22,929.27,881.21,0,1260.21,62.6,0,383.26,2637.73,54.6,2663.7,0,0,0,0,802.07,1411.8,0,26.2,26,false,true,undefined,false,false,false,false,undefined,true,false,true,true
115.842,undefined,0,0,0,0,0,0,0,0,0,0,0,0,0,0,0,0,0,0,0,0,0,0,0,4052.31,431.22,929.27,881.21,0,1260.21,62.6,0,383.26,2635.07,54.6,2663.7,0,0,0,0,802.07,1410.47,0,26.2,26,false,true,undefined,false,false,false,false,undefined,true,false,true,true
115.975,undefined,0,0,0,0,0,0,0,0,0,0,0,0,0,0,0,0,0,0,0,0,0,0,0,4052.31,431.22,929.27,881.21,0,1260.21,62.6,0,383.26,2635.07,54.6,2662.37,0,0,0,0,803.4,1411.8,0,26.2,26,false,true,undefined,false,false,false,false,undefined,true,false,true,true
116.087,undefined,0,0,0,0,0,0,0,0,0,0,0,0,0,0,0,0,0,0,0,0,0,0,0,4052.31,431.22,929.27,881.21,0,1260.21,62.6,0,383.26,2632.5,54.6,2665.03,0,0,0,0,802.07,1411.8,0,26.2,26,false,true,undefined,false,false,false,false,undefined,true,false,true,true
116.202,undefined,0,0,0,0,0,0,0,0,0,0,0,0,0,0,0,0,0,0,0,0,0,0,0,4047.48,432.02,942.54,880.52,0,1261.14,62.59,0,383.83,2636.4,54.6,2666.27,0,0,0,0,802.07,1411.8,0,26.2,26,false,true,undefined,false,false,false,false,undefined,true,false,true,true
116.322,undefined,0,0,0,0,0,0,0,0,0,0,0,0,0,0,0,0,0,0,0,0,0,0,0,4047.48,432.02,942.54,880.52,0,1261.14,62.59,0,383.83,2638.97,54.6,2667.6,0,0,0,0,802.07,1411.8,0,26.2,26,false,true,undefined,false,false,false,false,undefined,true,false,true,true
116.449,undefined,0,0,0,0,0,0,0,0,0,0,0,0,0,0,0,0,0,0,0,0,0,0,0,4047.48,432.02,942.54,880.52,0,1261.14,62.59,0,383.83,2644.2,54.6,2667.6,0,0,0,0,802.07,1411.8,0,26.2,26,false,true,undefined,false,false,false,false,undefined,true,false,true,true
116.574,undefined,0,0,0,0,0,0,0,0,0,0,0,0,0,0,0,0,0,0,0,0,0,0,0,4047.48,432.02,942.54,880.52,0,1260.42,62.59,0,383.83,2644.2,54.6,2662.37,0,0,0,0,803.4,1411.8,0,26.2,26,false,true,undefined,false,false,false,false,undefined,true,false,true,true
116.684,undefined,0,0,0,0,0,0,0,0,0,0,0,0,0,0,0,0,0,0,0,0,0,0,0,3945.99,430.2,893.24,880.88,0,1260.42,62.63,0,383.96,2644.2,54.6,2658.47,0,0,0,0,804.73,1411.8,0,26.2,26,false,true,undefined,false,false,false,false,undefined,true,false,true,true
116.797,undefined,0,0,0,0,0,0,0,0,0,0,0,0,0,0,0,0,0,0,0,0,0,0,0,3945.99,430.2,893.24,880.88,0,1260.42,62.63,0,383.96,2648.1,54.6,2663.7,0,0,0,0,803.4,1411.8,0,26.2,26,false,true,undefined,false,false,false,false,undefined,true,false,true,true
116.923,undefined,0,0,0,0,0,0,0,0,0,0,0,0,0,0,0,0,0,0,0,0,0,0,0,3945.99,430.2,893.24,880.88,0,1260.42,62.63,0,383.96,2645.53,54.6,2675.4,0,0,0,0,804.73,1411.8,0,26.2,26,false,true,undefined,false,false,false,false,undefined,true,false,true,true
117.03,undefined,0,0,0,0,0,0,0,0,0,0,0,0,0,0,0,0,0,0,0,0,0,0,0,3945.99,430.2,893.24,880.88,0,1260.42,62.63,0,383.96,2640.3,54.6,2675.4,0,0,0,0,804.73,1411.8,0,26.2,26,false,true,undefined,false,false,false,false,undefined,true,false,true,true
117.164,undefined,0,0,0,0,0,0,0,0,0,0,0,0,0,0,0,0,0,0,0,0,0,0,0,3958.05,430.02,929.08,880.7,0,1261.37,62.63,0,383.43,2642.87,54.6,2677.97,0,0,0,0,803.4,1411.8,0,26.2,26,false,true,undefined,false,false,false,false,undefined,true,false,true,true
117.271,undefined,0,0,0,0,0,0,0,0,0,0,0,0,0,0,0,0,0,0,0,0,0,0,0,3958.05,430.02,929.08,880.7,0,1261.37,62.63,0,383.43,2642.87,54.6,2674.07,0,0,0,0,803.4,1411.8,0,26.2,26,false,true,undefined,false,false,false,false,undefined,true,false,true,true
117.398,undefined,0,0,0,0,0,0,0,0,0,0,0,0,0,0,0,0,0,0,0,0,0,0,0,3958.05,430.02,929.08,880.7,0,1261.37,62.63,0,383.43,2648.1,54.6,2671.5,0,0,0,0,803.4,1411.8,0,26.2,26,false,true,undefined,false,false,false,false,undefined,true,false,true,true
117.515,undefined,0,0,0,0,0,0,0,0,0,0,0,0,0,0,0,0,0,0,0,0,0,0,0,3958.05,430.02,929.08,880.7,0,1261.37,62.63,0,383.43,2658.47,54.6,2677.97,0,0,0,0,803.4,1411.8,0,26.2,26,false,true,undefined,false,false,false,false,undefined,true,false,true,true
117.642,undefined,0,0,0,0,0,0,0,0,0,0,0,0,0,0,0,0,0,0,0,0,0,0,0,3758.82,430.06,842.43,880.45,0,1259.07,62.6,0,384.13,2653.33,54.6,2677.97,0,0,0,0,803.4,1411.8,0,26.2,26,false,true,undefined,false,false,false,false,undefined,true,false,true,true
117.778,undefined,0,0,0,0,0,0,0,0,0,0,0,0,0,0,0,0,0,0,0,0,0,0,0,3758.82,430.06,842.43,880.45,0,1259.07,62.6,0,384.13,2650.67,53.27,2683.2,0,0,0,0,803.4,1411.8,0,26.2,26,false,true,undefined,false,false,false,false,undefined,true,false,true,true
117.89,undefined,0,0,0,0,0,0,0,0,0,0,0,0,0,0,0,0,0,0,0,0,0,0,0,3758.82,430.06,842.43,880.45,0,1259.07,62.6,0,384.13,2650.67,53.27,2681.87,0,0,0,0,803.4,1411.8,0,26.2,26,false,true,undefined,false,false,false,false,undefined,true,false,true,true
118.002,undefined,0,0,0,0,0,0,0,0,0,0,0,0,0,0,0,0,0,0,0,0,0,0,0,3758.82,430.06,842.43,880.45,0,1259.07,62.6,0,384.13,2652,53.27,2677.97,0,0,0,0,803.4,1411.8,0,26.2,26,false,true,undefined,false,false,false,false,undefined,true,false,true,true
118.125,undefined,0,0,0,0,0,0,0,0,0,0,0,0,0,0,0,0,0,0,0,0,0,0,0,3790.99,430.23,860.2,880.54,0,1254.03,62.52,0,383.25,2654.57,53.27,2672.83,0,0,0,0,803.4,1411.8,0,26.2,26,false,true,undefined,false,false,false,false,undefined,true,false,true,true
118.255,undefined,0,0,0,0,0,0,0,0,0,0,0,0,0,0,0,0,0,0,0,0,0,0,0,3790.99,430.23,860.2,880.54,0,1254.03,62.52,0,383.25,2658.47,54.6,2672.83,0,0,0,0,802.07,1411.8,0,26.2,26,false,true,undefined,false,false,false,false,undefined,true,false,true,true
118.366,undefined,0,0,0,0,0,0,0,0,0,0,0,0,0,0,0,0,0,0,0,0,0,0,0,3790.99,430.23,860.2,880.54,0,1254.03,62.52,0,383.25,2663.7,54.6,2672.83,0,0,0,0,802.07,1411.8,0,26.2,26,false,true,undefined,false,false,false,false,undefined,true,false,true,true
118.468,undefined,0,0,0,0,0,0,0,0,0,0,0,0,0,0,0,0,0,0,0,0,0,0,0,3790.99,430.23,860.2,880.54,0,1254.03,62.52,0,383.25,2663.7,54.6,2668.93,0,0,0,0,802.07,1411.8,0,26.2,26,false,true,undefined,false,false,false,false,undefined,true,false,true,true
118.597,undefined,0,0,0,0,0,0,0,0,0,0,0,0,0,0,0,0,0,0,0,0,0,0,0,3974.09,430.51,907.44,880.39,0,1253.49,62.46,0,383.09,2665.03,54.6,2670.17,0,0,0,0,802.07,1411.8,0,26.2,26,false,true,undefined,false,false,false,false,undefined,true,false,true,true
118.721,undefined,0,0,0,0,0,0,0,0,0,0,0,0,0,0,0,0,0,0,0,0,0,0,0,3974.09,430.51,907.44,880.39,0,1253.49,62.46,0,383.09,2654.57,54.6,2668.93,0,0,0,0,802.07,1411.8,0,26.2,26,false,true,undefined,false,false,false,false,undefined,true,false,true,true
118.834,undefined,0,0,0,0,0,0,0,0,0,0,0,0,0,0,0,0,0,0,0,0,0,0,0,3974.09,430.51,907.44,880.39,0,1253.49,62.46,0,383.09,2652,54.6,2668.93,0,0,0,0,802.07,1411.8,0,26.2,26,false,true,undefined,false,false,false,false,undefined,true,false,true,true
118.949,undefined,0,0,0,0,0,0,0,0,0,0,0,0,0,0,0,0,0,0,0,0,0,0,0,3974.09,430.51,907.44,880.39,0,1253.49,62.42,0,383.09,2652,54.6,2671.5,0,0,0,0,802.07,1411.8,0,26.2,26,false,true,undefined,false,false,false,false,undefined,true,false,true,true
119.076,undefined,0,0,0,0,0,0,0,0,0,0,0,0,0,0,0,0,0,0,0,0,0,0,0,4096.61,429.38,934.95,880.58,0,1251.09,62.42,0,383.96,2654.57,54.6,2670.17,0,0,0,0,802.07,1411.8,0,26.2,26,false,true,undefined,false,false,false,false,undefined,true,false,true,true
119.196,undefined,0,0,0,0,0,0,0,0,0,0,0,0,0,0,0,0,0,0,0,0,0,0,0,4096.61,429.38,934.95,880.58,0,1251.09,62.42,0,383.96,2650.67,54.6,2674.07,0,0,0,0,803.4,1411.8,0,26.2,26,false,true,undefined,false,false,false,false,undefined,true,false,true,true
119.323,undefined,0,0,0,0,0,0,0,0,0,0,0,0,0,0,0,0,0,0,0,0,0,0,0,4096.61,429.38,934.95,880.58,0,1251.09,62.42,0,383.96,2644.2,54.6,2677.97,0,0,0,0,803.4,1411.8,0,26.2,26,false,true,undefined,false,false,false,false,undefined,true,false,true,true
119.44,undefined,0,0,0,0,0,0,0,0,0,0,0,0,0,0,0,0,0,0,0,0,0,0,0,4096.61,429.38,934.95,880.58,0,1251.09,62.42,0,383.96,2638.97,54.6,2677.97,0,0,0,0,803.4,1411.8,0,26.2,26,false,true,undefined,false,false,false,false,undefined,true,false,true,true
119.55,undefined,0,0,0,0,0,0,0,0,0,0,0,0,0,0,0,0,0,0,0,0,0,0,0,4135.36,429.68,944.71,879.73,0,1246.7,62.43,0,383.79,2638.97,54.6,2676.73,0,0,0,0,802.07,1413.13,0,26.2,26,false,true,undefined,false,false,false,false,undefined,true,false,true,true
119.664,undefined,0,0,0,0,0,0,0,0,0,0,0,0,0,0,0,0,0,0,0,0,0,0,0,4135.36,429.68,944.71,879.73,0,1246.7,62.43,0,383.79,2645.53,54.6,2674.07,0,0,0,0,802.07,1413.13,0,26.2,26,false,true,undefined,false,false,false,false,undefined,true,false,true,true
119.776,undefined,0,0,0,0,0,0,0,0,0,0,0,0,0,0,0,0,0,0,0,0,0,0,0,4135.36,429.68,944.71,879.73,0,1246.7,62.43,0,383.79,2645.53,54.6,2672.83,0,0,0,0,802.07,1413.13,0,26.2,26,false,true,undefined,false,false,false,false,undefined,true,false,true,true
119.889,undefined,0,0,0,0,0,0,0,0,0,0,0,0,0,0,0,0,0,0,0,0,0,0,0,4135.36,429.68,944.71,879.73,0,1246.7,62.43,0,383.79,2641.63,54.6,2672.83,0,0,0,0,802.07,1413.13,0,26.2,26,false,true,undefined,false,false,false,false,undefined,true,false,true,true
120.015,undefined,0,0,0,0,0,0,0,0,0,0,0,0,0,0,0,0,0,0,0,0,0,0,0,4147.11,430.33,975.15,880.5,0,1249.08,62.47,0,383.55,2641.63,54.6,2675.4,0,0,0,0,803.4,1413.13,0,26.2,26,false,true,undefined,false,false,false,false,undefined,true,false,true,true
120.147,undefined,0,0,0,0,0,0,0,0,0,0,0,0,0,0,0,0,0,0,0,0,0,0,0,4147.11,430.33,975.15,880.5,0,1249.08,62.47,0,383.55,2637.73,54.6,2681.87,0,0,0,0,803.4,1413.13,0,26.2,26,false,true,undefined,false,false,false,false,undefined,true,false,true,true
120.275,undefined,0,0,0,0,0,0,0,0,0,0,0,0,0,0,0,0,0,0,0,0,0,0,0,4147.11,430.33,975.15,880.5,0,1249.08,62.47,0,383.55,2628.6,54.6,2679.3,0,0,0,0,802.07,1413.13,0,26.2,26,false,true,undefined,false,false,false,false,undefined,true,false,true,true
120.4,undefined,0,0,0,0,0,0,0,0,0,0,0,0,0,0,0,0,0,0,0,0,0,0,0,4147.11,430.33,976.49,880.5,0,1249.08,62.47,0,383.55,2629.93,54.6,2667.6,0,0,0,0,802.07,1413.13,0,26.2,26,false,true,undefined,false,false,false,false,undefined,true,false,true,true
120.518,undefined,0,0,0,0,0,0,0,0,0,0,0,0,0,0,0,0,0,0,0,0,0,0,0,4143.11,424.72,976.49,880.15,0,1254.1,62.37,0,382.49,2638.97,54.6,2662.37,0,0,0,0,802.07,1413.13,0,26.2,26,false,true,undefined,false,false,false,false,undefined,true,false,true,true
120.646,undefined,0,0,0,0,0,0,0,0,0,0,0,0,0,0,0,0,0,0,0,0,0,0,0,4143.11,424.72,976.49,880.15,0,1254.1,62.37,0,382.49,2645.53,54.6,2662.37,0,0,0,0,802.07,1413.13,0,26.2,26,false,true,undefined,false,false,false,false,undefined,true,false,true,true
120.736,undefined,0,0,0,0,0,0,0,0,0,0,0,0,0,0,0,0,0,0,0,0,0,0,0,4143.11,424.72,976.49,880.15,0,1254.1,62.37,0,382.49,2645.53,54.6,2659.8,0,0,0,0,802.07,1413.13,0,26.2,26,false,true,undefined,false,false,false,false,undefined,true,false,true,true
120.865,undefined,0,0,0,0,0,0,0,0,0,0,0,0,0,0,0,0,0,0,0,0,0,0,0,4143.11,424.72,976.49,880.15,0,1254.1,62.37,0,382.49,2649.43,54.6,2661.13,0,0,0,0,803.4,1413.13,0,26.2,26,false,true,undefined,false,false,false,false,undefined,true,false,true,true
120.979,undefined,0,0,0,0,0,0,0,0,0,0,0,0,0,0,0,0,0,0,0,0,0,0,0,4163.15,424.61,959.2,880.38,0,1269.81,62.55,0,383.25,2653.33,54.6,2668.93,0,0,0,0,802.07,1411.8,0,26.2,26,false,true,undefined,false,false,false,false,undefined,true,false,true,true
121.102,undefined,0,0,0,0,0,0,0,0,0,0,0,0,0,0,0,0,0,0,0,0,0,0,0,4163.15,424.61,959.2,880.38,0,1269.81,62.55,0,383.25,2650.67,54.6,2668.93,0,0,0,0,802.07,1411.8,0,26.2,26,false,true,undefined,false,false,false,false,undefined,true,false,true,true
121.229,undefined,0,0,0,0,0,0,0,0,0,0,0,0,0,0,0,0,0,0,0,0,0,0,0,4163.15,424.61,959.2,880.38,0,1269.81,62.55,0,383.25,2644.2,54.6,2674.07,0,0,0,0,803.4,1409.23,0,26.2,26,false,true,undefined,false,false,false,false,undefined,true,false,true,true
121.345,undefined,0,0,0,0,0,0,0,0,0,0,0,0,0,0,0,0,0,0,0,0,0,0,0,4163.15,424.61,959.2,880.38,0,1269.81,62.55,0,383.25,2644.2,54.6,2676.73,0,0,0,0,803.4,1409.23,0,26.2,26,false,true,undefined,false,false,false,false,undefined,true,false,true,true
121.458,undefined,0,0,0,0,0,0,0,0,0,0,0,0,0,0,0,0,0,0,0,0,0,0,0,4170.05,423.89,960.34,880.35,0,1288,62.55,0,383.39,2640.3,54.6,2681.87,0,0,0,0,803.4,1409.23,0,26.2,26,false,true,undefined,false,false,false,false,undefined,true,false,true,true
121.577,undefined,0,0,0,0,0,0,0,0,0,0,0,0,0,0,0,0,0,0,0,0,0,0,0,4170.05,423.89,960.34,880.35,0,1288,62.55,0,383.39,2652,54.6,2689.67,0,0,0,0,802.07,1409.23,0,26.2,26,false,true,undefined,false,false,false,false,undefined,true,false,true,true
121.712,undefined,0,0,0,0,0,0,0,0,0,0,0,0,0,0,0,0,0,0,0,0,0,0,0,4170.05,423.89,960.34,880.35,0,1288,62.55,0,383.39,2654.57,55.93,2693.57,0,0,0,0,800.83,1409.23,0,26.2,26,false,true,undefined,false,false,false,false,undefined,true,false,true,true
121.807,undefined,0,0,0,0,0,0,0,0,0,0,0,0,0,0,0,0,0,0,0,0,0,0,0,4170.05,423.89,960.34,880.35,0,1288,62.55,0,383.39,2654.57,55.93,2693.57,0,0,0,0,800.83,1409.23,0,26.2,26,false,true,undefined,false,false,false,false,undefined,true,false,true,true
121.929,undefined,0,0,0,0,0,0,0,0,0,0,0,0,0,0,0,0,0,0,0,0,0,0,0,4140.91,423.97,949.97,879.48,0,1301,62.62,0,383.69,2652,54.6,2689.67,0,0,0,0,800.83,1409.23,0,26.2,26,false,true,undefined,false,false,false,false,undefined,true,false,true,true
122.049,undefined,0,0,0,0,0,0,0,0,0,0,0,0,0,0,0,0,0,0,0,0,0,0,0,4140.91,423.97,949.97,879.48,0,1301,62.62,0,383.69,2663.7,54.6,2683.2,0,0,0,0,802.07,1409.23,0,26.2,26,false,true,undefined,false,false,false,false,undefined,true,false,true,true
122.152,undefined,0,0,0,0,0,0,0,0,0,0,0,0,0,0,0,0,0,0,0,0,0,0,0,4140.91,423.97,949.97,879.48,0,1301,62.62,0,383.69,2666.27,54.6,2680.63,0,0,0,0,802.07,1409.23,0,26.2,26,false,true,undefined,false,false,false,false,undefined,true,false,true,true
122.269,undefined,0,0,0,0,0,0,0,0,0,0,0,0,0,0,0,0,0,0,0,0,0,0,0,4140.91,423.97,949.97,879.48,0,1301,62.62,0,383.69,2665.03,54.6,2680.63,0,0,0,0,802.07,1409.23,0,26.2,26,false,true,undefined,false,false,false,false,undefined,true,false,true,true
122.395,undefined,0,0,0,0,0,0,0,0,0,0,0,0,0,0,0,0,0,0,0,0,0,0,0,3894.92,423.63,869.16,880.65,0,1306.94,62.66,0,384.08,2665.03,54.6,2675.4,0,0,0,0,802.07,1409.23,0,26.2,26,false,true,undefined,false,false,false,false,undefined,true,false,true,true
122.501,undefined,0,0,0,0,0,0,0,0,0,0,0,0,0,0,0,0,0,0,0,0,0,0,0,3894.92,423.63,869.16,880.65,0,1306.94,62.66,0,384.08,2662.37,54.6,2675.4,0,0,0,0,803.4,1409.23,0,26.2,26,false,true,undefined,false,false,false,false,undefined,true,false,true,true
122.627,undefined,0,0,0,0,0,0,0,0,0,0,0,0,0,0,0,0,0,0,0,0,0,0,0,3894.92,423.63,869.16,880.65,0,1306.94,62.66,0,384.08,2657.23,54.6,2674.07,0,0,0,0,803.4,1409.23,0,26.2,26,false,true,undefined,false,false,false,false,undefined,true,false,true,true
122.75,undefined,0,0,0,0,0,0,0,0,0,0,0,0,0,0,0,0,0,0,0,0,0,0,0,3894.92,423.63,869.16,880.65,0,1306.94,62.66,0,384.08,2652,54.6,2674.07,0,0,0,0,803.4,1409.23,0,26.2,26,false,true,undefined,false,false,false,false,undefined,true,false,true,true
122.863,undefined,0,0,0,0,0,0,0,0,0,0,0,0,0,0,0,0,0,0,0,0,0,0,0,3947.42,425,866.65,879.24,0,1317.61,62.65,0,384.45,2652,54.6,2674.07,0,0,0,0,803.4,1409.23,0,26.2,26,false,true,undefined,false,false,false,false,undefined,true,false,true,true
122.97,undefined,0,0,0,0,0,0,0,0,0,0,0,0,0,0,0,0,0,0,0,0,0,0,0,3947.42,425,866.65,879.24,0,1317.61,62.65,0,384.45,2654.57,55.93,2675.4,0,0,0,0,803.4,1409.23,0,26.2,26,false,true,undefined,false,false,false,false,undefined,true,false,true,true
123.084,undefined,0,0,0,0,0,0,0,0,0,0,0,0,0,0,0,0,0,0,0,0,0,0,0,3947.42,425,866.65,879.24,0,1317.61,62.65,0,384.45,2654.57,55.93,2672.83,0,0,0,0,803.4,1407.9,0,26.2,26,false,true,undefined,false,false,false,false,undefined,true,false,true,true
123.196,undefined,0,0,0,0,0,0,0,0,0,0,0,0,0,0,0,0,0,0,0,0,0,0,0,3947.42,425,866.65,879.24,0,1317.61,62.65,0,384.45,2652,55.93,2672.83,0,0,0,0,803.4,1411.8,0,26.2,26,false,true,undefined,false,false,false,false,undefined,true,false,true,true
123.328,undefined,0,0,0,0,0,0,0,0,0,0,0,0,0,0,0,0,0,0,0,0,0,0,0,3834.89,423.99,841.27,880.08,0,1317.61,62.65,0,383.2,2648.1,54.6,2665.03,0,0,0,0,803.4,1410.47,0,26.2,26,false,true,undefined,false,false,false,false,undefined,true,false,true,true
123.442,undefined,0,0,0,0,0,0,0,0,0,0,0,0,0,0,0,0,0,0,0,0,0,0,0,3834.89,423.99,841.27,880.08,0,1321.01,62.57,0,383.2,2648.1,54.6,2668.93,0,0,0,0,803.4,1410.47,0,26.2,26,false,true,undefined,false,false,false,false,undefined,true,false,true,true
123.558,undefined,0,0,0,0,0,0,0,0,0,0,0,0,0,0,0,0,0,0,0,0,0,0,0,3834.89,423.99,841.27,880.08,0,1321.01,62.57,0,383.2,2648.1,55.93,2677.97,0,0,0,0,803.4,1410.47,0,26.2,26,false,true,undefined,false,false,false,false,undefined,true,false,true,true
123.685,undefined,0,0,0,0,0,0,0,0,0,0,0,0,0,0,0,0,0,0,0,0,0,0,0,3834.89,423.99,841.27,880.08,0,1321.01,62.57,0,383.2,2644.2,55.93,2675.4,0,0,0,0,803.4,1410.47,0,26.2,26,false,true,undefined,false,false,false,false,undefined,true,false,true,true
123.789,undefined,0,0,0,0,0,0,0,0,0,0,0,0,0,0,0,0,0,0,0,0,0,0,0,3834.89,424.21,937.64,880.08,0,1322.24,62.59,0,383.02,2638.97,55.93,2675.4,0,0,0,0,803.4,1409.23,0,26.2,26,false,true,undefined,false,false,false,false,undefined,true,false,true,true
123.905,undefined,0,0,0,0,0,0,0,0,0,0,0,0,0,0,0,0,0,0,0,0,0,0,0,4074.14,424.21,937.64,879.11,0,1322.24,62.59,0,383.02,2638.97,55.93,2666.27,0,0,0,0,803.4,1409.23,0,26.2,26,false,true,undefined,false,false,false,false,undefined,true,false,true,true
124.037,undefined,0,0,0,0,0,0,0,0,0,0,0,0,0,0,0,0,0,0,0,0,0,0,0,4074.14,424.21,937.64,879.11,0,1322.24,62.59,0,383.02,2642.87,55.93,2662.37,0,0,0,0,803.4,1409.23,0,26.2,26,false,true,undefined,false,false,false,false,undefined,true,false,true,true
124.137,undefined,0,0,0,0,0,0,0,0,0,0,0,0,0,0,0,0,0,0,0,0,0,0,0,4074.14,424.21,937.64,879.11,0,1322.24,62.59,0,383.02,2648.1,55.93,2665.03,0,0,0,0,803.4,1409.23,0,26.2,26,false,true,undefined,false,false,false,false,undefined,true,false,true,true
124.245,undefined,0,0,0,0,0,0,0,0,0,0,0,0,0,0,0,0,0,0,0,0,0,0,0,4074.14,424.21,937.64,879.11,0,1322.24,62.59,0,383.45,2648.1,55.93,2665.03,0,0,0,0,803.4,1409.23,0,26.2,26,false,true,undefined,false,false,false,false,undefined,true,false,true,true
124.379,undefined,0,0,0,0,0,0,0,0,0,0,0,0,0,0,0,0,0,0,0,0,0,0,0,4244.26,424.36,1001.16,879.45,0,1322.52,62.65,0,383.45,2658.47,55.93,2658.47,0,0,0,0,803.4,1409.23,0,26.2,26,false,true,undefined,false,false,false,false,undefined,true,false,true,true
124.485,undefined,0,0,0,0,0,0,0,0,0,0,0,0,0,0,0,0,0,0,0,0,0,0,0,4244.26,424.36,1001.16,879.45,0,1322.52,62.65,0,383.45,2658.47,55.93,2650.67,0,0,0,0,802.07,1409.23,0,26.2,26,false,true,undefined,false,false,false,false,undefined,true,false,true,true
124.604,undefined,0,0,0,0,0,0,0,0,0,0,0,0,0,0,0,0,0,0,0,0,0,0,0,4244.26,424.36,1001.16,879.45,0,1322.52,62.65,0,383.45,2663.7,55.93,2648.1,0,0,0,0,803.4,1409.23,0,26.2,26,false,true,undefined,false,false,false,false,undefined,true,false,true,true
124.724,undefined,0,0,0,0,0,0,0,0,0,0,0,0,0,0,0,0,0,0,0,0,0,0,0,4275.47,424.36,1001.16,879.45,0,1322.52,62.65,0,383.45,2662.37,55.93,2649.43,0,0,0,0,803.4,1409.23,0,26.2,26,false,true,undefined,false,false,false,false,undefined,true,false,true,true
124.831,undefined,0,0,0,0,0,0,0,0,0,0,0,0,0,0,0,0,0,0,0,0,0,0,0,4275.47,423.76,974.26,879.49,0,1318.93,62.61,0,382.76,2662.37,55.93,2649.43,0,0,0,0,803.4,1409.23,0,26.2,26,false,true,undefined,false,false,false,false,undefined,true,false,true,true
124.942,undefined,0,0,0,0,0,0,0,0,0,0,0,0,0,0,0,0,0,0,0,0,0,0,0,4275.47,423.76,974.26,879.49,0,1318.93,62.61,0,382.76,2662.37,54.6,2659.8,0,0,0,0,803.4,1409.23,0,26.2,26,false,true,undefined,false,false,false,false,undefined,true,false,true,true
125.054,undefined,0,0,0,0,0,0,0,0,0,0,0,0,0,0,0,0,0,0,0,0,0,0,0,4275.47,423.76,974.26,879.49,0,1318.93,62.61,0,382.76,2659.8,54.6,2667.6,0,0,0,0,803.4,1409.23,0,26.2,26,false,true,undefined,false,false,false,false,undefined,true,false,true,true
125.166,undefined,0,0,0,0,0,0,0,0,0,0,0,0,0,0,0,0,0,0,0,0,0,0,0,4275.47,423.76,974.26,879.49,0,1318.93,62.61,0,382.76,2653.33,54.6,2667.6,0,0,0,0,803.4,1409.23,0,26.2,26,false,true,undefined,false,false,false,false,undefined,true,false,true,true
125.301,undefined,0,0,0,0,0,0,0,0,0,0,0,0,0,0,0,0,0,0,0,0,0,0,0,4289.02,426.82,970.56,879.34,0,1318.85,62.62,0,382.78,2646.77,54.6,2667.6,0,0,0,0,803.4,1407.9,0,26.2,26,false,true,undefined,false,false,false,false,undefined,true,false,true,true
125.383,undefined,0,0,0,0,0,0,0,0,0,0,0,0,0,0,0,0,0,0,0,0,0,0,0,4289.02,426.82,970.56,879.34,0,1318.85,62.62,0,382.78,2646.77,54.6,2674.07,0,0,0,0,803.4,1407.9,0,26.2,26,false,true,undefined,false,false,false,false,undefined,true,false,true,true
125.508,undefined,0,0,0,0,0,0,0,0,0,0,0,0,0,0,0,0,0,0,0,0,0,0,0,4289.02,426.82,970.56,879.34,0,1318.85,62.62,0,382.78,2645.53,55.93,2675.4,0,0,0,0,802.07,1407.9,0,26.2,26,false,true,undefined,false,false,false,false,undefined,true,false,true,true
125.62,undefined,0,0,0,0,0,0,0,0,0,0,0,0,0,0,0,0,0,0,0,0,0,0,0,4289.02,426.82,970.56,879.34,0,1318.85,62.62,0,382.78,2645.53,54.6,2676.73,0,0,0,0,803.4,1407.9,0,26.2,26,false,true,undefined,false,false,false,false,undefined,true,false,true,true
125.754,undefined,0,0,0,0,0,0,0,0,0,0,0,0,0,0,0,0,0,0,0,0,0,0,0,4277.24,429.91,948.95,880.22,0,1300.6,62.49,0,382.15,2632.5,54.6,2679.3,0,0,0,0,802.07,1409.23,0,26.2,26,false,true,undefined,false,false,false,false,undefined,true,false,true,true
125.841,undefined,0,0,0,0,0,0,0,0,0,0,0,0,0,0,0,0,0,0,0,0,0,0,0,4277.24,429.91,948.95,880.22,0,1300.6,62.49,0,382.15,2632.5,54.6,2679.3,0,0,0,0,802.07,1409.23,0,26.2,26,false,true,undefined,false,false,false,false,undefined,true,false,true,true
125.944,undefined,0,0,0,0,0,0,0,0,0,0,0,0,0,0,0,0,0,0,0,0,0,0,0,4277.24,429.91,948.95,880.22,0,1300.6,62.49,0,382.15,2632.5,54.6,2680.63,0,0,0,0,802.07,1409.23,0,26.2,26,false,true,undefined,false,false,false,false,undefined,true,false,true,true
126.069,undefined,0,0,0,0,0,0,0,0,0,0,0,0,0,0,0,0,0,0,0,0,0,0,0,4277.24,429.91,948.95,880.22,0,1300.6,62.49,0,382.15,2637.73,54.6,2671.5,0,0,0,0,800.83,1409.23,0,26.2,26,false,true,undefined,false,false,false,false,undefined,true,false,true,true
126.193,undefined,0,0,0,0,0,0,0,0,0,0,0,0,0,0,0,0,0,0,0,0,0,0,0,4256.35,429.48,1005.53,878.95,0,1281.62,62.53,0,383.07,2638.97,54.6,2671.5,0,0,0,0,800.83,1409.23,0,26.2,26,false,true,undefined,false,false,false,false,undefined,true,false,true,true
126.32,undefined,0,0,0,0,0,0,0,0,0,0,0,0,0,0,0,0,0,0,0,0,0,0,0,4256.35,429.48,1005.53,878.95,0,1281.62,62.53,0,383.07,2642.87,55.93,2666.27,0,0,0,0,802.07,1409.23,0,26.2,26,false,true,undefined,false,false,false,false,undefined,true,false,true,true
126.443,undefined,0,0,0,0,0,0,0,0,0,0,0,0,0,0,0,0,0,0,0,0,0,0,0,4256.35,429.48,1005.53,878.95,0,1281.62,62.53,0,383.07,2642.87,55.93,2668.93,0,0,0,0,802.07,1409.23,0,26.2,26,false,true,undefined,false,false,false,false,undefined,true,false,true,true
126.561,undefined,0,0,0,0,0,0,0,0,0,0,0,0,0,0,0,0,0,0,0,0,0,0,0,4256.35,429.48,1005.53,878.95,0,1281.62,62.53,0,383.07,2645.53,55.93,2668.93,0,0,0,0,802.07,1409.23,0,26.2,26,false,true,undefined,false,false,false,false,undefined,true,false,true,true
126.681,undefined,0,0,0,0,0,0,0,0,0,0,0,0,0,0,0,0,0,0,0,0,0,0,0,3880.27,429.75,870.5,879.75,0,1271.57,62.55,0,381.72,2646.77,54.6,2672.83,0,0,0,0,802.07,1409.23,0,26.2,26,false,true,undefined,false,false,false,false,undefined,true,false,true,true
126.811,undefined,0,0,0,0,0,0,0,0,0,0,0,0,0,0,0,0,0,0,0,0,0,0,0,3880.27,429.75,870.5,879.75,0,1271.57,62.55,0,381.72,2650.67,54.6,2676.73,0,0,0,0,802.07,1409.23,0,26.2,26,false,true,undefined,false,false,false,false,undefined,true,false,true,true
126.94,undefined,0,0,0,0,0,0,0,0,0,0,0,0,0,0,0,0,0,0,0,0,0,0,0,3880.27,429.75,870.5,879.75,0,1271.57,62.55,0,381.72,2654.57,54.6,2676.73,0,0,0,0,802.07,1409.23,0,26.2,26,false,true,undefined,false,false,false,false,undefined,true,false,true,true
127.051,undefined,0,0,0,0,0,0,0,0,0,0,0,0,0,0,0,0,0,0,0,0,0,0,0,3880.27,429.75,870.5,879.75,0,1271.57,62.55,0,381.72,2654.57,54.6,2677.97,0,0,0,0,802.07,1409.23,0,26.2,26,false,true,undefined,false,false,false,false,undefined,true,false,true,true
127.165,undefined,0,0,0,0,0,0,0,0,0,0,0,0,0,0,0,0,0,0,0,0,0,0,0,3884.28,429.95,879.7,878.59,0,1262.48,62.59,0,381.7,2653.33,54.6,2681.87,0,0,0,0,803.4,1409.23,0,26.2,26,false,true,undefined,false,false,false,false,undefined,true,false,true,true
127.29,undefined,0,0,0,0,0,0,0,0,0,0,0,0,0,0,0,0,0,0,0,0,0,0,0,3884.28,429.95,879.7,878.59,0,1262.48,62.59,0,381.7,2653.33,54.6,2685.77,0,0,0,0,802.07,1409.23,0,26.2,26,false,true,undefined,false,false,false,false,undefined,true,false,true,true
127.399,undefined,0,0,0,0,0,0,0,0,0,0,0,0,0,0,0,0,0,0,0,0,0,0,0,3884.28,429.95,879.7,878.59,0,1262.48,62.59,0,381.7,2653.33,54.6,2679.3,0,0,0,0,802.07,1409.23,0,26.2,26,false,true,undefined,false,false,false,false,undefined,true,false,true,true
127.519,undefined,0,0,0,0,0,0,0,0,0,0,0,0,0,0,0,0,0,0,0,0,0,0,0,3884.28,429.95,879.7,878.59,0,1262.48,62.59,0,381.7,2648.1,54.6,2679.3,0,0,0,0,802.07,1409.23,0,26.2,26,false,true,undefined,false,false,false,false,undefined,true,false,true,true
127.635,undefined,0,0,0,0,0,0,0,0,0,0,0,0,0,0,0,0,0,0,0,0,0,0,0,3843.68,430.43,865.39,878.59,0,1257.82,62.58,0,383.22,2648.1,54.6,2670.17,0,0,0,0,802.07,1410.47,0,26.2,26,false,true,undefined,false,false,false,false,undefined,true,false,true,true
127.747,undefined,0,0,0,0,0,0,0,0,0,0,0,0,0,0,0,0,0,0,0,0,0,0,0,3843.68,430.43,865.39,879.04,0,1257.82,62.58,0,383.22,2649.43,54.6,2668.93,0,0,0,0,802.07,1410.47,0,26.2,26,false,true,undefined,false,false,false,false,undefined,true,false,true,true
127.859,undefined,0,0,0,0,0,0,0,0,0,0,0,0,0,0,0,0,0,0,0,0,0,0,0,3843.68,430.43,865.39,879.04,0,1257.82,62.58,0,383.22,2646.77,54.6,2670.17,0,0,0,0,802.07,1409.23,0,26.2,26,false,true,undefined,false,false,false,false,undefined,true,false,true,true
127.976,undefined,0,0,0,0,0,0,0,0,0,0,0,0,0,0,0,0,0,0,0,0,0,0,0,3843.68,430.43,865.39,879.04,0,1257.82,62.58,0,383.22,2646.77,54.6,2670.17,0,0,0,0,803.4,1407.9,0,26.2,26,false,true,undefined,false,false,false,false,undefined,true,false,true,true
128.089,undefined,0,0,0,0,0,0,0,0,0,0,0,0,0,0,0,0,0,0,0,0,0,0,0,3843.68,430.03,865.39,878.69,0,1257.82,62.58,0,383.22,2640.3,54.6,2668.93,0,0,0,0,803.4,1407.9,0,26.2,26,false,true,undefined,false,false,false,false,undefined,true,false,true,true
128.195,undefined,0,0,0,0,0,0,0,0,0,0,0,0,0,0,0,0,0,0,0,0,0,0,0,4190.2,430.03,1007.61,878.69,0,1258.8,62.5,0,383.07,2641.63,54.6,2670.17,0,0,0,0,803.4,1407.9,0,26.2,26,false,true,undefined,false,false,false,false,undefined,true,false,true,true
128.319,undefined,0,0,0,0,0,0,0,0,0,0,0,0,0,0,0,0,0,0,0,0,0,0,0,4190.2,430.03,1007.61,878.69,0,1258.8,62.5,0,383.07,2652,55.93,2671.5,0,0,0,0,803.4,1407.9,0,26.2,26,false,true,undefined,false,false,false,false,undefined,true,false,true,true
128.43,undefined,0,0,0,0,0,0,0,0,0,0,0,0,0,0,0,0,0,0,0,0,0,0,0,4190.2,430.03,1007.61,878.69,0,1258.8,62.5,0,383.07,2654.57,55.93,2671.5,0,0,0,0,803.4,1407.9,0,26.2,26,false,true,undefined,false,false,false,false,undefined,true,false,true,true
128.549,undefined,0,0,0,0,0,0,0,0,0,0,0,0,0,0,0,0,0,0,0,0,0,0,0,4295.41,430.03,1007.61,878.69,0,1258.8,62.5,0,383.07,2654.57,55.93,2668.93,0,0,0,0,803.4,1407.9,0,26.2,26,false,true,undefined,false,false,false,false,undefined,true,false,true,true
128.661,undefined,0,0,0,0,0,0,0,0,0,0,0,0,0,0,0,0,0,0,0,0,0,0,0,4295.41,427.99,1018.51,878.7,0,1261.08,62.59,0,382.73,2650.67,55.93,2662.37,0,0,0,0,803.4,1407.9,0,26.2,26,false,true,undefined,false,false,false,false,undefined,true,false,true,true
128.772,undefined,0,0,0,0,0,0,0,0,0,0,0,0,0,0,0,0,0,0,0,0,0,0,0,4295.41,427.99,1018.51,878.7,0,1261.08,62.59,0,382.73,2640.3,55.93,2662.37,0,0,0,0,803.4,1407.9,0,26.2,26,false,true,undefined,false,false,false,false,undefined,true,false,true,true
128.898,undefined,0,0,0,0,0,0,0,0,0,0,0,0,0,0,0,0,0,0,0,0,0,0,0,4295.41,427.99,1018.51,878.7,0,1261.08,62.59,0,382.73,2638.97,54.6,2661.13,0,0,0,0,803.4,1407.9,0,26.2,26,false,true,undefined,false,false,false,false,undefined,true,false,true,true
129.021,undefined,0,0,0,0,0,0,0,0,0,0,0,0,0,0,0,0,0,0,0,0,0,0,0,4295.41,427.99,1018.51,878.7,0,1261.08,62.59,0,382.73,2650.67,54.6,2657.23,0,0,0,0,802.07,1407.9,0,26.2,26,false,true,undefined,false,false,false,false,undefined,true,false,true,true
129.133,undefined,0,0,0,0,0,0,0,0,0,0,0,0,0,0,0,0,0,0,0,0,0,0,0,4295.88,429.22,1008.65,879.72,0,1259.27,62.56,0,382.82,2650.67,54.6,2655.9,0,0,0,0,803.4,1407.9,0,26.2,26,false,true,undefined,false,false,false,false,undefined,true,false,true,true
129.237,undefined,0,0,0,0,0,0,0,0,0,0,0,0,0,0,0,0,0,0,0,0,0,0,0,4295.88,429.22,1008.65,879.72,0,1259.27,62.56,0,382.82,2654.57,55.93,2666.27,0,0,0,0,803.4,1407.9,0,26.2,26,false,true,undefined,false,false,false,false,undefined,true,false,true,true
129.369,undefined,0,0,0,0,0,0,0,0,0,0,0,0,0,0,0,0,0,0,0,0,0,0,0,4295.88,429.22,1008.65,879.72,0,1259.27,62.56,0,382.82,2652,55.93,2672.83,0,0,0,0,802.07,1409.23,0,26.2,26,false,true,undefined,false,false,false,false,undefined,true,false,true,true
129.496,undefined,0,0,0,0,0,0,0,0,0,0,0,0,0,0,0,0,0,0,0,0,0,0,0,4295.88,429.22,1008.65,879.72,0,1259.27,62.56,0,382.82,2649.43,55.93,2672.83,0,0,0,0,802.07,1409.23,0,26.2,26,false,true,undefined,false,false,false,false,undefined,true,false,true,true
129.618,undefined,0,0,0,0,0,0,0,0,0,0,0,0,0,0,0,0,0,0,0,0,0,0,0,4297.8,429.87,1000.91,878.88,0,1259.55,62.66,0,383.68,2646.77,54.6,2668.93,0,0,0,0,802.07,1410.47,0,26.2,26,false,true,undefined,false,false,false,false,undefined,true,false,true,true
129.745,undefined,0,0,0,0,0,0,0,0,0,0,0,0,0,0,0,0,0,0,0,0,0,0,0,4297.8,429.87,1000.91,878.88,0,1259.55,62.66,0,383.68,2646.77,54.6,2672.83,0,0,0,0,802.07,1410.47,0,26.2,26,false,true,undefined,false,false,false,false,undefined,true,false,true,true
129.872,undefined,0,0,0,0,0,0,0,0,0,0,0,0,0,0,0,0,0,0,0,0,0,0,0,4297.8,429.87,1000.91,878.88,0,1259.55,62.66,0,383.68,2650.67,54.6,2674.07,0,0,0,0,803.4,1410.47,0,26.2,26,false,true,undefined,false,false,false,false,undefined,true,false,true,true
130.017,undefined,0,0,0,0,0,0,0,0,0,0,0,0,0,0,0,0,0,0,0,0,0,0,0,4297.8,429.87,1000.91,878.88,0,1259.55,62.66,0,383.68,2649.43,54.6,2675.4,0,0,0,0,803.4,1410.47,0,26.2,26,false,true,undefined,false,false,false,false,undefined,true,false,true,true
130.115,undefined,0,0,0,0,0,0,0,0,0,0,0,0,0,0,0,0,0,0,0,0,0,0,0,4063.57,430.12,964.34,879.81,0,1257.26,62.68,0,383.79,2649.43,54.6,2672.83,0,0,0,0,803.4,1410.47,0,26.2,26,false,true,undefined,false,false,false,false,undefined,true,false,true,true
130.23,undefined,0,0,0,0,0,0,0,0,0,0,0,0,0,0,0,0,0,0,0,0,0,0,0,4063.57,430.12,964.34,879.81,0,1257.26,62.68,0,383.79,2646.77,54.6,2672.83,0,0,0,0,802.07,1410.47,0,26.2,26,false,true,undefined,false,false,false,false,undefined,true,false,true,true
130.357,undefined,0,0,0,0,0,0,0,0,0,0,0,0,0,0,0,0,0,0,0,0,0,0,0,4063.57,430.12,964.34,879.81,0,1257.26,62.68,0,383.79,2646.77,54.6,2672.83,0,0,0,0,802.07,1410.47,0,26.2,26,false,true,undefined,false,false,false,false,undefined,true,false,true,true
130.472,undefined,0,0,0,0,0,0,0,0,0,0,0,0,0,0,0,0,0,0,0,0,0,0,0,4063.57,430.12,964.34,879.81,0,1257.26,62.68,0,383.79,2645.53,54.6,2671.5,0,0,0,0,802.07,1410.47,0,26.2,26,false,true,undefined,false,false,false,false,undefined,true,false,true,true
130.574,undefined,0,0,0,0,0,0,0,0,0,0,0,0,0,0,0,0,0,0,0,0,0,0,0,3957.93,430.29,908.65,879.01,0,1253.79,62.73,0,383.92,2645.53,54.6,2666.27,0,0,0,0,802.07,1410.47,0,26.2,26,false,true,undefined,false,false,false,false,undefined,true,false,true,true
130.69,undefined,0,0,0,0,0,0,0,0,0,0,0,0,0,0,0,0,0,0,0,0,0,0,0,3957.93,430.29,908.65,879.01,0,1253.79,62.73,0,383.92,2646.77,54.6,2666.27,0,0,0,0,802.07,1410.47,0,26.2,26,false,true,undefined,false,false,false,false,undefined,true,false,true,true
130.824,undefined,0,0,0,0,0,0,0,0,0,0,0,0,0,0,0,0,0,0,0,0,0,0,0,3957.93,430.29,908.65,879.01,0,1253.79,62.73,0,383.92,2646.77,54.6,2665.03,0,0,0,0,802.07,1410.47,0,26.2,26,false,true,undefined,false,false,false,false,undefined,true,false,true,true
130.941,undefined,0,0,0,0,0,0,0,0,0,0,0,0,0,0,0,0,0,0,0,0,0,0,0,3957.93,430.29,908.65,879.01,0,1253.79,62.73,0,383.92,2648.1,54.6,2668.93,0,0,0,0,802.07,1410.47,0,26.2,26,false,true,undefined,false,false,false,false,undefined,true,false,true,true
131.054,undefined,0,0,0,0,0,0,0,0,0,0,0,0,0,0,0,0,0,0,0,0,0,0,0,3759.17,431.16,863.71,879.48,0,1252.59,62.69,0,383.57,2649.43,54.6,2670.17,0,0,0,0,802.07,1410.47,0,26.2,26,false,true,undefined,false,false,false,false,undefined,true,false,true,true
131.182,undefined,0,0,0,0,0,0,0,0,0,0,0,0,0,0,0,0,0,0,0,0,0,0,0,3759.17,431.16,863.71,879.48,0,1252.59,62.69,0,383.57,2649.43,54.6,2668.93,0,0,0,0,802.07,1410.47,0,26.2,26,false,true,undefined,false,false,false,false,undefined,true,false,true,true
131.306,undefined,0,0,0,0,0,0,0,0,0,0,0,0,0,0,0,0,0,0,0,0,0,0,0,3759.17,431.16,863.71,879.48,0,1252.59,62.69,0,383.57,2644.2,54.6,2670.17,0,0,0,0,802.07,1410.47,0,26.2,26,false,true,undefined,false,false,false,false,undefined,true,false,true,true
131.419,undefined,0,0,0,0,0,0,0,0,0,0,0,0,0,0,0,0,0,0,0,0,0,0,0,3759.17,431.16,863.71,879.48,0,1252.59,62.69,0,383.57,2642.87,54.6,2670.17,0,0,0,0,802.07,1410.47,0,26.2,26,false,true,undefined,false,false,false,false,undefined,true,false,true,true
131.533,undefined,0,0,0,0,0,0,0,0,0,0,0,0,0,0,0,0,0,0,0,0,0,0,0,3792.48,430.74,864.78,879.07,0,1251.95,62.64,0,383.74,2642.87,54.6,2670.17,0,0,0,0,802.07,1410.47,0,26.2,26,false,true,undefined,false,false,false,false,undefined,true,false,true,true
131.636,undefined,0,0,0,0,0,0,0,0,0,0,0,0,0,0,0,0,0,0,0,0,0,0,0,3792.48,430.74,864.78,879.07,0,1251.95,62.64,0,383.74,2645.53,54.6,2672.83,0,0,0,0,800.83,1410.47,0,26.2,26,false,true,undefined,false,false,false,false,undefined,true,false,true,true
131.765,undefined,0,0,0,0,0,0,0,0,0,0,0,0,0,0,0,0,0,0,0,0,0,0,0,3792.48,430.74,864.78,879.07,0,1251.95,62.64,0,383.74,2642.87,54.6,2671.5,0,0,0,0,800.83,1410.47,0,26.2,26,false,true,undefined,false,false,false,false,undefined,true,false,true,true
131.898,undefined,0,0,0,0,0,0,0,0,0,0,0,0,0,0,0,0,0,0,0,0,0,0,0,3792.48,430.74,864.78,879.07,0,1251.95,62.64,0,383.74,2649.43,54.6,2674.07,0,0,0,0,802.07,1410.47,0,26.2,26,false,true,undefined,false,false,false,false,undefined,true,false,true,true
132.021,undefined,0,0,0,0,0,0,0,0,0,0,0,0,0,0,0,0,0,0,0,0,0,0,0,4127.22,429.91,987.75,878.98,0,1248.62,62.62,0,383.14,2649.43,54.6,2674.07,0,0,0,0,803.4,1410.47,0,26.2,26,false,true,undefined,false,false,false,false,undefined,true,false,true,true
132.146,undefined,0,0,0,0,0,0,0,0,0,0,0,0,0,0,0,0,0,0,0,0,0,0,0,4127.22,429.91,987.75,878.98,0,1248.62,62.62,0,383.14,2652,54.6,2674.07,0,0,0,0,803.4,1410.47,0,26.2,26,false,true,undefined,false,false,false,false,undefined,true,false,true,true
132.257,undefined,0,0,0,0,0,0,0,0,0,0,0,0,0,0,0,0,0,0,0,0,0,0,0,4127.22,429.91,987.75,878.98,0,1248.62,62.62,0,383.14,2644.2,55.93,2683.2,0,0,0,0,802.07,1410.47,0,26.2,26,false,true,undefined,false,false,false,false,undefined,true,false,true,true
132.388,undefined,0,0,0,0,0,0,0,0,0,0,0,0,0,0,0,0,0,0,0,0,0,0,0,4127.22,429.91,987.75,878.98,0,1248.62,62.62,0,383.14,2642.87,55.93,2689.67,0,0,0,0,802.07,1410.47,0,26.2,26,false,true,undefined,false,false,false,false,undefined,true,false,true,true
132.484,undefined,0,0,0,0,0,0,0,0,0,0,0,0,0,0,0,0,0,0,0,0,0,0,0,4326.5,430.34,1073.1,879.15,0,1247.07,62.63,0,383.13,2646.77,55.93,2689.67,0,0,0,0,802.07,1410.47,0,26.2,26,false,true,undefined,false,false,false,false,undefined,true,false,true,true
132.597,undefined,0,0,0,0,0,0,0,0,0,0,0,0,0,0,0,0,0,0,0,0,0,0,0,4326.5,430.34,1073.1,879.15,0,1247.07,62.63,0,383.13,2646.77,54.6,2685.77,0,0,0,0,802.07,1410.47,0,26.2,26,false,true,undefined,false,false,false,false,undefined,true,false,true,true
132.73,undefined,0,0,0,0,0,0,0,0,0,0,0,0,0,0,0,0,0,0,0,0,0,0,0,4326.5,430.34,1073.1,879.15,0,1247.07,62.63,0,383.13,2638.97,54.6,2684.53,0,0,0,0,803.4,1410.47,0,26.2,26,false,true,undefined,false,false,false,false,undefined,true,false,true,true
132.83,undefined,0,0,0,0,0,0,0,0,0,0,0,0,0,0,0,0,0,0,0,0,0,0,0,4326.5,430.34,1073.1,879.15,0,1247.07,62.63,0,383.13,2633.83,54.6,2684.53,0,0,0,0,803.4,1410.47,0,26.2,26,false,true,undefined,false,false,false,false,undefined,true,false,true,true
132.958,undefined,0,0,0,0,0,0,0,0,0,0,0,0,0,0,0,0,0,0,0,0,0,0,0,4403.42,425.49,1068.56,878.81,0,1254.67,62.66,0,382.8,2640.3,54.6,2683.2,0,0,0,0,803.4,1409.23,0,26.2,26,false,true,undefined,false,false,false,false,undefined,true,false,true,true
133.082,undefined,0,0,0,0,0,0,0,0,0,0,0,0,0,0,0,0,0,0,0,0,0,0,0,4403.42,425.49,1068.56,878.81,0,1254.67,62.66,0,382.8,2654.57,54.6,2683.2,0,0,0,0,803.4,1409.23,0,26.2,26,false,true,undefined,false,false,false,false,undefined,true,false,true,true
133.19,undefined,0,0,0,0,0,0,0,0,0,0,0,0,0,0,0,0,0,0,0,0,0,0,0,4403.42,425.49,1068.56,878.81,0,1254.67,62.66,0,382.8,2654.57,54.6,2676.73,0,0,0,0,803.4,1409.23,0,26.2,26,false,true,undefined,false,false,false,false,undefined,true,false,true,true
133.302,undefined,0,0,0,0,0,0,0,0,0,0,0,0,0,0,0,0,0,0,0,0,0,0,0,4403.42,425.49,1068.56,878.81,0,1254.67,62.66,0,382.8,2663.7,54.6,2674.07,0,0,0,0,803.4,1409.23,0,26.2,26,false,true,undefined,false,false,false,false,undefined,true,false,true,true
133.413,undefined,0,0,0,0,0,0,0,0,0,0,0,0,0,0,0,0,0,0,0,0,0,0,0,4410.39,424.42,1061.16,879.72,0,1270.91,62.72,0,383.15,2665.03,54.6,2674.07,0,0,0,0,803.4,1409.23,0,26.2,26,false,true,undefined,false,false,false,false,undefined,true,false,true,true
133.529,undefined,0,0,0,0,0,0,0,0,0,0,0,0,0,0,0,0,0,0,0,0,0,0,0,4410.39,424.42,1061.16,879.72,0,1270.91,62.72,0,383.15,2662.37,54.6,2674.07,0,0,0,0,803.4,1409.23,0,26.2,26,false,true,undefined,false,false,false,false,undefined,true,false,true,true
133.642,undefined,0,0,0,0,0,0,0,0,0,0,0,0,0,0,0,0,0,0,0,0,0,0,0,4410.39,424.42,1061.16,879.72,0,1270.91,62.72,0,383.15,2662.37,54.6,2662.37,0,0,0,0,802.07,1409.23,0,26.2,26,false,true,undefined,false,false,false,false,undefined,true,false,true,true
133.754,undefined,0,0,0,0,0,0,0,0,0,0,0,0,0,0,0,0,0,0,0,0,0,0,0,4410.39,424.42,1061.16,879.72,0,1270.91,62.72,0,383.15,2659.8,54.6,2658.47,0,0,0,0,802.07,1409.23,0,26.2,26,false,true,undefined,false,false,false,false,undefined,true,false,true,true
133.866,undefined,0,0,0,0,0,0,0,0,0,0,0,0,0,0,0,0,0,0,0,0,0,0,0,4410.39,424.42,1061.16,879.72,0,1286.91,62.57,0,383.15,2667.6,54.6,2662.37,0,0,0,0,800.83,1409.23,0,26.2,26,false,true,undefined,false,false,false,false,undefined,true,false,true,true
133.981,undefined,0,0,0,0,0,0,0,0,0,0,0,0,0,0,0,0,0,0,0,0,0,0,0,4431.22,424.54,1047.82,879.04,0,1286.91,62.57,0,383.65,2667.6,54.6,2662.37,0,0,0,0,800.83,1410.47,0,26.2,26,false,true,undefined,false,false,false,false,undefined,true,false,true,true
134.118,undefined,0,0,0,0,0,0,0,0,0,0,0,0,0,0,0,0,0,0,0,0,0,0,0,4431.22,424.54,1047.82,879.04,0,1286.91,62.57,0,383.65,2667.6,54.6,2665.03,0,0,0,0,800.83,1410.47,0,26.2,26,false,true,undefined,false,false,false,false,undefined,true,false,true,true
134.203,undefined,0,0,0,0,0,0,0,0,0,0,0,0,0,0,0,0,0,0,0,0,0,0,0,4431.22,424.54,1047.82,879.04,0,1286.91,62.57,0,383.65,2657.23,54.6,2672.83,0,0,0,0,799.5,1410.47,0,26.2,26,false,true,undefined,false,false,false,false,undefined,true,false,true,true
134.338,undefined,0,0,0,0,0,0,0,0,0,0,0,0,0,0,0,0,0,0,0,0,0,0,0,4431.22,424.54,1047.82,879.04,0,1286.91,62.57,0,384.18,2644.2,54.6,2676.73,0,0,0,0,800.83,1410.47,0,26.2,26,false,true,undefined,false,false,false,false,undefined,true,false,true,true
134.46,undefined,0,0,0,0,0,0,0,0,0,0,0,0,0,0,0,0,0,0,0,0,0,0,0,4442.46,424.11,1054.33,879.32,0,1302.78,62.64,0,384.18,2636.4,54.6,2674.07,0,0,0,0,800.83,1411.8,0,26.2,26,false,true,undefined,false,false,false,false,undefined,true,false,true,true
134.574,undefined,0,0,0,0,0,0,0,0,0,0,0,0,0,0,0,0,0,0,0,0,0,0,0,4442.46,424.11,1054.33,879.32,0,1302.78,62.64,0,384.18,2637.73,54.6,2674.07,0,0,0,0,800.83,1411.8,0,26.2,26,false,true,undefined,false,false,false,false,undefined,true,false,true,true
134.707,undefined,0,0,0,0,0,0,0,0,0,0,0,0,0,0,0,0,0,0,0,0,0,0,0,4442.46,424.11,1054.33,879.32,0,1302.78,62.64,0,384.18,2637.73,54.6,2667.6,0,0,0,0,802.07,1411.8,0,26.2,26,false,true,undefined,false,false,false,false,undefined,true,false,true,true
134.827,undefined,0,0,0,0,0,0,0,0,0,0,0,0,0,0,0,0,0,0,0,0,0,0,0,4462.51,426.13,1054.33,878.62,0,1307.51,62.59,0,384.18,2637.73,54.6,2668.93,0,0,0,0,802.07,1411.8,0,26.2,26,false,true,undefined,false,false,false,false,undefined,true,false,true,true
134.93,undefined,0,0,0,0,0,0,0,0,0,0,0,0,0,0,0,0,0,0,0,0,0,0,0,4462.51,426.13,1052.31,878.62,0,1307.51,62.59,0,383.61,2644.2,54.6,2667.6,0,0,0,0,800.83,1411.8,0,26.2,26,false,true,undefined,false,false,false,false,undefined,true,false,true,true
135.054,undefined,0,0,0,0,0,0,0,0,0,0,0,0,0,0,0,0,0,0,0,0,0,0,0,4462.51,426.13,1052.31,878.62,0,1307.51,62.59,0,383.61,2642.87,54.6,2667.6,0,0,0,0,800.83,1411.8,0,26.2,26,false,true,undefined,false,false,false,false,undefined,true,false,true,true
135.179,undefined,0,0,0,0,0,0,0,0,0,0,0,0,0,0,0,0,0,0,0,0,0,0,0,4462.51,426.13,1052.31,878.62,0,1307.51,62.59,0,383.61,2640.3,54.6,2665.03,0,0,0,0,800.83,1411.8,0,26.2,26,false,true,undefined,false,false,false,false,undefined,true,false,true,true
135.293,undefined,0,0,0,0,0,0,0,0,0,0,0,0,0,0,0,0,0,0,0,0,0,0,0,4462.51,426.13,1052.31,878.62,0,1307.51,62.59,0,383.61,2640.3,54.6,2665.03,0,0,0,0,800.83,1411.8,0,26.2,26,false,true,undefined,false,false,false,false,undefined,true,false,true,true
135.414,undefined,0,0,0,0,0,0,0,0,0,0,0,0,0,0,0,0,0,0,0,0,0,0,0,4389.81,424.47,1033.85,879.16,0,1316.9,62.63,0,383.18,2644.2,54.6,2662.37,0,0,0,0,802.07,1411.8,0,26.2,26,false,true,undefined,false,false,false,false,undefined,true,false,true,true
135.544,undefined,0,0,0,0,0,0,0,0,0,0,0,0,0,0,0,0,0,0,0,0,0,0,0,4389.81,424.47,1033.85,879.16,0,1316.9,62.63,0,383.18,2645.53,54.6,2667.6,0,0,0,0,802.07,1411.8,0,26.2,26,false,true,undefined,false,false,false,false,undefined,true,false,true,true
135.661,undefined,0,0,0,0,0,0,0,0,0,0,0,0,0,0,0,0,0,0,0,0,0,0,0,4389.81,424.47,1033.85,879.16,0,1316.9,62.63,0,383.18,2640.3,54.6,2667.6,0,0,0,0,803.4,1411.8,0,26.2,26,false,true,undefined,false,false,false,false,undefined,true,false,true,true
135.772,undefined,0,0,0,0,0,0,0,0,0,0,0,0,0,0,0,0,0,0,0,0,0,0,0,3925.79,424.47,877.08,879.16,0,1322.68,62.63,0,383.18,2633.83,54.6,2667.6,0,0,0,0,803.4,1411.8,0,26.2,26,false,true,undefined,false,false,false,false,undefined,true,false,true,true
135.898,undefined,0,0,0,0,0,0,0,0,0,0,0,0,0,0,0,0,0,0,0,0,0,0,0,3925.79,424.09,877.08,879.25,0,1322.68,62.63,0,383.17,2633.83,54.6,2667.6,0,0,0,0,802.07,1411.8,0,26.2,26,false,true,undefined,false,false,false,false,undefined,true,false,true,true
135.998,undefined,0,0,0,0,0,0,0,0,0,0,0,0,0,0,0,0,0,0,0,0,0,0,0,3925.79,424.09,877.08,879.25,0,1322.68,62.63,0,383.17,2633.83,54.6,2668.93,0,0,0,0,800.83,1411.8,0,26.2,26,false,true,undefined,false,false,false,false,undefined,true,false,true,true
136.106,undefined,0,0,0,0,0,0,0,0,0,0,0,0,0,0,0,0,0,0,0,0,0,0,0,3925.79,424.09,877.08,879.25,0,1322.68,62.63,0,383.17,2638.97,54.6,2668.93,0,0,0,0,800.83,1411.8,0,26.2,26,false,true,undefined,false,false,false,false,undefined,true,false,true,true
136.219,undefined,0,0,0,0,0,0,0,0,0,0,0,0,0,0,0,0,0,0,0,0,0,0,0,3925.79,424.09,877.08,879.25,0,1322.68,62.63,0,383.17,2642.87,54.6,2668.93,0,0,0,0,800.83,1411.8,0,26.2,26,false,true,undefined,false,false,false,false,undefined,true,false,true,true
136.337,undefined,0,0,0,0,0,0,0,0,0,0,0,0,0,0,0,0,0,0,0,0,0,0,0,3939.08,424.73,896.07,878.8,0,1322.52,62.61,0,383.57,2642.87,54.6,2667.6,0,0,0,0,800.83,1411.8,0,26.2,26,false,true,undefined,false,false,false,false,undefined,true,false,true,true
136.464,undefined,0,0,0,0,0,0,0,0,0,0,0,0,0,0,0,0,0,0,0,0,0,0,0,3939.08,424.73,896.07,878.8,0,1322.52,62.61,0,383.57,2645.53,54.6,2668.93,0,0,0,0,800.83,1411.8,0,26.2,26,false,true,undefined,false,false,false,false,undefined,true,false,true,true
136.582,undefined,0,0,0,0,0,0,0,0,0,0,0,0,0,0,0,0,0,0,0,0,0,0,0,3939.08,424.73,896.07,878.8,0,1322.52,62.61,0,383.57,2645.53,54.6,2666.27,0,0,0,0,800.83,1411.8,0,26.2,26,false,true,undefined,false,false,false,false,undefined,true,false,true,true
136.71,undefined,0,0,0,0,0,0,0,0,0,0,0,0,0,0,0,0,0,0,0,0,0,0,0,3939.08,424.73,896.07,878.8,0,1322.52,62.61,0,383.57,2635.07,54.6,2670.17,0,0,0,0,800.83,1411.8,0,26.2,26,false,true,undefined,false,false,false,false,undefined,true,false,true,true
136.842,undefined,0,0,0,0,0,0,0,0,0,0,0,0,0,0,0,0,0,0,0,0,0,0,0,3952.72,425.37,891.18,879.55,0,1327.34,62.64,0,383.23,2631.17,54.6,2670.17,0,0,0,0,800.83,1411.8,0,26.2,26,false,true,undefined,false,false,false,false,undefined,true,false,true,true
136.934,undefined,0,0,0,0,0,0,0,0,0,0,0,0,0,0,0,0,0,0,0,0,0,0,0,3952.72,425.37,891.18,879.55,0,1327.34,62.64,0,383.23,2631.17,54.6,2670.17,0,0,0,0,800.83,1411.8,0,26.2,26,false,true,undefined,false,false,false,false,undefined,true,false,true,true
137.06,undefined,0,0,0,0,0,0,0,0,0,0,0,0,0,0,0,0,0,0,0,0,0,0,0,3952.72,425.37,891.18,879.55,0,1327.34,62.64,0,383.23,2637.73,54.6,2668.93,0,0,0,0,800.83,1411.8,0,26.2,26,false,true,undefined,false,false,false,false,undefined,true,false,true,true
137.174,undefined,0,0,0,0,0,0,0,0,0,0,0,0,0,0,0,0,0,0,0,0,0,0,0,3952.72,425.37,891.18,879.55,0,1327.34,62.64,0,383.23,2641.63,54.6,2659.8,0,0,0,0,800.83,1411.8,0,26.2,26,false,true,undefined,false,false,false,false,undefined,true,false,true,true
137.282,undefined,0,0,0,0,0,0,0,0,0,0,0,0,0,0,0,0,0,0,0,0,0,0,0,4346.29,422.86,1052.5,878.47,0,1323.34,62.64,0,383.39,2641.63,54.6,2659.8,0,0,0,0,800.83,1411.8,0,26.2,26,false,true,undefined,false,false,false,false,undefined,true,false,true,true
137.386,undefined,0,0,0,0,0,0,0,0,0,0,0,0,0,0,0,0,0,0,0,0,0,0,0,4346.29,422.86,1052.5,878.47,0,1323.34,62.64,0,383.39,2641.63,54.6,2659.8,0,0,0,0,802.07,1411.8,0,26.2,26,false,true,undefined,false,false,false,false,undefined,true,false,true,true
137.508,undefined,0,0,0,0,0,0,0,0,0,0,0,0,0,0,0,0,0,0,0,0,0,0,0,4346.29,422.86,1052.5,878.47,0,1323.34,62.64,0,383.39,2645.53,54.6,2663.7,0,0,0,0,802.07,1414.37,0,26.2,26,false,true,undefined,false,false,false,false,undefined,true,false,true,true
137.624,undefined,0,0,0,0,0,0,0,0,0,0,0,0,0,0,0,0,0,0,0,0,0,0,0,4346.29,422.86,1052.5,878.47,0,1323.34,62.64,0,383.39,2648.1,54.6,2668.93,0,0,0,0,802.07,1410.47,0,26.2,26,false,true,undefined,false,false,false,false,undefined,true,false,true,true
137.754,undefined,0,0,0,0,0,0,0,0,0,0,0,0,0,0,0,0,0,0,0,0,0,0,0,4500.9,425.64,1075.04,879.81,0,1322.53,62.65,0,383.08,2650.67,54.6,2668.93,0,0,0,0,802.07,1411.8,0,26.2,26,false,true,undefined,false,false,false,false,undefined,true,false,true,true
137.879,undefined,0,0,0,0,0,0,0,0,0,0,0,0,0,0,0,0,0,0,0,0,0,0,0,4500.9,425.64,1075.04,879.81,0,1322.53,62.65,0,383.08,2646.77,54.6,2671.5,0,0,0,0,802.07,1410.47,0,26.2,26,false,true,undefined,false,false,false,false,undefined,true,false,true,true
137.982,undefined,0,0,0,0,0,0,0,0,0,0,0,0,0,0,0,0,0,0,0,0,0,0,0,4500.9,425.64,1075.04,879.81,0,1322.53,62.65,0,383.08,2646.77,54.6,2676.73,0,0,0,0,802.07,1410.47,0,26.2,26,false,true,undefined,false,false,false,false,undefined,true,false,true,true
138.096,undefined,0,0,0,0,0,0,0,0,0,0,0,0,0,0,0,0,0,0,0,0,0,0,0,4500.9,425.64,1075.04,879.81,0,1322.53,62.65,0,383.08,2646.77,54.6,2680.63,0,0,0,0,802.07,1410.47,0,26.2,26,false,true,undefined,false,false,false,false,undefined,true,false,true,true
138.21,undefined,0,0,0,0,0,0,0,0,0,0,0,0,0,0,0,0,0,0,0,0,0,0,0,4477.67,429.32,1088.09,878.72,0,1306.98,62.6,0,382.74,2650.67,54.6,2683.2,0,0,0,0,802.07,1410.47,0,26.2,26,false,true,undefined,false,false,false,false,undefined,true,false,true,true
138.318,undefined,0,0,0,0,0,0,0,0,0,0,0,0,0,0,0,0,0,0,0,0,0,0,0,4477.67,429.32,1088.09,878.72,0,1306.98,62.6,0,382.74,2646.77,54.6,2683.2,0,0,0,0,803.4,1410.47,0,26.2,26,false,true,undefined,false,false,false,false,undefined,true,false,true,true
138.436,undefined,0,0,0,0,0,0,0,0,0,0,0,0,0,0,0,0,0,0,0,0,0,0,0,4477.67,429.32,1088.09,878.72,0,1306.98,62.6,0,382.74,2646.77,54.6,2680.63,0,0,0,0,803.4,1410.47,0,26.2,26,false,true,undefined,false,false,false,false,undefined,true,false,true,true
138.551,undefined,0,0,0,0,0,0,0,0,0,0,0,0,0,0,0,0,0,0,0,0,0,0,0,4477.67,429.32,1088.09,878.72,0,1306.98,62.6,0,382.74,2640.3,54.6,2679.3,0,0,0,0,803.4,1410.47,0,26.2,26,false,true,undefined,false,false,false,false,undefined,true,false,true,true
138.663,undefined,0,0,0,0,0,0,0,0,0,0,0,0,0,0,0,0,0,0,0,0,0,0,0,4455.09,429.86,1052.69,878.72,0,1306.98,62.6,0,382.74,2644.2,54.6,2676.73,0,0,0,0,803.4,1410.47,0,26.2,26,false,true,undefined,false,false,false,false,undefined,true,false,true,true
138.768,undefined,0,0,0,0,0,0,0,0,0,0,0,0,0,0,0,0,0,0,0,0,0,0,0,4455.09,429.86,1052.69,879.21,0,1284.37,62.58,0,383.45,2648.1,54.6,2676.73,0,0,0,0,803.4,1410.47,0,26.2,26,false,true,undefined,false,false,false,false,undefined,true,false,true,true
138.885,undefined,0,0,0,0,0,0,0,0,0,0,0,0,0,0,0,0,0,0,0,0,0,0,0,4455.09,429.86,1052.69,879.21,0,1284.37,62.58,0,383.45,2648.1,54.6,2679.3,0,0,0,0,803.4,1410.47,0,26.2,26,false,true,undefined,false,false,false,false,undefined,true,false,true,true
138.997,undefined,0,0,0,0,0,0,0,0,0,0,0,0,0,0,0,0,0,0,0,0,0,0,0,4455.09,429.86,1052.69,879.21,0,1284.37,62.58,0,383.45,2649.43,54.6,2679.3,0,0,0,0,803.4,1410.47,0,26.2,26,false,true,undefined,false,false,false,false,undefined,true,false,true,true
139.125,undefined,0,0,0,0,0,0,0,0,0,0,0,0,0,0,0,0,0,0,0,0,0,0,0,4455.09,429.86,1052.69,879.21,0,1284.37,62.58,0,383.45,2655.9,54.6,2675.4,0,0,0,0,802.07,1410.47,0,26.2,26,false,true,undefined,false,false,false,false,undefined,true,false,true,true
139.258,undefined,0,0,0,0,0,0,0,0,0,0,0,0,0,0,0,0,0,0,0,0,0,0,0,4434.95,429.85,1043.12,879.29,0,1271.57,62.65,0,383.02,2658.47,54.6,2675.4,0,0,0,0,802.07,1410.47,0,26.2,26,false,true,undefined,false,false,false,false,undefined,true,false,true,true
139.386,undefined,0,0,0,0,0,0,0,0,0,0,0,0,0,0,0,0,0,0,0,0,0,0,0,4434.95,429.85,1043.12,879.29,0,1271.57,62.65,0,383.02,2653.33,54.6,2671.5,0,0,0,0,802.07,1410.47,0,26.2,26,false,true,undefined,false,false,false,false,undefined,true,false,true,true
139.495,undefined,0,0,0,0,0,0,0,0,0,0,0,0,0,0,0,0,0,0,0,0,0,0,0,4434.95,429.85,1043.12,879.29,0,1271.57,62.65,0,383.02,2653.33,54.6,2668.93,0,0,0,0,803.4,1410.47,0,26.2,26,false,true,undefined,false,false,false,false,undefined,true,false,true,true
139.604,undefined,0,0,0,0,0,0,0,0,0,0,0,0,0,0,0,0,0,0,0,0,0,0,0,4434.95,429.85,1043.12,879.29,0,1271.57,62.65,0,383.02,2653.33,54.6,2663.7,0,0,0,0,803.4,1410.47,0,26.2,26,false,true,undefined,false,false,false,false,undefined,true,false,true,true
139.718,undefined,0,0,0,0,0,0,0,0,0,0,0,0,0,0,0,0,0,0,0,0,0,0,0,4390.11,429.41,1065.95,879.26,0,1266.92,62.63,0,382.56,2654.57,54.6,2665.03,0,0,0,0,803.4,1410.47,0,26.2,26,false,true,undefined,false,false,false,false,undefined,true,false,true,true
139.841,undefined,0,0,0,0,0,0,0,0,0,0,0,0,0,0,0,0,0,0,0,0,0,0,0,4390.11,429.41,1065.95,879.26,0,1266.92,62.63,0,382.56,2652,54.6,2665.03,0,0,0,0,804.73,1410.47,0,26.2,26,false,true,undefined,false,false,false,false,undefined,true,false,true,true
139.978,undefined,0,0,0,0,0,0,0,0,0,0,0,0,0,0,0,0,0,0,0,0,0,0,0,4390.11,429.41,1065.95,879.26,0,1266.92,62.63,0,382.56,2650.67,55.93,2666.27,0,0,0,0,804.73,1410.47,0,26.2,26,false,true,undefined,false,false,false,false,undefined,true,false,true,true
140.106,undefined,0,0,0,0,0,0,0,0,0,0,0,0,0,0,0,0,0,0,0,0,0,0,0,4390.11,429.41,934.97,879.26,0,1266.92,62.62,0,382.56,2650.67,54.6,2662.37,0,0,0,0,804.73,1410.47,0,26.2,26,false,true,undefined,false,false,false,false,undefined,true,false,true,true
140.229,undefined,0,0,0,0,0,0,0,0,0,0,0,0,0,0,0,0,0,0,0,0,0,0,0,3926.2,430.24,934.97,879.27,0,1260.08,62.62,0,383.21,2653.33,54.6,2665.03,0,0,0,0,803.4,1410.47,0,26.2,26,false,true,undefined,false,false,false,false,undefined,true,false,true,true
140.334,undefined,0,0,0,0,0,0,0,0,0,0,0,0,0,0,0,0,0,0,0,0,0,0,0,3926.2,430.24,934.97,879.27,0,1260.08,62.62,0,383.21,2646.77,54.6,2663.7,0,0,0,0,803.4,1410.47,0,26.2,26,false,true,undefined,false,false,false,false,undefined,true,false,true,true
140.443,undefined,0,0,0,0,0,0,0,0,0,0,0,0,0,0,0,0,0,0,0,0,0,0,0,3926.2,430.24,934.97,879.27,0,1260.08,62.62,0,383.21,2640.3,54.6,2667.6,0,0,0,0,803.4,1407.9,0,26.2,26,false,true,undefined,false,false,false,false,undefined,true,false,true,true
140.56,undefined,0,0,0,0,0,0,0,0,0,0,0,0,0,0,0,0,0,0,0,0,0,0,0,3926.2,430.24,934.97,879.27,0,1260.08,62.62,0,383.21,2640.3,54.6,2667.6,0,0,0,0,803.4,1407.9,0,26.2,26,false,true,undefined,false,false,false,false,undefined,true,false,true,true
140.67,undefined,0,0,0,0,0,0,0,0,0,0,0,0,0,0,0,0,0,0,0,0,0,0,0,3809.11,429.98,864.79,879.11,0,1259.38,62.6,0,382.65,2642.87,54.6,2666.27,0,0,0,0,803.4,1407.9,0,26.2,26,false,true,undefined,false,false,false,false,undefined,true,false,true,true
140.778,undefined,0,0,0,0,0,0,0,0,0,0,0,0,0,0,0,0,0,0,0,0,0,0,0,3809.11,429.98,864.79,879.11,0,1259.38,62.6,0,382.65,2640.3,54.6,2661.13,0,0,0,0,803.4,1407.9,0,26.2,26,false,true,undefined,false,false,false,false,undefined,true,false,true,true
140.885,undefined,0,0,0,0,0,0,0,0,0,0,0,0,0,0,0,0,0,0,0,0,0,0,0,3809.11,429.98,864.79,879.11,0,1259.38,62.6,0,382.65,2641.63,54.6,2661.13,0,0,0,0,803.4,1407.9,0,26.2,26,false,true,undefined,false,false,false,false,undefined,true,false,true,true
141.018,undefined,0,0,0,0,0,0,0,0,0,0,0,0,0,0,0,0,0,0,0,0,0,0,0,3809.11,429.98,864.79,879.11,0,1259.38,62.6,0,382.65,2644.2,54.6,2661.13,0,0,0,0,802.07,1407.9,0,26.2,26,false,true,undefined,false,false,false,false,undefined,true,false,true,true
141.132,undefined,0,0,0,0,0,0,0,0,0,0,0,0,0,0,0,0,0,0,0,0,0,0,0,4205.43,431.97,976.74,879.73,0,1265.59,62.56,147.83,383.5,2644.2,54.6,2667.6,0,0,0,0,802.07,1407.9,0,26.2,26,false,true,undefined,false,false,false,false,undefined,true,false,true,true
141.244,undefined,0,0,0,0,0,0,0,0,0,0,0,0,0,0,0,0,0,0,0,0,0,0,0,4205.43,431.97,976.74,879.73,0,1265.59,62.56,147.83,383.5,2644.2,54.6,2675.4,0,0,0,0,802.07,1407.9,0,26.2,26,false,true,undefined,false,true,false,false,undefined,true,false,true,true
141.354,undefined,0,0,0,0,0,0,0,0,0,0,0,0,0,0,0,0,0,0,0,0,0,0,0,4205.43,431.97,976.74,879.73,0,1265.59,62.56,147.83,383.5,2645.53,54.6,2681.87,0,0,0,0,802.07,1407.9,0,26.2,26,false,true,undefined,false,true,false,false,undefined,true,false,true,true
141.461,undefined,0,0,0,0,0,0,0,0,0,0,0,0,0,0,0,0,0,0,0,0,0,0,0,4205.43,431.97,976.74,879.73,0,1265.59,62.56,147.83,383.5,2648.1,54.6,2681.87,0,0,0,0,803.4,1407.9,0,26.2,26,false,true,undefined,false,true,false,false,undefined,true,false,true,true
141.586,undefined,0,0,0,0,0,0,0,0,0,0,0,0,0,0,0,0,0,0,0,0,0,0,0,4636.51,430.98,1083.61,878.78,0,1261.7,62.7,145.03,383.61,2648.1,54.6,2683.2,0,0,0,0,803.4,1407.9,0,26.2,26,false,true,undefined,false,true,false,false,undefined,true,false,true,true
141.701,undefined,0,0,0,0,0,0,0,0,0,0,0,0,0,0,0,0,0,0,0,0,0,0,0,4636.51,430.98,1083.61,878.78,0,1261.7,62.7,145.03,383.61,2652,54.6,2677.97,0,0,0,0,803.4,1407.9,0,26.2,26,false,true,undefined,false,true,false,false,undefined,true,false,true,true
141.813,undefined,0,0,0,0,0,0,0,0,0,0,0,0,0,0,0,0,0,0,0,0,0,0,0,4636.51,430.98,1083.61,878.78,0,1261.7,62.7,145.03,383.61,2654.57,54.6,2680.63,0,0,0,0,804.73,1407.9,0,26.2,26,false,true,undefined,false,true,false,false,undefined,true,false,true,true
141.929,undefined,0,0,0,0,0,0,0,0,0,0,0,0,0,0,0,0,0,0,0,0,0,0,0,4636.51,430.98,1083.61,878.78,0,1261.7,62.7,145.03,383.61,2650.67,54.6,2680.63,0,0,0,0,804.73,1407.9,0,26.2,26,false,true,undefined,false,true,false,false,undefined,true,false,true,true
142.04,undefined,0,0,0,0,0,0,0,0,0,0,0,0,0,0,0,0,0,0,0,0,0,0,0,4696.82,431.45,1094.42,880.07,0,1259.46,62.68,145.15,384.14,2650.67,54.6,2683.2,0,0,0,0,804.73,1409.23,0,26.2,25.9,false,true,undefined,false,true,false,false,undefined,true,false,true,true
142.165,undefined,0,0,0,0,0,0,0,0,0,0,0,0,0,0,0,0,0,0,0,0,0,0,0,4696.82,431.45,1094.42,880.07,0,1259.46,62.68,145.15,384.14,2646.77,54.6,2677.97,0,0,0,0,804.73,1409.23,0,26.2,25.9,false,true,undefined,false,true,false,false,undefined,true,false,true,true
142.301,undefined,0,0,0,0,0,0,0,0,0,0,0,0,0,0,0,0,0,0,0,0,0,0,0,4696.82,431.45,1094.42,880.07,0,1259.46,62.68,145.15,384.14,2653.33,54.6,2674.07,0,0,0,0,804.73,1409.23,0,26.2,25.9,false,true,undefined,false,true,false,false,undefined,true,false,true,true
142.395,undefined,0,0,0,0,0,0,0,0,0,0,0,0,0,0,0,0,0,0,0,0,0,0,0,4696.82,431.45,1094.42,880.07,0,1259.46,62.68,145.15,384.14,2655.9,54.6,2674.07,0,0,0,0,804.73,1409.23,0,26.2,25.9,false,true,undefined,false,true,false,false,undefined,true,false,true,true
142.518,undefined,0,0,0,0,0,0,0,0,0,0,0,0,0,0,0,0,0,0,0,0,0,0,0,4685.02,431.9,1086.82,879.12,0,1259.46,62.73,145.76,384.14,2657.23,54.6,2668.93,0,0,0,0,803.4,1409.23,0,26.2,25.9,false,true,undefined,false,true,false,false,undefined,true,false,true,true
142.647,undefined,0,0,0,0,0,0,0,0,0,0,0,0,0,0,0,0,0,0,0,0,0,0,0,4685.02,431.9,1086.82,879.12,0,1259.45,62.73,145.76,383.7,2657.23,54.6,2667.6,0,0,0,0,803.4,1409.23,0,26.2,25.9,false,true,undefined,false,true,false,false,undefined,true,false,true,true
142.755,undefined,0,0,0,0,0,0,0,0,0,0,0,0,0,0,0,0,0,0,0,0,0,0,0,4685.02,431.9,1086.82,879.12,0,1259.45,62.73,145.76,383.7,2658.47,54.6,2670.17,0,0,0,0,803.4,1409.23,0,26.2,25.9,false,true,undefined,false,true,false,false,undefined,true,false,true,true
142.883,undefined,0,0,0,0,0,0,0,0,0,0,0,0,0,0,0,0,0,0,0,0,0,0,0,4685.02,431.9,1086.82,879.12,0,1259.45,62.73,145.76,383.7,2655.9,55.93,2675.4,0,0,0,0,802.07,1409.23,0,26.2,25.9,false,true,undefined,false,true,false,false,undefined,true,false,true,true
143.004,undefined,0,0,0,0,0,0,0,0,0,0,0,0,0,0,0,0,0,0,0,0,0,0,0,4681.89,432.43,1089.14,879.81,0,1253.27,62.76,143.89,383.43,2650.67,55.93,2675.4,0,0,0,0,802.07,1409.23,0,26.2,25.9,false,true,undefined,false,true,false,false,undefined,true,false,true,true
143.12,undefined,0,0,0,0,0,0,0,0,0,0,0,0,0,0,0,0,0,0,0,0,0,0,0,4681.89,432.43,1089.14,879.81,0,1253.27,62.76,143.89,383.43,2648.1,55.93,2677.97,0,0,0,0,800.83,1409.23,0,26.2,25.9,false,true,undefined,false,true,false,false,undefined,true,false,true,true
143.246,undefined,0,0,0,0,0,0,0,0,0,0,0,0,0,0,0,0,0,0,0,0,0,0,0,4681.89,432.43,1089.14,879.81,0,1253.27,62.76,143.89,383.43,2648.1,55.93,2680.63,0,0,0,0,802.07,1409.23,0,26.2,25.9,false,true,undefined,false,true,false,false,undefined,true,false,true,true
143.362,undefined,0,0,0,0,0,0,0,0,0,0,0,0,0,0,0,0,0,0,0,0,0,0,0,4681.89,432.43,1089.14,879.81,0,1253.27,62.76,143.89,383.43,2638.97,54.6,2671.5,0,0,0,0,800.83,1409.23,0,26.2,25.9,false,true,undefined,false,true,false,false,undefined,true,false,true,true
143.477,undefined,0,0,0,0,0,0,0,0,0,0,0,0,0,0,0,0,0,0,0,0,0,0,0,4308.21,430.91,1089.14,879.75,0,1251.59,62.7,143.36,383.43,2632.5,54.6,2665.03,0,0,0,0,799.5,1410.47,0,26.2,25.9,false,true,undefined,false,true,false,false,undefined,true,false,true,true
143.581,undefined,0,0,0,0,0,0,0,0,0,0,0,0,0,0,0,0,0,0,0,0,0,0,0,4308.21,430.91,940.69,879.75,0,1251.59,62.7,143.36,383.6,2636.4,54.6,2665.03,0,0,0,0,799.5,1409.23,0,26.2,25.9,false,true,undefined,false,true,false,false,undefined,true,false,true,true
143.693,undefined,0,0,0,0,0,0,0,0,0,0,0,0,0,0,0,0,0,0,0,0,0,0,0,4308.21,430.91,940.69,879.75,0,1251.59,62.7,143.36,383.6,2636.4,54.6,2671.5,0,0,0,0,800.83,1410.47,0,26.2,25.9,false,true,undefined,false,true,false,false,undefined,true,false,true,true
143.811,undefined,0,0,0,0,0,0,0,0,0,0,0,0,0,0,0,0,0,0,0,0,0,0,0,4308.21,430.91,940.69,879.75,0,1251.59,62.7,143.36,383.6,2638.97,54.6,2680.63,0,0,0,0,802.07,1410.47,0,26.2,25.9,false,true,undefined,false,true,false,false,undefined,true,false,true,true
143.923,undefined,0,0,0,0,0,0,0,0,0,0,0,0,0,0,0,0,0,0,0,0,0,0,0,4308.21,430.91,940.69,879.75,0,1251.59,62.7,143.36,383.6,2646.77,54.6,2683.2,0,0,0,0,802.07,1410.47,0,26.2,25.9,false,true,undefined,false,true,false,false,undefined,true,false,true,true
144.035,undefined,0,0,0,0,0,0,0,0,0,0,0,0,0,0,0,0,0,0,0,0,0,0,0,4636.59,431.39,1072.97,879.22,0,1251.7,62.65,142.49,384.04,2653.33,54.6,2683.2,0,0,0,0,802.07,1410.47,0,26.2,25.9,false,true,undefined,false,true,false,false,undefined,true,false,true,true
144.143,undefined,0,0,0,0,0,0,0,0,0,0,0,0,0,0,0,0,0,0,0,0,0,0,0,4636.59,431.39,1072.97,879.22,0,1251.7,62.65,142.49,384.04,2653.33,54.6,2675.4,0,0,0,0,802.07,1410.47,0,26.2,25.9,false,true,undefined,false,true,false,false,undefined,true,false,true,true
144.259,undefined,0,0,0,0,0,0,0,0,0,0,0,0,0,0,0,0,0,0,0,0,0,0,0,4636.59,431.39,1072.97,879.22,0,1251.7,62.65,142.49,384.04,2653.33,54.6,2668.93,0,0,0,0,800.83,1410.47,0,26.2,25.9,false,true,undefined,false,true,false,false,undefined,true,false,true,true
144.394,undefined,0,0,0,0,0,0,0,0,0,0,0,0,0,0,0,0,0,0,0,0,0,0,0,4636.59,431.39,1072.97,879.22,0,1251.7,62.65,142.49,384.04,2652,54.6,2667.6,0,0,0,0,799.5,1410.47,0,26.2,25.9,false,true,undefined,false,true,false,false,undefined,true,false,true,true
144.526,undefined,0,0,0,0,0,0,0,0,0,0,0,0,0,0,0,0,0,0,0,0,0,0,0,4991.62,431.08,1169.75,879.73,0,1247.25,62.63,143.2,382.75,2652,54.6,2663.7,0,0,0,0,799.5,1410.47,0,26.2,25.9,false,true,undefined,false,true,false,false,undefined,true,false,true,true
144.654,undefined,0,0,0,0,0,0,0,0,0,0,0,0,0,0,0,0,0,0,0,0,0,0,0,4991.62,431.08,1169.75,879.73,0,1247.25,62.63,143.2,382.75,2652,55.93,2663.7,0,0,0,0,799.5,1410.47,0,26.2,25.9,false,true,undefined,false,true,false,false,undefined,true,false,true,true
144.774,undefined,0,0,0,0,0,0,0,0,0,0,0,0,0,0,0,0,0,0,0,0,0,0,0,4991.62,431.08,1169.75,879.73,0,1247.25,62.63,143.2,382.75,2649.43,55.93,2662.37,0,0,0,0,798.17,1410.47,0,26.2,25.9,false,true,undefined,false,true,false,false,undefined,true,false,true,true
144.877,undefined,0,0,0,0,0,0,0,0,0,0,0,0,0,0,0,0,0,0,0,0,0,0,0,2882.33,431.08,1169.75,879.73,0,1247.25,62.63,143.2,382.75,2649.43,55.93,2662.37,0,0,0,0,798.17,1410.47,0,26.2,25.9,false,true,undefined,false,true,false,false,undefined,true,false,true,true
144.995,undefined,0,0,0,0,0,0,0,0,0,0,0,0,0,0,0,0,0,0,0,0,0,0,0,2882.33,430.96,662.84,304.11,0,1246.41,62.72,143.71,382.02,2644.2,54.6,2706.6,0,0,0,0,796.93,1410.47,0,26.2,25.9,false,true,undefined,false,true,false,false,undefined,true,false,true,true
145.116,undefined,0,0,0,0,0,0,0,0,0,0,0,0,0,0,0,0,0,0,0,0,0,0,0,2882.33,430.96,662.84,304.11,0,1246.41,62.72,143.71,382.02,2819.7,54.6,3268.2,0,0,67.63,66.85,796.93,1410.47,0,26.2,25.9,false,true,undefined,false,true,false,false,undefined,true,false,true,true
145.252,undefined,0,0,0,0,0,0,0,0,0,0,0,0,0,0,0,0,0,0,0,0,0,0,0,2882.33,430.96,662.84,304.11,0,1246.41,62.72,143.71,382.02,3477.47,113.1,3268.2,0,0,462.77,126.75,782.57,1410.47,0,26.2,25.9,false,true,undefined,false,true,false,false,undefined,true,false,true,true
145.342,undefined,0,0,0,0,0,0,0,0,0,0,0,0,0,0,0,0,0,0,0,0,0,0,0,2882.33,430.96,662.84,304.11,0,1246.41,62.72,143.71,382.02,3477.47,174.17,3695.87,0,0,462.77,126.75,764.4,1410.47,0,26.2,25.9,false,true,undefined,false,true,false,false,undefined,true,false,true,true
145.457,undefined,0,0,0,0,0,0,0,0,0,0,0,0,0,0,0,0,0,0,0,0,0,0,0,2692.98,432.8,692.64,0,0,1254.87,62.63,143.42,383.32,4161.3,213.17,4056,0,0,637.03,177.22,759.17,1410.47,0,26.2,25.9,false,true,undefined,false,true,false,false,undefined,true,false,true,true
145.59,undefined,0,0,0,0,0,0,0,0,0,0,0,0,0,0,0,0,0,0,0,0,0,0,0,2692.98,432.8,692.64,0,0,1254.87,62.63,143.42,383.32,4591.63,228.77,4381.03,0,0,542.1,220.12,764.4,1410.47,0,26.1,25.9,false,true,undefined,false,true,false,false,undefined,true,false,true,true
145.715,undefined,0,0,0,0,0,0,0,0,0,0,0,0,0,0,0,0,0,0,0,0,0,0,0,2692.98,432.8,692.64,0,0,1254.87,62.63,143.42,383.32,4864.63,209.27,4627.97,0,0,427.67,251.78,769.63,1376.7,0,26.1,25.9,false,true,undefined,false,true,false,false,undefined,true,false,true,true
145.832,undefined,0,0,0,0,0,0,0,0,0,0,0,0,0,0,0,0,0,0,0,0,0,0,0,2692.98,432.8,692.64,0,0,1254.87,62.63,143.42,383.32,5024.53,209.27,4627.97,0,0,427.67,277.13,769.63,1378.03,0,26.1,25.9,false,true,undefined,false,true,false,false,undefined,true,false,true,true
145.955,undefined,0,0,0,0,0,0,0,0,0,0,0,0,0,0,0,0,0,0,0,0,0,0,0,2706.11,429.59,685.55,0,0,1270.37,62.69,141.35,382.86,5024.53,179.4,4815.17,0,0,335.4,277.13,772.2,1379.27,0,26.1,25.9,false,true,undefined,false,true,false,false,undefined,true,false,true,true
146.07,undefined,0,0,0,0,0,0,0,0,0,0,0,0,0,0,0,0,0,0,0,0,0,0,0,2706.11,429.59,685.55,0,0,1270.37,62.69,141.35,382.86,5111.57,171.6,4774.93,0,0,283.37,271.67,777.43,1387.07,0,26.1,25.9,false,true,undefined,false,true,false,false,undefined,true,false,true,true
146.172,undefined,0,0,0,0,0,0,0,0,0,0,0,0,0,0,0,0,0,0,0,0,0,0,0,2706.11,429.59,685.55,0,0,1270.37,62.69,141.35,382.86,4910.1,195,4395.3,0,0,275.57,224.09,793.03,1394.87,0,26.1,25.9,false,true,undefined,false,true,false,false,undefined,true,false,true,true
146.281,undefined,0,0,0,0,0,0,0,0,0,0,0,0,0,0,0,0,0,0,0,0,0,0,0,2706.11,429.59,685.55,0,0,1270.37,62.69,141.35,382.86,4552.63,195,4395.3,0,0,250.93,177.22,793.03,1402.67,0,26.1,25.9,false,true,undefined,false,true,false,false,undefined,true,false,true,true
146.42,undefined,0,0,0,0,0,0,0,0,0,0,0,0,0,0,0,0,0,0,0,0,0,0,0,2564.02,414.38,681.67,0,0,1286.21,62.61,0,383.36,4552.63,193.67,4026.13,0,0,250.93,177.22,800.83,1410.47,0,26.1,25.9,false,false,undefined,false,false,false,false,undefined,true,false,true,true
146.528,undefined,0,0,0,0,0,0,0,0,0,0,0,0,0,0,0,0,0,0,0,0,0,0,0,2564.02,414.38,681.67,0,0,1286.21,62.61,0,383.36,4187.27,172.93,3734.87,0,0,208.03,138.29,803.4,1411.8,0,26.1,25.9,false,false,undefined,false,false,false,false,undefined,true,false,true,true
146.658,undefined,0,0,0,0,0,0,0,0,0,0,0,0,0,0,0,0,0,0,0,0,0,0,0,2564.02,414.38,681.67,0,0,1286.21,62.61,0,383.36,3884.4,152.1,3499.63,0,0,166.37,107.8,802.07,1413.13,0,26.1,25.9,false,false,undefined,false,false,false,false,undefined,true,false,true,true
146.782,undefined,0,0,0,0,0,0,0,0,0,0,0,0,0,0,0,0,0,0,0,0,0,0,0,2564.02,414.38,681.67,0,0,1286.21,62.61,0,383.36,3630.9,131.27,3324.13,0,0,131.27,83.69,802.07,1414.37,0,26.1,25.9,false,false,undefined,false,false,false,false,undefined,true,false,true,true
146.885,undefined,0,0,0,0,0,0,0,0,0,0,0,0,0,0,0,0,0,0,0,0,0,0,0,2580.15,413.69,646.45,0,0,1305.14,62.63,0,383.03,3416.4,131.27,3324.13,0,0,102.73,64.97,802.07,1414.37,0,26.1,25.9,false,false,undefined,false,false,false,false,undefined,true,false,true,true
147.012,undefined,0,0,0,0,0,0,0,0,0,0,0,0,0,0,0,0,0,0,0,0,0,0,0,2580.15,413.69,646.45,0,0,1305.14,62.63,0,383.03,3416.4,114.43,3179.83,0,0,102.73,50.54,799.5,1414.37,0,26.1,25.9,false,false,undefined,false,false,false,false,undefined,true,false,true,true
147.144,undefined,0,0,0,0,0,0,0,0,0,0,0,0,0,0,0,0,0,0,0,0,0,0,0,2580.15,413.69,646.45,0,0,1305.14,62.63,0,383.03,3251.27,100.07,3060.17,0,0,79.33,50.54,798.17,1413.13,0,26.1,25.9,false,false,undefined,false,false,false,false,undefined,true,false,true,true
147.257,undefined,0,0,0,0,0,0,0,0,0,0,0,0,0,0,0,0,0,0,0,0,0,0,0,2580.15,413.69,646.45,0,0,1305.14,62.63,0,383.03,3123.9,89.7,2964,0,0,61.07,39.23,798.17,1413.13,0,26.1,25.9,false,false,undefined,false,false,false,false,undefined,true,false,true,true
147.386,undefined,0,0,0,0,0,0,0,0,0,0,0,0,0,0,0,0,0,0,0,0,0,0,0,2584.78,411.54,656.77,0,0,1311.96,62.64,0,383.83,3006.9,81.9,2892.47,0,0,48.13,30.97,799.5,1413.13,0,26.1,25.9,false,false,undefined,false,false,false,false,undefined,true,false,true,true
147.505,undefined,0,0,0,0,0,0,0,0,0,0,0,0,0,0,0,0,0,0,0,0,0,0,0,2584.78,411.54,656.77,0,0,1311.96,62.64,0,383.83,2925,81.9,2844.43,0,0,37.67,24.02,799.5,1414.37,0,26.1,25.9,false,false,undefined,false,false,false,false,undefined,true,false,true,true
147.634,undefined,0,0,0,0,0,0,0,0,0,0,0,0,0,0,0,0,0,0,0,0,0,0,0,2584.78,411.54,656.77,0,0,1311.96,62.64,0,383.83,2854.8,75.43,2844.43,0,0,37.67,18.72,798.17,1414.37,0,26.1,25.9,false,false,undefined,false,false,false,false,undefined,true,false,true,true
147.76,undefined,0,0,0,0,0,0,0,0,0,0,0,0,0,0,0,0,0,0,0,0,0,0,0,2584.78,411.54,656.77,0,0,1311.96,62.64,0,383.83,2854.8,70.2,2808,0,0,29.87,14.59,798.17,1413.13,0,26.1,25.9,false,false,undefined,false,false,false,false,undefined,true,false,true,true
147.878,undefined,0,0,0,0,0,0,0,0,0,0,0,0,0,0,0,0,0,0,0,0,0,0,0,2505.36,410.16,635.11,0,0,1320.69,62.8,0,383.98,2802.77,66.3,2779.37,0,0,23.4,14.59,796.93,1413.13,0,26.1,25.9,false,false,undefined,false,false,false,false,undefined,true,false,true,true
147.98,undefined,0,0,0,0,0,0,0,0,0,0,0,0,0,0,0,0,0,0,0,0,0,0,0,2505.36,410.16,635.11,0,0,1320.69,62.8,0,383.98,2767.67,63.73,2748.17,0,0,18.17,11.31,796.93,1413.13,0,26.1,25.9,false,false,undefined,false,false,false,false,undefined,true,false,true,true
148.101,undefined,0,0,0,0,0,0,0,0,0,0,0,0,0,0,0,0,0,0,0,0,0,0,0,2505.36,410.16,635.11,0,0,1320.69,62.8,0,383.98,2744.27,63.73,2730,0,0,14.27,8.81,796.93,1413.13,0,26.1,25.9,false,false,undefined,false,false,false,false,undefined,true,false,true,true
148.229,undefined,0,0,0,0,0,0,0,0,0,0,0,0,0,0,0,0,0,0,0,0,0,0,0,2505.36,410.16,635.11,0,0,1320.69,62.8,0,383.98,2726.1,61.07,2730,0,0,14.27,6.86,796.93,1413.13,0,26.1,25.9,false,false,undefined,false,false,false,false,undefined,true,false,true,true
148.334,undefined,0,0,0,0,0,0,0,0,0,0,0,0,0,0,0,0,0,0,0,0,0,0,0,2455.4,411.05,645.71,0,0,1331.29,62.62,0,383.4,2726.1,59.83,2716.97,0,0,10.37,6.86,796.93,1413.13,0,26.1,25.9,false,false,undefined,false,false,false,false,undefined,true,false,true,true
148.465,undefined,0,0,0,0,0,0,0,0,0,0,0,0,0,0,0,0,0,0,0,0,0,0,0,2455.4,411.05,645.71,0,0,1331.29,62.62,0,383.4,2713.07,58.5,2702.7,0,0,7.8,5.3,795.6,1413.13,0,26.1,25.9,false,false,undefined,false,false,false,false,undefined,true,false,true,true
148.597,undefined,0,0,0,0,0,0,0,0,0,0,0,0,0,0,0,0,0,0,0,0,0,0,0,2455.4,411.05,645.71,0,0,1331.29,62.62,0,383.4,2694.9,58.5,2696.23,0,0,6.47,4.13,794.27,1413.13,0,26.1,25.9,false,false,undefined,false,false,false,false,undefined,true,false,true,true
148.717,undefined,0,0,0,0,0,0,0,0,0,0,0,0,0,0,0,0,0,0,0,0,0,0,0,2459,408.33,645.71,0,0,1331.29,62.62,0,383.4,2687.1,57.17,2693.57,0,0,5.23,3.28,794.27,1413.13,0,26.1,25.9,false,false,undefined,false,false,false,false,undefined,true,false,true,true
148.82,undefined,0,0,0,0,0,0,0,0,0,0,0,0,0,0,0,0,0,0,0,0,0,0,0,2459,408.33,629.26,0,0,1330.65,62.61,0,383.44,2674.07,57.17,2693.57,0,0,5.23,2.57,794.27,1413.13,0,26.1,25.9,false,false,undefined,false,false,false,false,undefined,true,false,true,true
148.928,undefined,0,0,0,0,0,0,0,0,0,0,0,0,0,0,0,0,0,0,0,0,0,0,0,2459,408.33,629.26,0,0,1330.65,62.61,0,383.44,2674.07,55.93,2685.77,0,0,3.9,2.57,794.27,1413.13,0,26.1,25.9,false,false,undefined,false,false,false,false,undefined,true,false,true,true
149.041,undefined,0,0,0,0,0,0,0,0,0,0,0,0,0,0,0,0,0,0,0,0,0,0,0,2459,408.33,629.26,0,0,1330.65,62.61,0,383.44,2658.47,55.93,2679.3,0,0,2.57,1.95,794.27,1413.13,0,26.1,25.9,false,false,undefined,false,false,false,false,undefined,true,false,true,true
149.175,undefined,0,0,0,0,0,0,0,0,0,0,0,0,0,0,0,0,0,0,0,0,0,0,0,2459,408.33,629.26,0,0,1330.65,62.61,0,383.44,2646.77,55.93,2672.83,0,0,0,1.56,795.6,1413.13,0,26.1,25.9,false,false,undefined,false,false,false,false,undefined,true,false,true,true
149.301,undefined,0,0,0,0,0,0,0,0,0,0,0,0,0,0,0,0,0,0,0,0,0,0,0,2461.62,406.51,639.45,0,0,1335.8,62.61,0,383.56,2638.97,55.93,2672.83,0,0,0,0,795.6,1413.13,0,26.1,25.9,false,false,undefined,false,false,false,false,undefined,true,false,true,true
149.428,undefined,0,0,0,0,0,0,0,0,0,0,0,0,0,0,0,0,0,0,0,0,0,0,0,2461.62,406.51,639.45,0,0,1335.8,62.61,0,383.56,2631.17,55.93,2670.17,0,0,0,0,795.6,1411.8,0,26.1,25.9,false,false,undefined,false,false,false,false,undefined,true,false,true,true
149.543,undefined,0,0,0,0,0,0,0,0,0,0,0,0,0,0,0,0,0,0,0,0,0,0,0,2461.62,406.51,639.45,0,0,1335.8,62.61,0,383.56,2631.17,55.93,2667.6,0,0,0,0,794.27,1411.8,0,26.1,25.9,false,false,undefined,false,false,false,false,undefined,true,false,true,true
149.65,undefined,0,0,0,0,0,0,0,0,0,0,0,0,0,0,0,0,0,0,0,0,0,0,0,2461.62,406.51,639.45,0,0,1335.8,62.61,0,383.56,2635.07,55.93,2661.13,0,0,0,0,795.6,1411.8,0,26.1,25.9,false,false,undefined,false,false,false,false,undefined,true,false,true,true
149.785,undefined,0,0,0,0,0,0,0,0,0,0,0,0,0,0,0,0,0,0,0,0,0,0,0,2458.99,406.66,636.05,0,0,1330.06,62.57,0,384.03,2645.53,54.6,2659.8,0,0,0,0,795.6,1411.8,0,26.1,25.9,false,false,undefined,false,false,false,false,undefined,true,false,true,true
149.9,undefined,0,0,0,0,0,0,0,0,0,0,0,0,0,0,0,0,0,0,0,0,0,0,0,2458.99,406.66,636.05,0,0,1330.06,62.57,0,384.03,2644.2,54.6,2659.8,0,0,0,0,795.6,1411.8,0,26.1,25.9,false,false,undefined,false,false,false,false,undefined,true,false,true,true
150.033,undefined,0,0,0,0,0,0,0,0,0,0,0,0,0,0,0,0,0,0,0,0,0,0,0,2458.99,406.66,636.05,0,0,1330.06,62.57,0,384.03,2640.3,54.6,2655.9,0,0,0,0,795.6,1411.8,0,26.1,25.9,false,false,undefined,false,false,false,false,undefined,true,false,true,true
150.145,undefined,0,0,0,0,0,0,0,0,0,0,0,0,0,0,0,0,0,0,0,0,0,0,0,2458.99,406.66,636.05,0,0,1330.06,62.57,0,384.03,2640.3,54.6,2662.37,0,0,0,0,795.6,1411.8,0,26.1,25.9,false,false,undefined,false,false,false,false,undefined,true,false,true,true
150.274,undefined,0,0,0,0,0,0,0,0,0,0,0,0,0,0,0,0,0,0,0,0,0,0,0,2469.07,406.98,659.49,0,0,1331.65,62.54,0,384.45,2636.4,54.6,2659.8,0,0,0,0,794.27,1411.8,0,26.1,25.9,false,false,undefined,false,false,false,false,undefined,true,false,true,true
150.384,undefined,0,0,0,0,0,0,0,0,0,0,0,0,0,0,0,0,0,0,0,0,0,0,0,2469.07,406.98,659.49,0,0,1331.65,62.54,0,384.45,2645.53,55.93,2654.57,0,0,0,0,794.27,1411.8,0,26.1,25.9,false,false,undefined,false,false,false,false,undefined,true,false,true,true
150.496,undefined,0,0,0,0,0,0,0,0,0,0,0,0,0,0,0,0,0,0,0,0,0,0,0,2469.07,406.98,659.49,0,0,1331.65,62.54,0,384.45,2655.9,55.93,2654.57,0,0,0,0,794.27,1411.8,0,26.1,25.9,false,false,undefined,false,false,false,false,undefined,true,false,true,true
150.615,undefined,0,0,0,0,0,0,0,0,0,0,0,0,0,0,0,0,0,0,0,0,0,0,0,2469.07,406.98,659.49,0,0,1331.65,62.54,0,384.45,2661.13,54.6,2654.57,0,0,0,0,794.27,1411.8,0,26.1,25.9,false,false,undefined,false,false,false,false,undefined,true,false,true,true
150.731,undefined,0,0,0,0,0,0,0,0,0,0,0,0,0,0,0,0,0,0,0,0,0,0,0,2462.45,411.16,629.64,0,0,1326.73,62.63,0,384.87,2661.13,54.6,2650.67,0,0,0,0,794.27,1411.8,0,26.1,25.9,false,false,undefined,false,false,false,false,undefined,true,false,true,true
150.847,undefined,0,0,0,0,0,0,0,0,0,0,0,0,0,0,0,0,0,0,0,0,0,0,0,2462.45,411.16,629.64,0,0,1326.73,62.63,0,384.87,2654.57,54.6,2650.67,0,0,0,0,795.6,1411.8,0,26.1,25.9,false,false,undefined,false,false,false,false,undefined,true,false,true,true
150.979,undefined,0,0,0,0,0,0,0,0,0,0,0,0,0,0,0,0,0,0,0,0,0,0,0,2462.45,411.16,629.64,0,0,1326.73,62.63,0,384.87,2644.2,54.6,2653.33,0,0,0,0,795.6,1411.8,0,26.1,25.9,false,false,undefined,false,false,false,false,undefined,true,false,true,true
151.075,undefined,0,0,0,0,0,0,0,0,0,0,0,0,0,0,0,0,0,0,0,0,0,0,0,2462.45,411.16,629.64,0,0,1326.73,62.63,0,384.87,2641.63,54.6,2653.33,0,0,0,0,795.6,1411.8,0,26.1,25.9,false,false,undefined,false,false,false,false,undefined,true,false,true,true
151.182,undefined,0,0,0,0,0,0,0,0,0,0,0,0,0,0,0,0,0,0,0,0,0,0,0,2435.43,412.37,649.04,0,0,1296.51,62.55,0,384.01,2641.63,54.6,2654.57,0,0,0,0,795.6,1411.8,0,26.1,25.9,false,false,undefined,false,false,false,false,undefined,true,false,true,true
151.315,undefined,0,0,0,0,0,0,0,0,0,0,0,0,0,0,0,0,0,0,0,0,0,0,0,2435.43,412.37,649.04,0,0,1296.51,62.55,0,384.01,2650.67,54.6,2654.57,0,0,0,0,794.27,1411.8,0,26.1,25.9,false,false,undefined,false,false,false,false,undefined,true,false,true,true
151.437,undefined,0,0,0,0,0,0,0,0,0,0,0,0,0,0,0,0,0,0,0,0,0,0,0,2435.43,412.37,649.04,0,0,1296.51,62.55,0,384.01,2657.23,54.6,2658.47,0,0,0,0,794.27,1411.8,0,26.1,25.9,false,false,undefined,false,false,false,false,undefined,true,false,true,true
151.552,undefined,0,0,0,0,0,0,0,0,0,0,0,0,0,0,0,0,0,0,0,0,0,0,0,2435.43,412.37,649.04,0,0,1296.51,62.55,0,384.01,2655.9,54.6,2663.7,0,0,0,0,794.27,1411.8,0,26.1,25.9,false,false,undefined,false,false,false,false,undefined,true,false,true,true
151.666,undefined,0,0,0,0,0,0,0,0,0,0,0,0,0,0,0,0,0,0,0,0,0,0,0,2422.57,413.32,659.9,0,0,1280.12,62.64,0,384.58,2650.67,54.6,2663.7,0,0,0,0,795.6,1411.8,0,26.1,25.9,false,false,undefined,false,false,false,false,undefined,true,false,true,true
151.777,undefined,0,0,0,0,0,0,0,0,0,0,0,0,0,0,0,0,0,0,0,0,0,0,0,2422.57,413.32,659.9,0,0,1280.12,62.64,0,384.58,2650.67,54.6,2663.7,0,0,0,0,794.27,1411.8,0,26.1,25.9,false,false,undefined,false,false,false,false,undefined,true,false,true,true
151.892,undefined,0,0,0,0,0,0,0,0,0,0,0,0,0,0,0,0,0,0,0,0,0,0,0,2422.57,413.32,659.9,0,0,1280.12,62.64,0,384.58,2646.77,54.6,2662.37,0,0,0,0,794.27,1411.8,0,26.1,25.9,false,false,undefined,false,false,false,false,undefined,true,false,true,true
152.023,undefined,0,0,0,0,0,0,0,0,0,0,0,0,0,0,0,0,0,0,0,0,0,0,0,2422.57,413.32,659.9,0,0,1280.12,62.64,0,384.58,2646.77,54.6,2659.8,0,0,0,0,794.27,1411.8,0,26.1,25.9,false,false,undefined,false,false,false,false,undefined,true,false,true,true
152.148,undefined,0,0,0,0,0,0,0,0,0,0,0,0,0,0,0,0,0,0,0,0,0,0,0,2405.45,411.45,659.13,0,0,1271.32,62.56,0,384.13,2646.77,54.6,2659.8,0,0,0,0,794.27,1411.8,0,26.1,25.9,false,false,undefined,false,false,false,false,undefined,true,false,true,true
152.261,undefined,0,0,0,0,0,0,0,0,0,0,0,0,0,0,0,0,0,0,0,0,0,0,0,2405.45,411.45,659.13,0,0,1271.32,62.56,0,384.13,2646.77,54.6,2658.47,0,0,0,0,794.27,1411.8,0,26.1,25.9,false,false,undefined,false,false,false,false,undefined,true,false,true,true
152.392,undefined,0,0,0,0,0,0,0,0,0,0,0,0,0,0,0,0,0,0,0,0,0,0,0,2405.45,411.45,659.13,0,0,1271.32,62.56,0,384.13,2646.77,54.6,2654.57,0,0,0,0,794.27,1411.8,0,26.1,25.9,false,false,undefined,false,false,false,false,undefined,true,false,true,true
152.508,undefined,0,0,0,0,0,0,0,0,0,0,0,0,0,0,0,0,0,0,0,0,0,0,0,2405.45,411.45,659.13,0,0,1271.32,62.56,0,384.13,2646.77,54.6,2658.47,0,0,0,0,795.6,1411.8,0,26.1,25.9,false,false,undefined,false,false,false,false,undefined,true,false,true,true
152.599,undefined,0,0,0,0,0,0,0,0,0,0,0,0,0,0,0,0,0,0,0,0,0,0,0,2396.19,411.71,625.63,0,0,1271.32,62.54,0,383.81,2649.43,54.6,2658.47,0,0,0,0,795.6,1411.8,0,26.1,25.9,false,false,undefined,false,false,false,false,undefined,true,false,true,true
152.719,undefined,0,0,0,0,0,0,0,0,0,0,0,0,0,0,0,0,0,0,0,0,0,0,0,2396.19,411.71,625.63,0,0,1262.1,62.54,0,383.81,2650.67,54.6,2657.23,0,0,0,0,795.6,1411.8,0,26.1,25.9,false,false,undefined,false,false,false,false,undefined,true,false,true,true
152.812,undefined,0,0,0,0,0,0,0,0,0,0,0,0,0,0,0,0,0,0,0,0,0,0,0,2396.19,411.71,625.63,0,0,1262.1,62.54,0,383.81,2650.67,54.6,2653.33,0,0,0,0,794.27,1411.8,0,26.1,25.9,false,false,undefined,false,false,false,false,undefined,true,false,true,true
152.928,undefined,0,0,0,0,0,0,0,0,0,0,0,0,0,0,0,0,0,0,0,0,0,0,0,2396.19,411.71,625.63,0,0,1262.1,62.54,0,383.81,2649.43,54.6,2652,0,0,0,0,795.6,1411.8,0,26.1,25.9,false,false,undefined,false,false,false,false,undefined,true,false,true,true
153.056,undefined,0,0,0,0,0,0,0,0,0,0,0,0,0,0,0,0,0,0,0,0,0,0,0,2396.19,411.71,637.45,0,0,1261.22,62.48,0,383.81,2637.73,54.6,2652,0,0,0,0,795.6,1411.8,0,26.1,25.9,false,false,undefined,false,false,false,false,undefined,true,false,true,true
153.178,undefined,0,0,0,0,0,0,0,0,0,0,0,0,0,0,0,0,0,0,0,0,0,0,0,2396.37,411.48,637.45,0,0,1261.22,62.48,0,383.82,2638.97,54.6,2652,0,0,0,0,795.6,1411.8,0,26.1,25.9,false,false,undefined,false,false,false,false,undefined,true,false,true,true
153.309,undefined,0,0,0,0,0,0,0,0,0,0,0,0,0,0,0,0,0,0,0,0,0,0,0,2396.37,411.48,637.45,0,0,1261.22,62.48,0,383.82,2638.97,54.6,2645.53,0,0,0,0,795.6,1411.8,0,26.1,25.9,false,false,undefined,false,false,false,false,undefined,true,false,true,true
153.427,undefined,0,0,0,0,0,0,0,0,0,0,0,0,0,0,0,0,0,0,0,0,0,0,0,2396.37,411.48,637.45,0,0,1261.22,62.48,0,383.82,2640.3,54.6,2655.9,0,0,0,0,794.27,1411.8,0,26.1,25.9,false,false,undefined,false,false,false,false,undefined,true,false,true,true
153.544,undefined,0,0,0,0,0,0,0,0,0,0,0,0,0,0,0,0,0,0,0,0,0,0,0,2396.37,411.7,637.45,0,0,1261.22,62.48,0,383.82,2638.97,54.6,2661.13,0,0,0,0,795.6,1411.8,0,26.1,25.9,false,false,undefined,false,false,false,false,undefined,true,false,true,true
153.662,undefined,0,0,0,0,0,0,0,0,0,0,0,0,0,0,0,0,0,0,0,0,0,0,0,2397.34,411.7,639.91,0,0,1264.49,62.56,0,384.57,2645.53,54.6,2655.9,0,0,0,0,795.6,1411.8,0,26.1,25.9,false,false,undefined,false,false,false,false,undefined,true,false,true,true
153.767,undefined,0,0,0,0,0,0,0,0,0,0,0,0,0,0,0,0,0,0,0,0,0,0,0,2397.34,411.7,639.91,0,0,1264.49,62.56,0,384.57,2648.1,54.6,2655.9,0,0,0,0,794.27,1411.8,0,26.1,25.9,false,false,undefined,false,false,false,false,undefined,true,false,true,true
153.895,undefined,0,0,0,0,0,0,0,0,0,0,0,0,0,0,0,0,0,0,0,0,0,0,0,2397.34,411.7,639.91,0,0,1264.49,62.56,0,384.57,2648.1,55.93,2652,0,0,0,0,794.27,1411.8,0,26.1,25.9,false,false,undefined,false,false,false,false,undefined,true,false,true,true
153.998,undefined,0,0,0,0,0,0,0,0,0,0,0,0,0,0,0,0,0,0,0,0,0,0,0,2397.34,411.7,639.91,0,0,1264.49,62.5,0,384.57,2644.2,55.93,2650.67,0,0,0,0,794.27,1411.8,0,26.1,25.9,false,false,undefined,false,false,false,false,undefined,true,false,true,true
154.126,undefined,0,0,0,0,0,0,0,0,0,0,0,0,0,0,0,0,0,0,0,0,0,0,0,2390.83,411.04,697.27,0,0,1262.46,62.5,0,384.41,2635.07,54.6,2648.1,0,0,0,0,794.27,1411.8,0,26.1,25.9,false,false,undefined,false,false,false,false,undefined,true,false,true,true
154.243,undefined,0,0,0,0,0,0,0,0,0,0,0,0,0,0,0,0,0,0,0,0,0,0,0,2390.83,411.04,697.27,0,0,1262.46,62.5,0,384.41,2636.4,54.6,2648.1,0,0,0,0,794.27,1411.8,0,26.1,25.9,false,false,undefined,false,false,false,false,undefined,true,false,true,true
154.353,undefined,0,0,0,0,0,0,0,0,0,0,0,0,0,0,0,0,0,0,0,0,0,0,0,2390.83,411.04,697.27,0,0,1262.46,62.5,0,384.41,2636.4,54.6,2645.53,0,0,0,0,794.27,1411.8,0,26.1,25.9,false,false,undefined,false,false,false,false,undefined,true,false,true,true
154.459,undefined,0,0,0,0,0,0,0,0,0,0,0,0,0,0,0,0,0,0,0,0,0,0,0,2390.83,411.04,697.27,0,0,1262.46,62.5,0,384.41,2644.2,54.6,2645.53,0,0,0,0,794.27,1411.8,0,26.1,25.9,false,false,undefined,false,false,false,false,undefined,true,false,true,true
154.595,undefined,0,0,0,0,0,0,0,0,0,0,0,0,0,0,0,0,0,0,0,0,0,0,0,2391.33,410.56,661.93,0,0,1262.96,62.56,0,384.21,2653.33,54.6,2642.87,0,0,0,0,794.27,1411.8,0,26.1,25.9,false,false,undefined,false,false,false,false,undefined,true,false,true,true
154.702,undefined,0,0,0,0,0,0,0,0,0,0,0,0,0,0,0,0,0,0,0,0,0,0,0,2391.33,410.56,661.93,0,0,1262.96,62.56,0,384.21,2659.8,54.6,2642.87,0,0,0,0,794.27,1411.8,0,26.1,25.9,false,false,undefined,false,false,false,false,undefined,true,false,true,true
154.83,undefined,0,0,0,0,0,0,0,0,0,0,0,0,0,0,0,0,0,0,0,0,0,0,0,2391.33,410.56,661.93,0,0,1262.96,62.56,0,384.21,2668.93,54.6,2642.87,0,0,0,0,794.27,1411.8,0,26.1,25.9,false,false,undefined,false,false,false,false,undefined,true,false,true,true
154.945,undefined,0,0,0,0,0,0,0,0,0,0,0,0,0,0,0,0,0,0,0,0,0,0,0,2391.33,410.56,661.93,0,0,1262.96,62.56,0,384.21,2668.93,54.6,2644.2,0,0,0,0,794.27,1411.8,0,26.1,25.9,false,false,undefined,false,false,false,false,undefined,true,false,true,true
155.069,undefined,0,0,0,0,0,0,0,0,0,0,0,0,0,0,0,0,0,0,0,0,0,0,0,2389.6,414.25,684.56,0,0,1261.97,62.56,0,384.38,2666.27,54.6,2642.87,0,0,0,0,794.27,1411.8,0,26.1,25.9,false,false,undefined,false,false,false,false,undefined,true,false,true,true
155.173,undefined,0,0,0,0,0,0,0,0,0,0,0,0,0,0,0,0,0,0,0,0,0,0,0,2389.6,414.25,684.56,0,0,1261.97,62.56,0,384.38,2655.9,54.6,2642.87,0,0,0,0,795.6,1411.8,0,26.1,25.9,false,false,undefined,false,false,false,false,undefined,true,false,true,true
155.293,undefined,0,0,0,0,0,0,0,0,0,0,0,0,0,0,0,0,0,0,0,0,0,0,0,2389.6,414.25,684.56,0,0,1261.97,62.56,0,384.38,2655.9,54.6,2642.87,0,0,0,0,795.6,1411.8,0,26.1,25.9,false,false,undefined,false,false,false,false,undefined,true,false,true,true
155.428,undefined,0,0,0,0,0,0,0,0,0,0,0,0,0,0,0,0,0,0,0,0,0,0,0,2389.6,414.25,684.56,0,0,1261.97,62.56,0,384.38,2655.9,54.6,2652,0,0,0,0,795.6,1411.8,0,26.1,25.9,false,false,undefined,false,false,false,false,undefined,true,false,true,true
155.555,undefined,0,0,0,0,0,0,0,0,0,0,0,0,0,0,0,0,0,0,0,0,0,0,0,2383.14,413.16,653.38,0,0,1256.89,62.61,0,384.31,2655.9,54.6,2648.1,0,0,0,0,795.6,1411.8,0,26.1,25.9,false,false,undefined,false,false,false,false,undefined,true,false,true,true
155.678,undefined,0,0,0,0,0,0,0,0,0,0,0,0,0,0,0,0,0,0,0,0,0,0,0,2383.14,413.16,653.38,0,0,1256.89,62.61,0,384.31,2655.9,54.6,2642.87,0,0,0,0,795.6,1411.8,0,26.1,25.9,false,false,undefined,false,false,false,false,undefined,true,false,true,true
155.803,undefined,0,0,0,0,0,0,0,0,0,0,0,0,0,0,0,0,0,0,0,0,0,0,0,2383.14,413.16,653.38,0,0,1256.89,62.61,0,384.31,2652,54.6,2642.87,0,0,0,0,795.6,1411.8,0,26.1,25.9,false,false,undefined,false,false,false,false,undefined,true,false,true,true
155.937,undefined,0,0,0,0,0,0,0,0,0,0,0,0,0,0,0,0,0,0,0,0,0,0,0,2383.14,413.16,653.38,0,0,1253.91,62.61,0,383.74,2648.1,54.6,2644.2,0,0,0,0,795.6,1411.8,0,26.1,25.9,false,false,undefined,false,false,false,false,undefined,true,false,true,true
156.025,undefined,0,0,0,0,0,0,0,0,0,0,0,0,0,0,0,0,0,0,0,0,0,0,0,2379.99,412.07,640.2,0,0,1253.91,62.47,0,383.74,2646.77,54.6,2644.2,0,0,0,0,795.6,1411.8,0,26.1,25.9,false,false,undefined,false,false,false,false,undefined,true,false,true,true
156.158,undefined,0,0,0,0,0,0,0,0,0,0,0,0,0,0,0,0,0,0,0,0,0,0,0,2379.99,412.07,640.2,0,0,1253.91,62.47,0,383.74,2646.77,54.6,2645.53,0,0,0,0,794.27,1411.8,0,26.1,25.9,false,false,undefined,false,false,false,false,undefined,true,false,true,true
156.268,undefined,0,0,0,0,0,0,0,0,0,0,0,0,0,0,0,0,0,0,0,0,0,0,0,2379.99,412.07,640.2,0,0,1253.91,62.47,0,383.74,2644.2,54.6,2646.77,0,0,0,0,793.03,1411.8,0,26.1,25.9,false,false,undefined,false,false,false,false,undefined,true,false,true,true
156.393,undefined,0,0,0,0,0,0,0,0,0,0,0,0,0,0,0,0,0,0,0,0,0,0,0,2379.99,412.07,640.2,0,0,1253.91,62.47,0,383.74,2640.3,54.6,2645.53,0,0,0,0,793.03,1411.8,0,26.1,25.9,false,false,undefined,false,false,false,false,undefined,true,false,true,true
156.526,undefined,0,0,0,0,0,0,0,0,0,0,0,0,0,0,0,0,0,0,0,0,0,0,0,2379.51,411.47,650.36,0,0,1254.1,62.44,0,384.58,2642.87,54.6,2648.1,0,0,0,0,793.03,1411.8,0,26.1,25.9,false,false,undefined,false,false,false,false,undefined,true,false,true,true
156.643,undefined,0,0,0,0,0,0,0,0,0,0,0,0,0,0,0,0,0,0,0,0,0,0,0,2379.51,411.47,650.36,0,0,1254.1,62.44,0,384.58,2640.3,54.6,2648.1,0,0,0,0,793.03,1411.8,0,26.1,25.9,false,false,undefined,false,false,false,false,undefined,true,false,true,true
156.776,undefined,0,0,0,0,0,0,0,0,0,0,0,0,0,0,0,0,0,0,0,0,0,0,0,2379.51,411.47,650.36,0,0,1254.1,62.44,0,384.58,2638.97,54.6,2650.67,0,0,0,0,793.03,1411.8,0,26.1,25.9,false,false,undefined,false,false,false,false,undefined,true,false,true,true
156.884,undefined,0,0,0,0,0,0,0,0,0,0,0,0,0,0,0,0,0,0,0,0,0,0,0,2379.51,411.47,669.37,0,0,1254.1,62.44,0,384.58,2638.97,54.6,2650.67,0,0,0,0,793.03,1411.8,0,26.1,25.9,false,false,undefined,false,false,false,false,undefined,true,false,true,true
157.003,undefined,0,0,0,0,0,0,0,0,0,0,0,0,0,0,0,0,0,0,0,0,0,0,0,2376.11,411.03,669.37,0,0,1250.93,62.5,0,384.51,2635.07,54.6,2650.67,0,0,0,0,793.03,1411.8,0,26.1,25.9,false,false,undefined,false,false,false,false,undefined,true,false,true,true
157.135,undefined,0,0,0,0,0,0,0,0,0,0,0,0,0,0,0,0,0,0,0,0,0,0,0,2376.11,411.03,669.37,0,0,1250.93,62.5,0,384.51,2629.93,54.6,2648.1,0,0,0,0,793.03,1411.8,0,26.1,25.9,false,false,undefined,false,false,false,false,undefined,true,false,true,true
157.264,undefined,0,0,0,0,0,0,0,0,0,0,0,0,0,0,0,0,0,0,0,0,0,0,0,2376.11,411.03,669.37,0,0,1250.93,62.5,0,384.51,2631.17,54.6,2655.9,0,0,0,0,793.03,1411.8,0,26.1,25.9,false,false,undefined,false,false,false,false,undefined,true,false,true,true
157.391,undefined,0,0,0,0,0,0,0,0,0,0,0,0,0,0,0,0,0,0,0,0,0,0,0,2375.12,410.37,669.37,0,0,1248.05,62.6,0,384.51,2636.4,54.6,2655.9,0,0,0,0,793.03,1411.8,0,26.1,25.9,false,false,undefined,false,false,false,false,undefined,true,false,true,true
157.52,undefined,0,0,0,0,0,0,0,0,0,0,0,0,0,0,0,0,0,0,0,0,0,0,0,2375.12,410.37,685.32,0,0,1248.05,62.6,0,384.6,2638.97,54.6,2658.47,0,0,0,0,794.27,1411.8,0,26.1,25.9,false,false,undefined,false,false,false,false,undefined,true,false,true,true
157.647,undefined,0,0,0,0,0,0,0,0,0,0,0,0,0,0,0,0,0,0,0,0,0,0,0,2375.12,410.37,685.32,0,0,1248.05,62.6,0,384.6,2638.97,54.6,2657.23,0,0,0,0,794.27,1411.8,0,26.1,25.9,false,false,undefined,false,false,false,false,undefined,true,false,true,true
157.749,undefined,0,0,0,0,0,0,0,0,0,0,0,0,0,0,0,0,0,0,0,0,0,0,0,2375.12,410.37,685.32,0,0,1248.05,62.6,0,384.6,2632.5,54.6,2657.23,0,0,0,0,795.6,1411.8,0,26.1,25.9,false,false,undefined,false,false,false,false,undefined,true,false,true,true
157.872,undefined,0,0,0,0,0,0,0,0,0,0,0,0,0,0,0,0,0,0,0,0,0,0,0,2375.12,410.37,664.26,0,0,1264.3,62.53,0,384.36,2631.17,54.6,2661.13,0,0,0,0,795.6,1411.8,0,26.1,25.9,false,false,undefined,false,false,false,false,undefined,true,false,true,true
157.98,undefined,0,0,0,0,0,0,0,0,0,0,0,0,0,0,0,0,0,0,0,0,0,0,0,2384.72,406.55,664.26,0,0,1264.3,62.53,0,384.36,2636.4,54.6,2661.13,0,0,0,0,795.6,1411.8,0,26.1,25.9,false,false,undefined,false,false,false,false,undefined,true,false,true,true
158.107,undefined,0,0,0,0,0,0,0,0,0,0,0,0,0,0,0,0,0,0,0,0,0,0,0,2384.72,406.55,664.26,0,0,1264.3,62.53,0,384.36,2636.4,54.6,2661.13,0,0,0,0,794.27,1411.8,0,26.1,25.9,false,false,undefined,false,false,false,false,undefined,true,false,true,true
158.207,undefined,0,0,0,0,0,0,0,0,0,0,0,0,0,0,0,0,0,0,0,0,0,0,0,2384.72,406.55,664.26,0,0,1264.3,62.53,0,384.36,2638.97,54.6,2655.9,0,0,0,0,795.6,1411.8,0,26.1,25.9,false,false,undefined,false,false,false,false,undefined,true,false,true,true
158.32,undefined,0,0,0,0,0,0,0,0,0,0,0,0,0,0,0,0,0,0,0,0,0,0,0,2384.72,406.55,664.26,0,0,1264.3,62.53,0,384.36,2642.87,54.6,2655.9,0,0,0,0,795.6,1413.13,0,26.2,25.9,false,false,undefined,false,false,false,false,undefined,true,false,true,true
158.442,undefined,0,0,0,0,0,0,0,0,0,0,0,0,0,0,0,0,0,0,0,0,0,0,0,2399.53,405.77,644.98,0,0,1280.79,62.62,0,383.76,2644.2,54.6,2655.9,0,0,0,0,795.6,1413.13,0,26.2,25.9,false,false,undefined,false,false,false,false,undefined,true,false,true,true
158.557,undefined,0,0,0,0,0,0,0,0,0,0,0,0,0,0,0,0,0,0,0,0,0,0,0,2399.53,405.77,644.98,0,0,1280.79,62.62,0,383.76,2644.2,54.6,2663.7,0,0,0,0,795.6,1411.8,0,26.2,25.9,false,false,undefined,false,false,false,false,undefined,true,false,true,true
158.676,undefined,0,0,0,0,0,0,0,0,0,0,0,0,0,0,0,0,0,0,0,0,0,0,0,2399.53,405.77,644.98,0,0,1280.79,62.62,0,383.76,2646.77,54.6,2665.03,0,0,0,0,794.27,1411.8,0,26.2,25.9,false,false,undefined,false,false,false,false,undefined,true,false,true,true
158.806,undefined,0,0,0,0,0,0,0,0,0,0,0,0,0,0,0,0,0,0,0,0,0,0,0,2419.82,405.77,644.98,0,0,1280.79,62.62,0,383.76,2649.43,54.6,2661.13,0,0,0,0,794.27,1411.8,0,26.2,25.9,false,false,undefined,false,false,false,false,undefined,true,false,true,true
158.921,undefined,0,0,0,0,0,0,0,0,0,0,0,0,0,0,0,0,0,0,0,0,0,0,0,2419.82,406.31,634.6,0,0,1294.06,62.53,0,384.62,2652,54.6,2662.37,0,0,0,0,793.03,1411.8,0,26.2,25.9,false,false,undefined,false,false,false,false,undefined,true,false,true,true
159.053,undefined,0,0,0,0,0,0,0,0,0,0,0,0,0,0,0,0,0,0,0,0,0,0,0,2419.82,406.31,634.6,0,0,1294.06,62.53,0,384.62,2653.33,54.6,2662.37,0,0,0,0,793.03,1411.8,0,26.2,25.9,false,false,undefined,false,false,false,false,undefined,true,false,true,true
159.177,undefined,0,0,0,0,0,0,0,0,0,0,0,0,0,0,0,0,0,0,0,0,0,0,0,2419.82,406.31,634.6,0,0,1294.06,62.53,0,384.62,2653.33,54.6,2655.9,0,0,0,0,793.03,1411.8,0,26.2,25.9,false,false,undefined,false,false,false,false,undefined,true,false,true,true
159.287,undefined,0,0,0,0,0,0,0,0,0,0,0,0,0,0,0,0,0,0,0,0,0,0,0,2419.82,406.31,634.6,0,0,1294.06,62.53,0,385.11,2653.33,54.6,2652,0,0,0,0,794.27,1411.8,0,26.2,25.9,false,false,undefined,false,false,false,false,undefined,true,false,true,true
159.39,undefined,0,0,0,0,0,0,0,0,0,0,0,0,0,0,0,0,0,0,0,0,0,0,0,2436.16,406.39,640.4,0,0,1312.16,62.48,0,385.11,2645.53,54.6,2657.23,0,0,0,0,794.27,1411.8,0,26.2,25.9,false,false,undefined,false,false,false,false,undefined,true,false,true,true
159.516,undefined,0,0,0,0,0,0,0,0,0,0,0,0,0,0,0,0,0,0,0,0,0,0,0,2436.16,406.39,640.4,0,0,1312.16,62.48,0,385.11,2637.73,54.6,2658.47,0,0,0,0,795.6,1411.8,0,26.2,25.9,false,false,undefined,false,false,false,false,undefined,true,false,true,true
159.62,undefined,0,0,0,0,0,0,0,0,0,0,0,0,0,0,0,0,0,0,0,0,0,0,0,2436.16,406.39,640.4,0,0,1312.16,62.48,0,385.11,2638.97,54.6,2658.47,0,0,0,0,795.6,1411.8,0,26.2,25.9,false,false,undefined,false,false,false,false,undefined,true,false,true,true
159.731,undefined,0,0,0,0,0,0,0,0,0,0,0,0,0,0,0,0,0,0,0,0,0,0,0,2436.16,406.39,640.4,0,0,1312.16,62.48,0,385.11,2638.97,54.6,2668.93,0,0,0,0,795.6,1411.8,0,26.2,25.9,false,false,undefined,false,false,false,false,undefined,true,false,true,true
159.843,undefined,0,0,0,0,0,0,0,0,0,0,0,0,0,0,0,0,0,0,0,0,0,0,0,2440.42,406.51,637.43,0,0,1317.4,62.54,0,384.59,2644.2,54.6,2680.63,0,0,0,0,795.6,1411.8,0,26.2,25.9,false,false,undefined,false,false,false,false,undefined,true,false,true,true
159.957,undefined,0,0,0,0,0,0,0,0,0,0,0,0,0,0,0,0,0,0,0,0,0,0,0,2440.42,406.51,637.43,0,0,1317.4,62.54,0,384.59,2645.53,54.6,2676.73,0,0,0,0,795.6,1411.8,0,26.2,25.9,false,false,undefined,false,false,false,false,undefined,true,false,true,true
160.075,undefined,0,0,0,0,0,0,0,0,0,0,0,0,0,0,0,0,0,0,0,0,0,0,0,2440.42,406.51,637.43,0,0,1317.4,62.54,0,384.59,2641.63,54.6,2676.73,0,0,0,0,795.6,1411.8,0,26.2,25.9,false,false,undefined,false,false,false,false,undefined,true,false,true,true
160.197,undefined,0,0,0,0,0,0,0,0,0,0,0,0,0,0,0,0,0,0,0,0,0,0,0,2440.42,406.51,637.43,0,0,1317.4,62.54,0,384.59,2641.63,54.6,2674.07,0,0,0,0,795.6,1411.8,0,26.2,25.9,false,false,undefined,false,false,false,false,undefined,true,false,true,true
160.313,undefined,0,0,0,0,0,0,0,0,0,0,0,0,0,0,0,0,0,0,0,0,0,0,0,2453.78,405.58,671.13,0,0,1326.45,62.51,0,385.1,2641.63,54.6,2675.4,0,0,0,0,794.27,1411.8,0,26.2,25.9,false,false,undefined,false,false,false,false,undefined,true,false,true,true
160.438,undefined,0,0,0,0,0,0,0,0,0,0,0,0,0,0,0,0,0,0,0,0,0,0,0,2453.78,405.58,671.13,0,0,1326.45,62.51,0,385.1,2642.87,54.6,2670.17,0,0,0,0,793.03,1411.8,0,26.2,25.9,false,false,undefined,false,false,false,false,undefined,true,false,true,true
160.551,undefined,0,0,0,0,0,0,0,0,0,0,0,0,0,0,0,0,0,0,0,0,0,0,0,2453.78,405.58,671.13,0,0,1326.45,62.51,0,385.1,2642.87,54.6,2666.27,0,0,0,0,793.03,1411.8,0,26.2,25.9,false,false,undefined,false,false,false,false,undefined,true,false,true,true
160.685,undefined,0,0,0,0,0,0,0,0,0,0,0,0,0,0,0,0,0,0,0,0,0,0,0,2453.78,405.58,671.13,0,0,1326.45,62.51,0,385.1,2640.3,54.6,2666.27,0,0,0,0,793.03,1411.8,0,26.2,25.9,false,false,undefined,false,false,false,false,undefined,true,false,true,true
160.8,undefined,0,0,0,0,0,0,0,0,0,0,0,0,0,0,0,0,0,0,0,0,0,0,0,2454.99,406.02,658.94,0,0,1332.4,62.56,0,384.53,2640.3,54.6,2670.17,0,0,0,0,793.03,1411.8,0,26.2,25.9,false,false,undefined,false,false,false,false,undefined,true,false,true,true
160.926,undefined,0,0,0,0,0,0,0,0,0,0,0,0,0,0,0,0,0,0,0,0,0,0,0,2454.99,406.02,658.94,0,0,1332.4,62.56,0,384.53,2642.87,54.6,2670.17,0,0,0,0,794.27,1411.8,0,26.2,25.9,false,false,undefined,false,false,false,false,undefined,true,false,true,true
161.033,undefined,0,0,0,0,0,0,0,0,0,0,0,0,0,0,0,0,0,0,0,0,0,0,0,2454.99,406.02,658.94,0,0,1332.4,62.56,0,384.53,2644.2,55.93,2663.7,0,0,0,0,794.27,1411.8,0,26.2,25.9,false,false,undefined,false,false,false,false,undefined,true,false,true,true
161.149,undefined,0,0,0,0,0,0,0,0,0,0,0,0,0,0,0,0,0,0,0,0,0,0,0,2454.99,406.02,658.94,0,0,1332.4,62.56,0,384.53,2641.63,55.93,2655.9,0,0,0,0,794.27,1411.8,0,26.2,25.9,false,false,undefined,false,false,false,false,undefined,true,false,true,true
161.263,undefined,0,0,0,0,0,0,0,0,0,0,0,0,0,0,0,0,0,0,0,0,0,0,0,2456.61,405.86,670.48,0,0,1331.75,62.55,0,384.03,2635.07,55.93,2655.9,0,0,0,0,795.6,1411.8,0,26.2,25.9,false,false,undefined,false,false,false,false,undefined,true,false,true,true
161.379,undefined,0,0,0,0,0,0,0,0,0,0,0,0,0,0,0,0,0,0,0,0,0,0,0,2456.61,405.86,670.48,0,0,1331.75,62.55,0,384.03,2635.07,54.6,2649.43,0,0,0,0,795.6,1411.8,0,26.2,25.9,false,false,undefined,false,false,false,false,undefined,true,false,true,true
161.511,undefined,0,0,0,0,0,0,0,0,0,0,0,0,0,0,0,0,0,0,0,0,0,0,0,2456.61,405.86,670.48,0,0,1331.75,62.55,0,384.03,2633.83,54.6,2650.67,0,0,0,0,795.6,1411.8,0,26.2,25.9,false,false,undefined,false,false,false,false,undefined,true,false,true,true
161.643,undefined,0,0,0,0,0,0,0,0,0,0,0,0,0,0,0,0,0,0,0,0,0,0,0,2456.61,405.86,670.48,0,0,1331.75,62.55,0,384.03,2627.27,54.6,2657.23,0,0,0,0,796.93,1411.8,0,26.2,25.9,false,false,undefined,false,false,false,false,undefined,true,false,true,true
161.771,undefined,0,0,0,0,0,0,0,0,0,0,0,0,0,0,0,0,0,0,0,0,0,0,0,2454.1,406.02,639.28,0,0,1336.46,62.44,0,384.09,2624.7,54.6,2653.33,0,0,0,0,796.93,1411.8,0,26.2,25.9,false,false,undefined,false,false,false,false,undefined,true,false,true,true
161.879,undefined,0,0,0,0,0,0,0,0,0,0,0,0,0,0,0,0,0,0,0,0,0,0,0,2454.1,406.02,639.28,0,0,1336.46,62.44,0,384.09,2623.37,54.6,2653.33,0,0,0,0,796.93,1411.8,0,26.2,25.9,false,false,undefined,false,false,false,false,undefined,true,false,true,true
161.989,undefined,0,0,0,0,0,0,0,0,0,0,0,0,0,0,0,0,0,0,0,0,0,0,0,2454.1,406.02,639.28,0,0,1336.46,62.44,0,384.09,2623.37,54.6,2652,0,0,0,0,796.93,1411.8,0,26.2,25.9,false,false,undefined,false,false,false,false,undefined,true,false,true,true
162.125,undefined,0,0,0,0,0,0,0,0,0,0,0,0,0,0,0,0,0,0,0,0,0,0,0,2454.1,406.02,639.28,0,0,1336.46,62.44,0,384.09,2624.7,54.6,2658.47,0,0,0,0,798.17,1411.8,0,26.2,25.9,false,false,undefined,false,false,false,false,undefined,true,false,true,true
162.235,undefined,0,0,0,0,0,0,0,0,0,0,0,0,0,0,0,0,0,0,0,0,0,0,0,2450.4,405.86,658.67,0,0,1331.14,62.54,0,383.51,2624.7,54.6,2668.93,0,0,0,0,798.17,1411.8,0,26.2,25.9,false,false,undefined,false,false,false,false,undefined,true,false,true,true
162.37,undefined,0,0,0,0,0,0,0,0,0,0,0,0,0,0,0,0,0,0,0,0,0,0,0,2450.4,405.86,658.67,0,0,1331.14,62.54,0,383.51,2629.93,54.6,2667.6,0,0,0,0,798.17,1411.8,0,26.2,25.9,false,false,undefined,false,false,false,false,undefined,true,false,true,true
162.478,undefined,0,0,0,0,0,0,0,0,0,0,0,0,0,0,0,0,0,0,0,0,0,0,0,2450.4,405.86,658.67,0,0,1331.14,62.54,0,383.51,2636.4,54.6,2667.6,0,0,0,0,796.93,1411.8,0,26.2,25.9,false,false,undefined,false,false,false,false,undefined,true,false,true,true
162.59,undefined,0,0,0,0,0,0,0,0,0,0,0,0,0,0,0,0,0,0,0,0,0,0,0,2450.4,405.86,658.67,0,0,1331.14,62.54,0,383.51,2636.4,54.6,2662.37,0,0,0,0,795.6,1411.8,0,26.2,25.9,false,false,undefined,false,false,false,false,undefined,true,false,true,true
162.725,undefined,0,0,0,0,0,0,0,0,0,0,0,0,0,0,0,0,0,0,0,0,0,0,0,2457.44,407.92,619.04,0,0,1331.06,62.43,0,384.09,2632.5,54.6,2657.23,0,0,0,0,795.6,1411.8,0,26.2,25.9,false,false,undefined,false,false,false,false,undefined,true,false,true,true
162.832,undefined,0,0,0,0,0,0,0,0,0,0,0,0,0,0,0,0,0,0,0,0,0,0,0,2457.44,407.92,619.04,0,0,1331.06,62.43,0,384.09,2627.27,54.6,2662.37,0,0,0,0,795.6,1411.8,0,26.2,25.9,false,false,undefined,false,false,false,false,undefined,true,false,true,true
162.953,undefined,0,0,0,0,0,0,0,0,0,0,0,0,0,0,0,0,0,0,0,0,0,0,0,2457.44,407.92,619.04,0,0,1331.06,62.43,0,384.09,2628.6,54.6,2666.27,0,0,0,0,795.6,1410.47,0,26.2,25.9,false,false,undefined,false,false,false,false,undefined,true,false,true,true
163.087,undefined,0,0,0,0,0,0,0,0,0,0,0,0,0,0,0,0,0,0,0,0,0,0,0,2457.44,407.92,619.04,0,0,1331.06,62.43,0,384.09,2622.13,54.6,2666.27,0,0,0,0,795.6,1410.47,0,26.2,25.9,false,false,undefined,false,false,false,false,undefined,true,false,true,true
163.171,undefined,0,0,0,0,0,0,0,0,0,0,0,0,0,0,0,0,0,0,0,0,0,0,0,2441.78,411.51,630.28,0,0,1316.39,62.4,0,384.43,2622.13,54.6,2659.8,0,0,0,0,794.27,1410.47,0,26.2,25.9,false,false,undefined,false,false,false,false,undefined,true,false,true,true
163.296,undefined,0,0,0,0,0,0,0,0,0,0,0,0,0,0,0,0,0,0,0,0,0,0,0,2441.78,411.51,630.28,0,0,1316.39,62.4,0,384.43,2623.37,54.6,2653.33,0,0,0,0,794.27,1410.47,0,26.2,25.9,false,false,undefined,false,false,false,false,undefined,true,false,true,true
163.408,undefined,0,0,0,0,0,0,0,0,0,0,0,0,0,0,0,0,0,0,0,0,0,0,0,2441.78,411.51,630.28,0,0,1316.39,62.4,0,384.43,2629.93,54.6,2657.23,0,0,0,0,794.27,1410.47,0,26.2,25.9,false,false,undefined,false,false,false,false,undefined,true,false,true,true
163.535,undefined,0,0,0,0,0,0,0,0,0,0,0,0,0,0,0,0,0,0,0,0,0,0,0,2441.78,411.51,630.28,0,0,1316.39,62.4,0,384.43,2636.4,54.6,2657.23,0,0,0,0,794.27,1410.47,0,26.2,25.9,false,false,undefined,false,false,false,false,undefined,true,false,true,true
163.659,undefined,0,0,0,0,0,0,0,0,0,0,0,0,0,0,0,0,0,0,0,0,0,0,0,2419.45,411.76,593.19,0,0,1289.69,62.44,0,384.84,2636.4,54.6,2661.13,0,0,0,0,794.27,1410.47,0,26.2,25.9,false,false,undefined,false,false,false,false,undefined,true,false,true,true
163.787,undefined,0,0,0,0,0,0,0,0,0,0,0,0,0,0,0,0,0,0,0,0,0,0,0,2419.45,411.76,593.19,0,0,1289.69,62.44,0,384.84,2642.87,54.6,2659.8,0,0,0,0,794.27,1410.47,0,26.2,25.9,false,false,undefined,false,false,false,false,undefined,true,false,true,true
163.902,undefined,0,0,0,0,0,0,0,0,0,0,0,0,0,0,0,0,0,0,0,0,0,0,0,2419.45,411.76,593.19,0,0,1289.69,62.44,0,384.84,2632.5,54.6,2668.93,0,0,0,0,794.27,1410.47,0,26.2,25.9,false,false,undefined,false,false,false,false,undefined,true,false,true,true
164.021,undefined,0,0,0,0,0,0,0,0,0,0,0,0,0,0,0,0,0,0,0,0,0,0,0,2419.45,411.76,593.19,0,0,1289.69,62.44,0,384.84,2624.7,54.6,2671.5,0,0,0,0,794.27,1410.47,0,26.2,25.9,false,false,undefined,false,false,false,false,undefined,true,false,true,true
164.149,undefined,0,0,0,0,0,0,0,0,0,0,0,0,0,0,0,0,0,0,0,0,0,0,0,2404.91,411.48,610.77,0,0,1275.5,62.36,0,385.5,2623.37,54.6,2671.5,0,0,0,0,794.27,1410.47,0,26.2,25.9,false,false,undefined,false,false,false,false,undefined,true,false,true,true
164.268,undefined,0,0,0,0,0,0,0,0,0,0,0,0,0,0,0,0,0,0,0,0,0,0,0,2404.91,411.48,610.77,0,0,1275.5,62.36,0,385.5,2619.47,54.6,2668.93,0,0,0,0,795.6,1410.47,0,26.2,25.9,false,false,undefined,false,false,false,false,undefined,true,false,true,true
164.38,undefined,0,0,0,0,0,0,0,0,0,0,0,0,0,0,0,0,0,0,0,0,0,0,0,2404.91,411.48,610.77,0,0,1275.5,62.36,0,385.5,2619.47,54.6,2674.07,0,0,0,0,794.27,1410.47,0,26.2,25.9,false,false,undefined,false,false,false,false,undefined,true,false,true,true
164.489,undefined,0,0,0,0,0,0,0,0,0,0,0,0,0,0,0,0,0,0,0,0,0,0,0,2404.91,411.48,610.77,0,0,1275.5,62.36,0,385.5,2626.03,54.6,2672.83,0,0,0,0,794.27,1410.47,0,26.2,25.9,false,false,undefined,false,false,false,false,undefined,true,false,true,true
164.603,undefined,0,0,0,0,0,0,0,0,0,0,0,0,0,0,0,0,0,0,0,0,0,0,0,2397.21,411.15,599.54,0,0,1268.55,62.43,0,385.15,2635.07,54.6,2676.73,0,0,0,0,794.27,1411.8,0,26.2,25.9,false,false,undefined,false,false,false,false,undefined,true,false,true,true
164.736,undefined,0,0,0,0,0,0,0,0,0,0,0,0,0,0,0,0,0,0,0,0,0,0,0,2397.21,411.15,599.54,0,0,1268.55,62.43,0,385.15,2645.53,54.6,2676.73,0,0,0,0,793.03,1411.8,0,26.2,25.9,false,false,undefined,false,false,false,false,undefined,true,false,true,true
164.835,undefined,0,0,0,0,0,0,0,0,0,0,0,0,0,0,0,0,0,0,0,0,0,0,0,2397.21,411.15,599.54,0,0,1268.55,62.43,0,385.15,2645.53,54.6,2677.97,0,0,0,0,793.03,1411.8,0,26.2,25.9,false,false,undefined,false,false,false,false,undefined,true,false,true,true
164.958,undefined,0,0,0,0,0,0,0,0,0,0,0,0,0,0,0,0,0,0,0,0,0,0,0,2397.21,411.15,599.54,0,0,1268.55,62.43,0,385.15,2652,54.6,2677.97,0,0,0,0,794.27,1411.8,0,26.2,25.9,false,false,undefined,false,false,false,false,undefined,true,false,true,true
165.066,undefined,0,0,0,0,0,0,0,0,0,0,0,0,0,0,0,0,0,0,0,0,0,0,0,2394.47,411.93,599.54,0,0,1268.55,62.4,0,384.2,2652,54.6,2680.63,0,0,0,0,793.03,1413.13,0,26.2,25.9,false,false,undefined,false,false,false,false,undefined,true,false,true,true
165.188,undefined,0,0,0,0,0,0,0,0,0,0,0,0,0,0,0,0,0,0,0,0,0,0,0,2394.47,411.93,618.3,0,0,1263.03,62.4,0,384.2,2646.77,54.6,2680.63,0,0,0,0,793.03,1413.13,0,26.2,25.9,false,false,undefined,false,false,false,false,undefined,true,false,true,true
165.306,undefined,0,0,0,0,0,0,0,0,0,0,0,0,0,0,0,0,0,0,0,0,0,0,0,2394.47,411.93,618.3,0,0,1263.03,62.4,0,384.2,2646.77,54.6,2679.3,0,0,0,0,794.27,1414.37,0,26.2,25.9,false,false,undefined,false,false,false,false,undefined,true,false,true,true
165.413,undefined,0,0,0,0,0,0,0,0,0,0,0,0,0,0,0,0,0,0,0,0,0,0,0,2394.47,411.93,618.3,0,0,1263.03,62.4,0,384.2,2637.73,54.6,2679.3,0,0,0,0,794.27,1414.37,0,26.2,25.9,false,false,undefined,false,false,false,false,undefined,true,false,true,true
165.521,undefined,0,0,0,0,0,0,0,0,0,0,0,0,0,0,0,0,0,0,0,0,0,0,0,2394.47,411.93,618.3,0,0,1263.03,62.4,0,384.2,2637.73,54.6,2680.63,0,0,0,0,794.27,1414.37,0,26.2,25.9,false,false,undefined,false,false,false,false,undefined,true,false,true,true
165.635,undefined,0,0,0,0,0,0,0,0,0,0,0,0,0,0,0,0,0,0,0,0,0,0,0,2399.93,412.08,618.51,0,0,1265.82,62.42,0,384.88,2640.3,54.6,2680.63,0,0,0,0,794.27,1414.37,0,26.2,25.9,false,false,undefined,false,false,false,false,undefined,true,false,true,true
165.768,undefined,0,0,0,0,0,0,0,0,0,0,0,0,0,0,0,0,0,0,0,0,0,0,0,2399.93,412.08,618.51,0,0,1265.82,62.42,0,384.88,2640.3,54.6,2680.63,0,0,0,0,794.27,1414.37,0,26.2,25.9,false,false,undefined,false,false,false,false,undefined,true,false,true,true
165.883,undefined,0,0,0,0,0,0,0,0,0,0,0,0,0,0,0,0,0,0,0,0,0,0,0,2399.93,412.08,618.51,0,0,1265.82,62.42,0,384.88,2641.63,54.6,2684.53,0,0,0,0,795.6,1414.37,0,26.2,25.9,false,false,undefined,false,false,false,false,undefined,true,false,true,true
166.012,undefined,0,0,0,0,0,0,0,0,0,0,0,0,0,0,0,0,0,0,0,0,0,0,0,2399.93,412.08,618.51,0,0,1265.82,62.42,0,384.44,2644.2,54.6,2677.97,0,0,0,0,795.6,1414.37,0,26.2,25.9,false,false,undefined,false,false,false,false,undefined,true,false,true,true
166.147,undefined,0,0,0,0,0,0,0,0,0,0,0,0,0,0,0,0,0,0,0,0,0,0,0,2398.1,411.55,664.09,0,0,1267,62.36,0,384.44,2646.77,54.6,2662.37,0,0,0,0,794.27,1414.37,0,26.2,25.9,false,false,undefined,false,false,false,false,undefined,true,false,true,true
166.243,undefined,0,0,0,0,0,0,0,0,0,0,0,0,0,0,0,0,0,0,0,0,0,0,0,2398.1,411.55,664.09,0,0,1267,62.36,0,384.44,2645.53,54.6,2662.37,0,0,0,0,794.27,1414.37,0,26.2,25.9,false,false,undefined,false,false,false,false,undefined,true,false,true,true
166.368,undefined,0,0,0,0,0,0,0,0,0,0,0,0,0,0,0,0,0,0,0,0,0,0,0,2398.1,411.55,664.09,0,0,1267,62.36,0,384.44,2644.2,53.27,2662.37,0,0,0,0,794.27,1414.37,0,26.2,25.9,false,false,undefined,false,false,false,false,undefined,true,false,true,true
166.468,undefined,0,0,0,0,0,0,0,0,0,0,0,0,0,0,0,0,0,0,0,0,0,0,0,2398.1,411.55,664.09,0,0,1267,62.36,0,384.44,2644.2,53.27,2671.5,0,0,0,0,793.03,1414.37,0,26.2,25.9,false,false,undefined,false,false,false,false,undefined,true,false,true,true
166.584,undefined,0,0,0,0,0,0,0,0,0,0,0,0,0,0,0,0,0,0,0,0,0,0,0,2397.34,411.9,615.47,0,0,1263.61,62.51,0,383.9,2649.43,54.6,2674.07,0,0,0,0,794.27,1411.8,0,26.2,25.9,false,false,undefined,false,false,false,false,undefined,true,false,true,true
166.707,undefined,0,0,0,0,0,0,0,0,0,0,0,0,0,0,0,0,0,0,0,0,0,0,0,2397.34,411.9,615.47,0,0,1263.61,62.51,0,383.9,2653.33,54.6,2670.17,0,0,0,0,794.27,1411.8,0,26.2,25.9,false,false,undefined,false,false,false,false,undefined,true,false,true,true
166.816,undefined,0,0,0,0,0,0,0,0,0,0,0,0,0,0,0,0,0,0,0,0,0,0,0,2397.34,411.9,615.47,0,0,1263.61,62.51,0,383.9,2653.33,54.6,2670.17,0,0,0,0,794.27,1413.13,0,26.2,25.9,false,false,undefined,false,false,false,false,undefined,true,false,true,true
166.927,undefined,0,0,0,0,0,0,0,0,0,0,0,0,0,0,0,0,0,0,0,0,0,0,0,2397.34,411.9,615.47,0,0,1263.61,62.51,0,383.9,2650.67,54.6,2665.03,0,0,0,0,794.27,1413.13,0,26.2,25.9,false,false,undefined,false,false,false,false,undefined,true,false,true,true
167.06,undefined,0,0,0,0,0,0,0,0,0,0,0,0,0,0,0,0,0,0,0,0,0,0,0,2393.36,411.79,619.04,0,0,1262.23,62.48,0,383.81,2646.77,53.27,2657.23,0,0,0,0,793.03,1413.13,0,26.2,25.9,false,false,undefined,false,false,false,false,undefined,true,false,true,true
167.176,undefined,0,0,0,0,0,0,0,0,0,0,0,0,0,0,0,0,0,0,0,0,0,0,0,2393.36,411.79,619.04,0,0,1262.23,62.48,0,383.81,2645.53,54.6,2653.33,0,0,0,0,793.03,1413.13,0,26.2,25.9,false,false,undefined,false,false,false,false,undefined,true,false,true,true
167.311,undefined,0,0,0,0,0,0,0,0,0,0,0,0,0,0,0,0,0,0,0,0,0,0,0,2393.36,411.79,619.04,0,0,1262.23,62.48,0,383.81,2642.87,54.6,2646.77,0,0,0,0,793.03,1411.8,0,26.2,25.9,false,false,undefined,false,false,false,false,undefined,true,false,true,true
167.416,undefined,0,0,0,0,0,0,0,0,0,0,0,0,0,0,0,0,0,0,0,0,0,0,0,2393.36,411.79,619.04,0,0,1262.23,62.48,0,383.81,2646.77,54.6,2646.77,0,0,0,0,793.03,1411.8,0,26.2,25.9,false,false,undefined,false,false,false,false,undefined,true,false,true,true
167.529,undefined,0,0,0,0,0,0,0,0,0,0,0,0,0,0,0,0,0,0,0,0,0,0,0,2386.22,411.43,608.51,0,0,1260.83,62.58,0,384.19,2646.77,54.6,2645.53,0,0,0,0,794.27,1411.8,0,26.2,25.9,false,false,undefined,false,false,false,false,undefined,true,false,true,true
167.664,undefined,0,0,0,0,0,0,0,0,0,0,0,0,0,0,0,0,0,0,0,0,0,0,0,2386.22,411.43,608.51,0,0,1260.83,62.58,0,384.19,2646.77,54.6,2648.1,0,0,0,0,794.27,1411.8,0,26.2,25.9,false,false,undefined,false,false,false,false,undefined,true,false,true,true
167.775,undefined,0,0,0,0,0,0,0,0,0,0,0,0,0,0,0,0,0,0,0,0,0,0,0,2386.22,411.43,608.51,0,0,1260.83,62.58,0,384.19,2638.97,54.6,2654.57,0,0,0,0,794.27,1411.8,0,26.2,25.9,false,false,undefined,false,false,false,false,undefined,true,false,true,true
167.887,undefined,0,0,0,0,0,0,0,0,0,0,0,0,0,0,0,0,0,0,0,0,0,0,0,2386.22,411.43,608.51,0,0,1260.83,62.58,0,384.19,2633.83,54.6,2654.57,0,0,0,0,794.27,1411.8,0,26.2,25.9,false,false,undefined,false,false,false,false,undefined,true,false,true,true
168.007,undefined,0,0,0,0,0,0,0,0,0,0,0,0,0,0,0,0,0,0,0,0,0,0,0,2380.25,411.91,621.09,0,0,1255.72,62.6,0,384.49,2633.83,54.6,2663.7,0,0,0,0,794.27,1411.8,0,26.2,25.9,false,false,undefined,false,false,false,false,undefined,true,false,true,true
168.109,undefined,0,0,0,0,0,0,0,0,0,0,0,0,0,0,0,0,0,0,0,0,0,0,0,2380.25,411.91,621.09,0,0,1255.72,62.6,0,384.49,2640.3,54.6,2666.27,0,0,0,0,794.27,1411.8,0,26.2,25.9,false,false,undefined,false,false,false,false,undefined,true,false,true,true
168.226,undefined,0,0,0,0,0,0,0,0,0,0,0,0,0,0,0,0,0,0,0,0,0,0,0,2380.25,411.91,621.09,0,0,1255.72,62.6,0,384.49,2649.43,54.6,2665.03,0,0,0,0,794.27,1411.8,0,26.2,25.9,false,false,undefined,false,false,false,false,undefined,true,false,true,true
168.351,undefined,0,0,0,0,0,0,0,0,0,0,0,0,0,0,0,0,0,0,0,0,0,0,0,2380.25,411.91,621.09,0,0,1255.72,62.6,0,384.49,2650.67,54.6,2659.8,0,0,0,0,794.27,1411.8,0,26.2,25.9,false,false,undefined,false,false,false,false,undefined,true,false,true,true
168.454,undefined,0,0,0,0,0,0,0,0,0,0,0,0,0,0,0,0,0,0,0,0,0,0,0,2375.76,411.24,608.72,0,0,1253.09,62.71,0,384.14,2650.67,54.6,2659.8,0,0,0,0,794.27,1411.8,0,26.2,25.9,false,false,undefined,false,false,false,false,undefined,true,false,true,true
168.566,undefined,0,0,0,0,0,0,0,0,0,0,0,0,0,0,0,0,0,0,0,0,0,0,0,2375.76,411.24,608.72,0,0,1253.09,62.71,0,384.14,2654.57,54.6,2658.47,0,0,0,0,793.03,1411.8,0,26.2,25.9,false,false,undefined,false,false,false,false,undefined,true,false,true,true
168.672,undefined,0,0,0,0,0,0,0,0,0,0,0,0,0,0,0,0,0,0,0,0,0,0,0,2375.76,411.24,608.72,0,0,1253.09,62.71,0,384.14,2652,54.6,2662.37,0,0,0,0,793.03,1411.8,0,26.2,25.9,false,false,undefined,false,false,false,false,undefined,true,false,true,true
168.8,undefined,0,0,0,0,0,0,0,0,0,0,0,0,0,0,0,0,0,0,0,0,0,0,0,2375.76,411.24,608.72,0,0,1253.09,62.71,0,384.14,2641.63,54.6,2662.37,0,0,0,0,793.03,1411.8,0,26.2,25.9,false,false,undefined,false,false,false,false,undefined,true,false,true,true
168.93,undefined,0,0,0,0,0,0,0,0,0,0,0,0,0,0,0,0,0,0,0,0,0,0,0,2371.72,411.85,598.94,0,0,1253.65,62.65,0,384.58,2637.73,54.6,2661.13,0,0,0,0,793.03,1411.8,0,26.2,25.9,false,false,undefined,false,false,false,false,undefined,true,false,true,true
169.064,undefined,0,0,0,0,0,0,0,0,0,0,0,0,0,0,0,0,0,0,0,0,0,0,0,2371.72,411.85,598.94,0,0,1253.65,62.65,0,384.58,2637.73,54.6,2661.13,0,0,0,0,793.03,1411.8,0,26.2,25.9,false,false,undefined,false,false,false,false,undefined,true,false,true,true
169.196,undefined,0,0,0,0,0,0,0,0,0,0,0,0,0,0,0,0,0,0,0,0,0,0,0,2371.72,411.85,598.94,0,0,1253.65,62.65,0,384.58,2640.3,54.6,2655.9,0,0,0,0,793.03,1411.8,0,26.2,25.9,false,false,undefined,false,false,false,false,undefined,true,false,true,true
169.315,undefined,0,0,0,0,0,0,0,0,0,0,0,0,0,0,0,0,0,0,0,0,0,0,0,2371.72,411.85,598.94,0,0,1253.65,62.65,0,384.58,2652,54.6,2654.57,0,0,0,0,793.03,1410.47,0,26.2,25.9,false,false,undefined,false,false,false,false,undefined,true,false,true,true
169.438,undefined,0,0,0,0,0,0,0,0,0,0,0,0,0,0,0,0,0,0,0,0,0,0,0,2365.66,410.41,580.65,0,0,1250.03,62.56,0,384.62,2661.13,54.6,2657.23,0,0,0,0,793.03,1410.47,0,26.2,25.9,false,false,undefined,false,false,false,false,undefined,true,false,true,true
169.569,undefined,0,0,0,0,0,0,0,0,0,0,0,0,0,0,0,0,0,0,0,0,0,0,0,2365.66,410.41,580.65,0,0,1250.03,62.56,0,384.62,2668.93,54.6,2662.37,0,0,0,0,793.03,1410.47,0,26.2,25.9,false,false,undefined,false,false,false,false,undefined,true,false,true,true
169.699,undefined,0,0,0,0,0,0,0,0,0,0,0,0,0,0,0,0,0,0,0,0,0,0,0,2365.66,410.41,580.65,0,0,1250.03,62.56,0,384.62,2666.27,54.6,2662.37,0,0,0,0,793.03,1410.47,0,26.2,25.9,false,false,undefined,false,false,false,false,undefined,true,false,true,true
169.831,undefined,0,0,0,0,0,0,0,0,0,0,0,0,0,0,0,0,0,0,0,0,0,0,0,2365.66,410.41,580.65,0,0,1250.03,62.56,0,384.62,2657.23,54.6,2662.37,0,0,0,0,793.03,1410.47,0,26.2,25.9,false,false,undefined,false,false,false,false,undefined,true,false,true,true
169.949,undefined,0,0,0,0,0,0,0,0,0,0,0,0,0,0,0,0,0,0,0,0,0,0,0,2365.14,409.79,624.11,0,0,1246.54,62.58,0,384.58,2657.23,54.6,2657.23,0,0,0,0,793.03,1410.47,0,26.2,25.9,false,false,undefined,false,false,false,false,undefined,true,false,true,true
170.078,undefined,0,0,0,0,0,0,0,0,0,0,0,0,0,0,0,0,0,0,0,0,0,0,0,2365.14,409.79,624.11,0,0,1246.54,62.58,0,384.58,2658.47,54.6,2662.37,0,0,0,0,791.7,1410.47,0,26.2,25.9,false,false,undefined,false,false,false,false,undefined,true,false,true,true
170.211,undefined,0,0,0,0,0,0,0,0,0,0,0,0,0,0,0,0,0,0,0,0,0,0,0,2365.14,409.79,624.11,0,0,1246.54,62.58,0,384.58,2653.33,54.6,2674.07,0,0,0,0,791.7,1410.47,0,26.2,25.9,false,false,undefined,false,false,false,false,undefined,true,false,true,true
170.342,undefined,0,0,0,0,0,0,0,0,0,0,0,0,0,0,0,0,0,0,0,0,0,0,0,2383.55,406.06,624.11,0,0,1246.54,62.58,0,384.58,2644.2,54.6,2677.97,0,0,0,0,793.03,1410.47,0,26.2,25.9,false,false,undefined,false,false,false,false,undefined,true,false,true,true
170.456,undefined,0,0,0,0,0,0,0,0,0,0,0,0,0,0,0,0,0,0,0,0,0,0,0,2383.55,406.06,623.31,0,0,1262.2,62.68,0,385.08,2642.87,54.6,2672.83,0,0,0,0,793.03,1410.47,0,26.2,25.9,false,false,undefined,false,false,false,false,undefined,true,false,true,true
170.573,undefined,0,0,0,0,0,0,0,0,0,0,0,0,0,0,0,0,0,0,0,0,0,0,0,2383.55,406.06,623.31,0,0,1262.2,62.68,0,385.08,2644.2,54.6,2672.83,0,0,0,0,793.03,1410.47,0,26.2,25.9,false,false,undefined,false,false,false,false,undefined,true,false,true,true
170.684,undefined,0,0,0,0,0,0,0,0,0,0,0,0,0,0,0,0,0,0,0,0,0,0,0,2383.55,406.06,623.31,0,0,1262.2,62.68,0,385.08,2644.2,54.6,2675.4,0,0,0,0,794.27,1410.47,0,26.2,25.9,false,false,undefined,false,false,false,false,undefined,true,false,true,true
170.798,undefined,0,0,0,0,0,0,0,0,0,0,0,0,0,0,0,0,0,0,0,0,0,0,0,2383.55,406.06,623.31,0,0,1262.2,62.68,0,385.08,2649.43,54.6,2670.17,0,0,0,0,794.27,1411.8,0,26.2,25.9,false,false,undefined,false,false,false,false,undefined,true,false,true,true
170.934,undefined,0,0,0,0,0,0,0,0,0,0,0,0,0,0,0,0,0,0,0,0,0,0,0,2396.47,406.07,593.74,0,0,1277.64,62.46,0,384.52,2646.77,54.6,2662.37,0,0,0,0,794.27,1411.8,0,26.2,25.9,false,false,undefined,false,false,false,false,undefined,true,false,true,true
171.06,undefined,0,0,0,0,0,0,0,0,0,0,0,0,0,0,0,0,0,0,0,0,0,0,0,2396.47,406.07,593.74,0,0,1277.64,62.46,0,384.52,2642.87,54.6,2665.03,0,0,0,0,794.27,1413.13,0,26.2,25.9,false,false,undefined,false,false,false,false,undefined,true,false,true,true
171.174,undefined,0,0,0,0,0,0,0,0,0,0,0,0,0,0,0,0,0,0,0,0,0,0,0,2396.47,406.07,593.74,0,0,1277.64,62.46,0,384.52,2642.87,54.6,2665.03,0,0,0,0,794.27,1413.13,0,26.2,25.9,false,false,undefined,false,false,false,false,undefined,true,false,true,true
171.287,undefined,0,0,0,0,0,0,0,0,0,0,0,0,0,0,0,0,0,0,0,0,0,0,0,2418.22,406.07,593.74,0,0,1293.18,62.46,0,384.52,2642.87,54.6,2666.27,0,0,0,0,795.6,1413.13,0,26.2,25.9,false,false,undefined,false,false,false,false,undefined,true,false,true,true
171.413,undefined,0,0,0,0,0,0,0,0,0,0,0,0,0,0,0,0,0,0,0,0,0,0,0,2418.22,405.9,611,0,0,1293.18,62.52,0,384.75,2644.2,54.6,2662.37,0,0,0,0,795.6,1411.8,0,26.2,25.9,false,false,undefined,false,false,false,false,undefined,true,false,true,true
171.53,undefined,0,0,0,0,0,0,0,0,0,0,0,0,0,0,0,0,0,0,0,0,0,0,0,2418.22,405.9,611,0,0,1293.18,62.52,0,384.75,2641.63,54.6,2659.8,0,0,0,0,794.27,1411.8,0,26.2,25.9,false,false,undefined,false,false,false,false,undefined,true,false,true,true
171.66,undefined,0,0,0,0,0,0,0,0,0,0,0,0,0,0,0,0,0,0,0,0,0,0,0,2418.22,405.9,611,0,0,1293.18,62.52,0,384.75,2641.63,54.6,2663.7,0,0,0,0,794.27,1411.8,0,26.2,25.9,false,false,undefined,false,false,false,false,undefined,true,false,true,true
171.791,undefined,0,0,0,0,0,0,0,0,0,0,0,0,0,0,0,0,0,0,0,0,0,0,0,2428.48,405.19,606.81,0,0,1311.52,62.5,0,384.31,2646.77,54.6,2658.47,0,0,0,0,795.6,1411.8,0,26.2,25.9,false,false,undefined,false,false,false,false,undefined,true,false,true,true
171.886,undefined,0,0,0,0,0,0,0,0,0,0,0,0,0,0,0,0,0,0,0,0,0,0,0,2428.48,405.19,606.81,0,0,1311.52,62.5,0,384.31,2646.77,54.6,2658.47,0,0,0,0,795.6,1411.8,0,26.2,25.9,false,false,undefined,false,false,false,false,undefined,true,false,true,true
172.002,undefined,0,0,0,0,0,0,0,0,0,0,0,0,0,0,0,0,0,0,0,0,0,0,0,2428.48,405.19,606.81,0,0,1311.52,62.5,0,384.31,2658.47,54.6,2662.37,0,0,0,0,795.6,1411.8,0,26.2,25.9,false,false,undefined,false,false,false,false,undefined,true,false,true,true
172.131,undefined,0,0,0,0,0,0,0,0,0,0,0,0,0,0,0,0,0,0,0,0,0,0,0,2428.48,405.19,606.81,0,0,1311.52,62.5,0,384.31,2667.6,55.93,2665.03,0,0,0,0,795.6,1411.8,0,26.2,25.9,false,false,undefined,false,false,false,false,undefined,true,false,true,true
172.239,undefined,0,0,0,0,0,0,0,0,0,0,0,0,0,0,0,0,0,0,0,0,0,0,0,2428.48,405.19,606.81,0,0,1311.52,62.5,0,384.31,2666.27,55.93,2665.03,0,0,0,0,795.6,1411.8,0,26.2,25.9,false,false,undefined,false,false,false,false,undefined,true,false,true,true
172.345,undefined,0,0,0,0,0,0,0,0,0,0,0,0,0,0,0,0,0,0,0,0,0,0,0,2433.47,406.46,620.12,0,0,1315.99,62.48,0,384.11,2666.27,55.93,2667.6,0,0,0,0,795.6,1411.8,0,26.2,25.9,false,false,undefined,false,false,false,false,undefined,true,false,true,true
172.45,undefined,0,0,0,0,0,0,0,0,0,0,0,0,0,0,0,0,0,0,0,0,0,0,0,2433.47,406.46,620.12,0,0,1315.99,62.48,0,384.11,2666.27,55.93,2670.17,0,0,0,0,794.27,1411.8,0,26.2,25.9,false,false,undefined,false,false,false,false,undefined,true,false,true,true
172.558,undefined,0,0,0,0,0,0,0,0,0,0,0,0,0,0,0,0,0,0,0,0,0,0,0,2433.47,406.46,620.12,0,0,1315.99,62.48,0,384.11,2666.27,54.6,2662.37,0,0,0,0,795.6,1411.8,0,26.2,25.9,false,false,undefined,false,false,false,false,undefined,true,false,true,true
172.683,undefined,0,0,0,0,0,0,0,0,0,0,0,0,0,0,0,0,0,0,0,0,0,0,0,2433.47,406.46,620.12,0,0,1315.99,62.48,0,384.11,2666.27,54.6,2662.37,0,0,0,0,795.6,1411.8,0,26.2,25.9,false,false,undefined,false,false,false,false,undefined,true,false,true,true
172.791,undefined,0,0,0,0,0,0,0,0,0,0,0,0,0,0,0,0,0,0,0,0,0,0,0,2446.74,405.76,620.72,0,0,1326.87,62.42,0,384.24,2666.27,54.6,2653.33,0,0,0,0,794.27,1411.8,0,26.2,25.9,false,false,undefined,false,false,false,false,undefined,true,false,true,true
172.898,undefined,0,0,0,0,0,0,0,0,0,0,0,0,0,0,0,0,0,0,0,0,0,0,0,2446.74,405.76,620.72,0,0,1326.87,62.42,0,384.24,2666.27,54.6,2654.57,0,0,0,0,793.03,1411.8,0,26.2,25.9,false,false,undefined,false,false,false,false,undefined,true,false,true,true
173.017,undefined,0,0,0,0,0,0,0,0,0,0,0,0,0,0,0,0,0,0,0,0,0,0,0,2446.74,405.76,620.72,0,0,1326.87,62.42,0,384.24,2657.23,54.6,2654.57,0,0,0,0,793.03,1411.8,0,26.2,25.9,false,false,undefined,false,false,false,false,undefined,true,false,true,true
173.142,undefined,0,0,0,0,0,0,0,0,0,0,0,0,0,0,0,0,0,0,0,0,0,0,0,2446.74,405.76,620.72,0,0,1326.87,62.42,0,384.24,2645.53,54.6,2654.57,0,0,0,0,794.27,1411.8,0,26.2,25.9,false,false,undefined,false,false,false,false,undefined,true,false,true,true
173.242,undefined,0,0,0,0,0,0,0,0,0,0,0,0,0,0,0,0,0,0,0,0,0,0,0,2449.1,406.15,642.59,0,0,1332.97,62.54,0,383.68,2645.53,54.6,2653.33,0,0,0,0,794.27,1411.8,0,26.2,25.9,false,false,undefined,false,false,false,false,undefined,true,false,true,true
173.361,undefined,0,0,0,0,0,0,0,0,0,0,0,0,0,0,0,0,0,0,0,0,0,0,0,2449.1,406.15,642.59,0,0,1332.97,62.54,0,383.68,2637.73,54.6,2658.47,0,0,0,0,794.27,1410.47,0,26.2,25.9,false,false,undefined,false,false,false,false,undefined,true,false,true,true
173.486,undefined,0,0,0,0,0,0,0,0,0,0,0,0,0,0,0,0,0,0,0,0,0,0,0,2449.1,406.15,642.59,0,0,1332.97,62.54,0,383.68,2635.07,55.93,2661.13,0,0,0,0,795.6,1410.47,0,26.2,25.9,false,false,undefined,false,false,false,false,undefined,true,false,true,true
173.618,undefined,0,0,0,0,0,0,0,0,0,0,0,0,0,0,0,0,0,0,0,0,0,0,0,2449.1,406.15,642.59,0,0,1332.97,62.54,0,383.68,2633.83,55.93,2658.47,0,0,0,0,795.6,1410.47,0,26.2,25.9,false,false,undefined,false,false,false,false,undefined,true,false,true,true
173.744,undefined,0,0,0,0,0,0,0,0,0,0,0,0,0,0,0,0,0,0,0,0,0,0,0,2453.7,405.35,600.45,0,0,1332.55,62.53,0,384.45,2637.73,54.6,2658.47,0,0,0,0,795.6,1410.47,0,26.2,25.9,false,false,undefined,false,false,false,false,undefined,true,false,true,true
173.856,undefined,0,0,0,0,0,0,0,0,0,0,0,0,0,0,0,0,0,0,0,0,0,0,0,2453.7,405.35,600.45,0,0,1332.55,62.53,0,384.45,2637.73,54.6,2650.67,0,0,0,0,794.27,1410.47,0,26.2,25.9,false,false,undefined,false,false,false,false,undefined,true,false,true,true
173.968,undefined,0,0,0,0,0,0,0,0,0,0,0,0,0,0,0,0,0,0,0,0,0,0,0,2453.7,405.35,600.45,0,0,1332.55,62.53,0,384.45,2641.63,54.6,2648.1,0,0,0,0,793.03,1410.47,0,26.2,25.9,false,false,undefined,false,false,false,false,undefined,true,false,true,true
174.08,undefined,0,0,0,0,0,0,0,0,0,0,0,0,0,0,0,0,0,0,0,0,0,0,0,2453.7,405.35,600.45,0,0,1332.55,62.53,0,384.45,2636.4,54.6,2653.33,0,0,0,0,794.27,1410.47,0,26.2,25.9,false,false,undefined,false,false,false,false,undefined,true,false,true,true
174.202,undefined,0,0,0,0,0,0,0,0,0,0,0,0,0,0,0,0,0,0,0,0,0,0,0,2455.93,406.05,602.78,0,0,1337.37,62.47,0,384.28,2633.83,54.6,2658.47,0,0,0,0,794.27,1410.47,0,26.2,25.9,false,false,undefined,false,false,false,false,undefined,true,false,true,true
174.308,undefined,0,0,0,0,0,0,0,0,0,0,0,0,0,0,0,0,0,0,0,0,0,0,0,2455.93,406.05,602.78,0,0,1337.37,62.47,0,384.28,2631.17,54.6,2658.47,0,0,0,0,794.27,1410.47,0,26.2,25.9,false,false,undefined,false,false,false,false,undefined,true,false,true,true
174.418,undefined,0,0,0,0,0,0,0,0,0,0,0,0,0,0,0,0,0,0,0,0,0,0,0,2455.93,406.05,602.78,0,0,1337.37,62.47,0,384.28,2631.17,54.6,2655.9,0,0,0,0,794.27,1410.47,0,26.2,25.9,false,false,undefined,false,false,false,false,undefined,true,false,true,true
174.546,undefined,0,0,0,0,0,0,0,0,0,0,0,0,0,0,0,0,0,0,0,0,0,0,0,2455.93,406.05,602.78,0,0,1337.37,62.47,0,384.28,2636.4,54.6,2652,0,0,0,0,794.27,1410.47,0,26.2,25.9,false,false,undefined,false,false,false,false,undefined,true,false,true,true
174.659,undefined,0,0,0,0,0,0,0,0,0,0,0,0,0,0,0,0,0,0,0,0,0,0,0,2455.93,406.05,574.66,0,0,1333.57,62.51,0,384.28,2644.2,54.6,2652,0,0,0,0,794.27,1410.47,0,26.2,25.9,false,false,undefined,false,false,false,false,undefined,true,false,true,true
174.785,undefined,0,0,0,0,0,0,0,0,0,0,0,0,0,0,0,0,0,0,0,0,0,0,0,2418.61,405.74,574.66,0,0,1333.57,62.51,0,349.38,2650.67,54.6,2652,0,0,0,0,794.27,1410.47,0,26.2,25.9,false,false,undefined,false,false,false,false,undefined,true,false,true,true
174.918,undefined,0,0,0,0,0,0,0,0,0,0,0,0,0,0,0,0,0,0,0,0,0,0,0,2418.61,405.74,574.66,0,0,1333.57,62.51,0,349.38,2650.67,54.6,2653.33,0,0,0,0,793.03,1409.23,0,26.2,25.9,false,false,undefined,false,false,false,false,undefined,false,false,true,true
175.034,undefined,0,0,0,0,0,0,0,0,0,0,0,0,0,0,0,0,0,0,0,0,0,0,0,2418.61,405.74,574.66,0,0,1333.57,62.51,0,349.38,2653.33,54.6,2655.9,0,0,0,0,793.03,1410.47,0,26.2,25.9,false,false,undefined,false,false,false,false,undefined,false,false,true,true
175.141,undefined,0,0,0,0,0,0,0,0,0,0,0,0,0,0,0,0,0,0,0,0,0,0,0,2068.37,405.88,574.66,0,0,1333.57,62.51,0,0,2655.9,54.6,2650.67,0,0,0,0,794.27,1410.47,0,26.2,25.9,false,false,undefined,false,false,false,false,undefined,false,false,true,true
175.274,undefined,0,0,0,0,0,0,0,0,0,0,0,0,0,0,0,0,0,0,0,0,0,0,0,2068.37,405.88,608.87,0,0,1334.93,62.51,0,0,2654.57,54.6,2653.33,0,0,0,0,794.27,1409.23,0,26.2,25.9,false,false,undefined,false,false,false,false,undefined,false,false,true,true
175.381,undefined,0,0,0,0,0,0,0,0,0,0,0,0,0,0,0,0,0,0,0,0,0,0,0,2068.37,405.88,608.87,0,0,1334.93,62.51,0,0,2658.47,54.6,2653.33,0,0,0,0,794.27,1409.23,0,26.2,25.9,false,false,undefined,false,false,false,false,undefined,false,false,true,true
175.493,undefined,0,0,0,0,0,0,0,0,0,0,0,0,0,0,0,0,0,0,0,0,0,0,0,2068.37,405.88,608.87,0,0,1334.93,62.51,0,0,2658.47,54.6,2659.8,0,0,0,0,794.27,1409.23,0,26.2,25.9,false,false,undefined,false,false,false,false,undefined,false,false,true,true
175.602,undefined,0,0,0,0,0,0,0,0,0,0,0,0,0,0,0,0,0,0,0,0,0,0,0,2068.37,405.88,608.87,0,0,1334.93,62.51,0,0,2650.67,54.6,2662.37,0,0,0,0,794.27,1409.23,0,26.2,25.9,false,false,undefined,false,false,false,false,undefined,false,false,true,true
175.715,undefined,0,0,0,0,0,0,0,0,0,0,0,0,0,0,0,0,0,0,0,0,0,0,0,2051.58,410.62,607.72,0,0,1316.94,62.64,0,0,2653.33,54.6,2668.93,0,0,0,0,794.27,1407.9,0,26.2,25.9,false,false,undefined,false,false,false,false,undefined,false,false,true,true
175.817,undefined,0,0,0,0,0,0,0,0,0,0,0,0,0,0,0,0,0,0,0,0,0,0,0,2051.58,410.62,607.72,0,0,1316.94,62.64,0,0,2649.43,54.6,2668.93,0,0,0,0,794.27,1407.9,0,26.2,25.9,false,false,undefined,false,false,false,false,undefined,false,false,true,true
175.935,undefined,0,0,0,0,0,0,0,0,0,0,0,0,0,0,0,0,0,0,0,0,0,0,0,2051.58,410.62,607.72,0,0,1316.94,62.64,0,0,2649.43,54.6,2670.17,0,0,0,0,793.03,1410.47,0,26.2,25.9,false,false,undefined,false,false,false,false,undefined,false,false,true,true
176.055,undefined,0,0,0,0,0,0,0,0,0,0,0,0,0,0,0,0,0,0,0,0,0,0,0,2051.58,410.62,607.72,0,0,1316.94,62.64,0,0,2648.1,54.6,2666.27,0,0,0,0,794.27,1410.47,0,26.2,25.9,false,false,undefined,false,false,false,false,undefined,false,false,true,true
176.174,undefined,0,0,0,0,0,0,0,0,0,0,0,0,0,0,0,0,0,0,0,0,0,0,0,2028.75,410.34,633.59,0,0,1288.81,62.51,0,0,2648.1,54.6,2663.7,0,0,0,0,794.27,1410.47,0,26.2,25.9,false,false,undefined,false,false,false,false,undefined,false,false,true,true
176.304,undefined,0,0,0,0,0,0,0,0,0,0,0,0,0,0,0,0,0,0,0,0,0,0,0,2028.75,410.34,633.59,0,0,1288.81,62.51,0,0,2649.43,54.6,2657.23,0,0,0,0,794.27,1410.47,0,26.2,25.9,false,false,undefined,false,false,false,false,undefined,false,false,true,true
176.424,undefined,0,0,0,0,0,0,0,0,0,0,0,0,0,0,0,0,0,0,0,0,0,0,0,2028.75,410.34,633.59,0,0,1288.81,62.51,0,0,2649.43,54.6,2657.23,0,0,0,0,795.6,1410.47,0,26.2,25.9,false,false,undefined,false,false,false,false,undefined,false,false,true,true
176.538,undefined,0,0,0,0,0,0,0,0,0,0,0,0,0,0,0,0,0,0,0,0,0,0,0,2028.75,410.34,633.59,0,0,1288.81,62.51,0,0,2648.1,54.6,2658.47,0,0,0,0,795.6,1409.23,0,26.2,25.9,false,false,undefined,false,false,false,false,undefined,false,false,true,true
176.654,undefined,0,0,0,0,0,0,0,0,0,0,0,0,0,0,0,0,0,0,0,0,0,0,0,2014.73,409.79,636.14,0,0,1273.84,62.48,0,0,2642.87,54.6,2657.23,0,0,0,0,794.27,1409.23,0,26.2,25.9,false,false,undefined,false,false,false,false,undefined,false,false,true,true
176.77,undefined,0,0,0,0,0,0,0,0,0,0,0,0,0,0,0,0,0,0,0,0,0,0,0,2014.73,409.79,636.14,0,0,1273.84,62.48,0,0,2640.3,54.6,2649.43,0,0,0,0,794.27,1409.23,0,26.2,25.9,false,false,undefined,false,false,false,false,undefined,false,false,true,true
176.885,undefined,0,0,0,0,0,0,0,0,0,0,0,0,0,0,0,0,0,0,0,0,0,0,0,2014.73,409.79,636.14,0,0,1273.84,62.48,0,0,2640.3,54.6,2649.43,0,0,0,0,794.27,1409.23,0,26.2,25.9,false,false,undefined,false,false,false,false,undefined,false,false,true,true
177.019,undefined,0,0,0,0,0,0,0,0,0,0,0,0,0,0,0,0,0,0,0,0,0,0,0,2014.73,409.79,636.14,0,0,1273.84,62.48,0,0,2638.97,54.6,2644.2,0,0,0,0,794.27,1409.23,0,26.2,25.9,false,false,undefined,false,false,false,false,undefined,false,false,true,true
177.122,undefined,0,0,0,0,0,0,0,0,0,0,0,0,0,0,0,0,0,0,0,0,0,0,0,2007.92,409.65,622.6,0,0,1268.91,62.58,0,0,2638.97,54.6,2648.1,0,0,0,0,794.27,1409.23,0,26.2,25.9,false,false,undefined,false,false,false,false,undefined,false,false,true,true
177.237,undefined,0,0,0,0,0,0,0,0,0,0,0,0,0,0,0,0,0,0,0,0,0,0,0,2007.92,409.65,622.6,0,0,1268.91,62.58,0,0,2636.4,54.6,2653.33,0,0,0,0,794.27,1409.23,0,26.2,25.9,false,false,undefined,false,false,false,false,undefined,false,false,true,true
177.351,undefined,0,0,0,0,0,0,0,0,0,0,0,0,0,0,0,0,0,0,0,0,0,0,0,2007.92,409.65,622.6,0,0,1268.91,62.58,0,0,2635.07,54.6,2654.57,0,0,0,0,794.27,1409.23,0,26.2,25.9,false,false,undefined,false,false,false,false,undefined,false,false,true,true
177.455,undefined,0,0,0,0,0,0,0,0,0,0,0,0,0,0,0,0,0,0,0,0,0,0,0,2007.92,409.65,622.6,0,0,1268.91,62.58,0,0,2635.07,54.6,2654.57,0,0,0,0,794.27,1409.23,0,26.2,25.9,false,false,undefined,false,false,false,false,undefined,false,false,true,true
177.574,undefined,0,0,0,0,0,0,0,0,0,0,0,0,0,0,0,0,0,0,0,0,0,0,0,2000.96,409.72,605.6,0,0,1261.71,62.62,0,0,2636.4,54.6,2658.47,0,0,0,0,794.27,1409.23,0,26.2,25.9,false,false,undefined,false,false,false,false,undefined,false,false,true,true
177.707,undefined,0,0,0,0,0,0,0,0,0,0,0,0,0,0,0,0,0,0,0,0,0,0,0,2000.96,409.72,605.6,0,0,1261.71,62.62,0,0,2629.93,54.6,2662.37,0,0,0,0,794.27,1409.23,0,26.2,25.9,false,false,undefined,false,false,false,false,undefined,false,false,true,true
177.822,undefined,0,0,0,0,0,0,0,0,0,0,0,0,0,0,0,0,0,0,0,0,0,0,0,2000.96,409.72,605.6,0,0,1261.71,62.62,0,0,2628.6,54.6,2662.37,0,0,0,0,794.27,1409.23,0,26.2,25.9,false,false,undefined,false,false,false,false,undefined,false,false,true,true
177.946,undefined,0,0,0,0,0,0,0,0,0,0,0,0,0,0,0,0,0,0,0,0,0,0,0,2000.96,409.72,605.6,0,0,1261.71,62.62,0,0,2633.83,54.6,2662.37,0,0,0,0,794.27,1409.23,0,26.2,25.9,false,false,undefined,false,false,false,false,undefined,false,false,true,true
178.063,undefined,0,0,0,0,0,0,0,0,0,0,0,0,0,0,0,0,0,0,0,0,0,0,0,2002.85,409.75,629.58,0,0,1260.98,62.57,0,0,2633.83,54.6,2661.13,0,0,0,0,794.27,1409.23,0,26.2,25.9,false,false,undefined,false,false,false,false,undefined,false,false,true,true
178.178,undefined,0,0,0,0,0,0,0,0,0,0,0,0,0,0,0,0,0,0,0,0,0,0,0,2002.85,409.75,629.58,0,0,1260.98,62.57,0,0,2626.03,54.6,2665.03,0,0,0,0,795.6,1409.23,0,26.2,25.9,false,false,undefined,false,false,false,false,undefined,false,false,true,true
178.298,undefined,0,0,0,0,0,0,0,0,0,0,0,0,0,0,0,0,0,0,0,0,0,0,0,2002.85,409.75,629.58,0,0,1260.98,62.57,0,0,2620.8,54.6,2662.37,0,0,0,0,795.6,1409.23,0,26.2,25.9,false,false,undefined,false,false,false,false,undefined,false,false,true,true
178.434,undefined,0,0,0,0,0,0,0,0,0,0,0,0,0,0,0,0,0,0,0,0,0,0,0,2002.85,409.75,629.58,0,0,1260.98,62.57,0,0,2627.27,54.6,2655.9,0,0,0,0,794.27,1410.47,0,26.2,25.9,false,false,undefined,false,false,false,false,undefined,false,false,true,true
178.554,undefined,0,0,0,0,0,0,0,0,0,0,0,0,0,0,0,0,0,0,0,0,0,0,0,2004.26,410.2,574.09,0,0,1265.56,62.54,0,0,2631.17,54.6,2642.87,0,0,0,0,794.27,1410.47,0,26.2,25.9,false,false,undefined,false,false,false,false,undefined,false,false,true,true
178.69,undefined,0,0,0,0,0,0,0,0,0,0,0,0,0,0,0,0,0,0,0,0,0,0,0,2004.26,410.2,574.09,0,0,1265.56,62.54,0,0,2636.4,54.6,2642.87,0,0,0,0,795.6,1410.47,0,26.2,25.9,false,false,undefined,false,false,false,false,undefined,false,false,true,true
178.804,undefined,0,0,0,0,0,0,0,0,0,0,0,0,0,0,0,0,0,0,0,0,0,0,0,2004.26,410.2,574.09,0,0,1265.56,62.54,0,0,2636.4,54.6,2640.3,0,0,0,0,795.6,1410.47,0,26.2,25.9,false,false,undefined,false,false,false,false,undefined,false,false,true,true
178.928,undefined,0,0,0,0,0,0,0,0,0,0,0,0,0,0,0,0,0,0,0,0,0,0,0,2004.26,410.2,574.09,0,0,1265.56,62.54,0,0,2637.73,54.6,2645.53,0,0,0,0,795.6,1410.47,0,26.2,25.9,false,false,undefined,false,false,false,false,undefined,false,false,true,true
179.057,undefined,0,0,0,0,0,0,0,0,0,0,0,0,0,0,0,0,0,0,0,0,0,0,0,2002.36,410.27,588.29,0,0,1261.87,62.48,0,0,2631.17,54.6,2652,0,0,0,0,795.6,1410.47,0,26.2,25.9,false,false,undefined,false,false,false,false,undefined,false,false,true,true
179.187,undefined,0,0,0,0,0,0,0,0,0,0,0,0,0,0,0,0,0,0,0,0,0,0,0,2002.36,410.27,588.29,0,0,1261.87,62.48,0,0,2623.37,54.6,2658.47,0,0,0,0,795.6,1410.47,0,26.2,25.9,false,false,undefined,false,false,false,false,undefined,false,false,true,true
179.308,undefined,0,0,0,0,0,0,0,0,0,0,0,0,0,0,0,0,0,0,0,0,0,0,0,2002.36,410.27,588.29,0,0,1261.87,62.48,0,0,2623.37,54.6,2658.47,0,0,0,0,795.6,1410.47,0,26.2,25.9,false,false,undefined,false,false,false,false,undefined,false,false,true,true
179.443,undefined,0,0,0,0,0,0,0,0,0,0,0,0,0,0,0,0,0,0,0,0,0,0,0,2002.36,410.27,588.29,0,0,1261.87,62.48,0,0,2632.5,54.6,2665.03,0,0,0,0,794.27,1410.47,0,26.2,25.9,false,false,undefined,false,false,false,false,undefined,false,false,true,true
179.569,undefined,0,0,0,0,0,0,0,0,0,0,0,0,0,0,0,0,0,0,0,0,0,0,0,2000.67,410.27,578.05,0,0,1259.49,62.54,0,0,2638.97,54.6,2679.3,0,0,0,0,794.27,1410.47,0,26.2,25.9,false,false,undefined,false,false,false,false,undefined,false,false,true,true
179.694,undefined,0,0,0,0,0,0,0,0,0,0,0,0,0,0,0,0,0,0,0,0,0,0,0,2000.67,410.27,578.05,0,0,1259.49,62.54,0,0,2638.97,54.6,2685.77,0,0,0,0,794.27,1410.47,0,26.2,25.9,false,false,undefined,false,false,false,false,undefined,false,false,true,true
179.794,undefined,0,0,0,0,0,0,0,0,0,0,0,0,0,0,0,0,0,0,0,0,0,0,0,2000.67,410.27,578.05,0,0,1259.49,62.54,0,0,2640.3,54.6,2679.3,0,0,0,0,793.03,1410.47,0,26.2,25.9,false,false,undefined,false,false,false,false,undefined,false,false,true,true
179.923,undefined,0,0,0,0,0,0,0,0,0,0,0,0,0,0,0,0,0,0,0,0,0,0,0,2000.67,410.27,578.05,0,0,1259.49,62.54,0,0,2638.97,54.6,2679.3,0,0,0,0,793.03,1411.8,0,26.2,25.9,false,false,undefined,false,false,false,false,undefined,false,false,true,true
180.043,undefined,0,0,0,0,0,0,0,0,0,0,0,0,0,0,0,0,0,0,0,0,0,0,0,1999.92,409.84,595.17,0,0,1261.5,62.54,0,0,2629.93,54.6,2680.63,0,0,0,0,793.03,1411.8,0,26.1,25.9,false,false,undefined,false,false,false,false,undefined,false,false,true,true
180.156,undefined,0,0,0,0,0,0,0,0,0,0,0,0,0,0,0,0,0,0,0,0,0,0,0,1999.92,409.84,595.17,0,0,1261.5,62.54,0,0,2629.93,54.6,2680.63,0,0,0,0,791.7,1411.8,0,26.1,25.9,false,false,undefined,false,false,false,false,undefined,false,false,true,true
180.271,undefined,0,0,0,0,0,0,0,0,0,0,0,0,0,0,0,0,0,0,0,0,0,0,0,1999.92,409.84,595.17,0,0,1261.5,62.54,0,0,2624.7,54.6,2679.3,0,0,0,0,793.03,1411.8,0,26.1,25.9,false,false,undefined,false,false,false,false,undefined,false,false,true,true
180.386,undefined,0,0,0,0,0,0,0,0,0,0,0,0,0,0,0,0,0,0,0,0,0,0,0,1999.92,409.84,595.17,0,0,1261.5,62.54,0,0,2622.13,54.6,2676.73,0,0,0,0,794.27,1411.8,0,26.1,25.9,false,false,undefined,false,false,false,false,undefined,false,false,true,true
180.503,undefined,0,0,0,0,0,0,0,0,0,0,0,0,0,0,0,0,0,0,0,0,0,0,0,1993.77,410.22,597.94,0,0,1255.86,62.47,0,0,2628.6,54.6,2676.73,0,0,0,0,794.27,1411.8,0,26.1,25.9,false,false,undefined,false,false,false,false,undefined,false,false,true,true
180.623,undefined,0,0,0,0,0,0,0,0,0,0,0,0,0,0,0,0,0,0,0,0,0,0,0,1993.77,410.22,597.94,0,0,1255.86,62.47,0,0,2628.6,54.6,2672.83,0,0,0,0,794.27,1411.8,0,26.1,25.9,false,false,undefined,false,false,false,false,undefined,false,false,true,true
180.753,undefined,0,0,0,0,0,0,0,0,0,0,0,0,0,0,0,0,0,0,0,0,0,0,0,1993.77,410.22,597.94,0,0,1255.86,62.47,0,0,2628.6,54.6,2674.07,0,0,0,0,794.27,1411.8,0,26.1,25.9,false,false,undefined,false,false,false,false,undefined,false,false,true,true
180.864,undefined,0,0,0,0,0,0,0,0,0,0,0,0,0,0,0,0,0,0,0,0,0,0,0,1993.77,410.22,597.94,0,0,1255.86,62.47,0,0,2631.17,54.6,2679.3,0,0,0,0,794.27,1411.8,0,26.1,25.9,false,false,undefined,false,false,false,false,undefined,false,false,true,true
180.98,undefined,0,0,0,0,0,0,0,0,0,0,0,0,0,0,0,0,0,0,0,0,0,0,0,1991.65,409.62,581.03,0,0,1252.61,62.55,0,0,2632.5,54.6,2674.07,0,0,0,0,794.27,1411.8,0,26.1,25.9,false,false,undefined,false,false,false,false,undefined,false,false,true,true
181.1,undefined,0,0,0,0,0,0,0,0,0,0,0,0,0,0,0,0,0,0,0,0,0,0,0,1991.65,409.62,581.03,0,0,1252.61,62.55,0,0,2636.4,54.6,2665.03,0,0,0,0,794.27,1411.8,0,26.1,25.9,false,false,undefined,false,false,false,false,undefined,false,false,true,true
181.226,undefined,0,0,0,0,0,0,0,0,0,0,0,0,0,0,0,0,0,0,0,0,0,0,0,1991.65,409.62,581.03,0,0,1252.61,62.55,0,0,2631.17,54.6,2665.03,0,0,0,0,795.6,1411.8,0,26.1,25.9,false,false,undefined,false,false,false,false,undefined,false,false,true,true
181.361,undefined,0,0,0,0,0,0,0,0,0,0,0,0,0,0,0,0,0,0,0,0,0,0,0,1991.65,409.62,581.03,0,0,1252.61,62.55,0,0,2631.17,54.6,2666.27,0,0,0,0,795.6,1411.8,0,26.1,25.9,false,false,undefined,false,false,false,false,undefined,false,false,true,true
181.477,undefined,0,0,0,0,0,0,0,0,0,0,0,0,0,0,0,0,0,0,0,0,0,0,0,1988.21,410.39,569.36,0,0,1253.74,62.52,0,0,2636.4,54.6,2662.37,0,0,0,0,794.27,1411.8,0,26.1,25.9,false,false,undefined,false,false,false,false,undefined,false,false,true,true
181.595,undefined,0,0,0,0,0,0,0,0,0,0,0,0,0,0,0,0,0,0,0,0,0,0,0,1988.21,410.39,569.36,0,0,1253.74,62.52,0,0,2642.87,54.6,2659.8,0,0,0,0,794.27,1411.8,0,26.1,25.9,false,false,undefined,false,false,false,false,undefined,false,false,true,true
181.73,undefined,0,0,0,0,0,0,0,0,0,0,0,0,0,0,0,0,0,0,0,0,0,0,0,1988.21,410.39,569.36,0,0,1253.74,62.52,0,0,2640.3,54.6,2659.8,0,0,0,0,793.03,1411.8,0,26.1,25.9,false,false,undefined,false,false,false,false,undefined,false,false,true,true
181.825,undefined,0,0,0,0,0,0,0,0,0,0,0,0,0,0,0,0,0,0,0,0,0,0,0,1988.21,410.39,569.36,0,0,1253.74,62.52,0,0,2642.87,54.6,2659.8,0,0,0,0,793.03,1411.8,0,26.1,25.9,false,false,undefined,false,false,false,false,undefined,false,false,true,true
181.938,undefined,0,0,0,0,0,0,0,0,0,0,0,0,0,0,0,0,0,0,0,0,0,0,0,1983.02,409.36,556.72,0,0,1248.14,62.51,0,0,2642.87,54.6,2655.9,0,0,0,0,793.03,1411.8,0,26.1,25.9,false,false,undefined,false,false,false,false,undefined,false,false,true,true
182.054,undefined,0,0,0,0,0,0,0,0,0,0,0,0,0,0,0,0,0,0,0,0,0,0,0,1983.02,409.36,556.72,0,0,1248.14,62.51,0,0,2641.63,54.6,2652,0,0,0,0,793.03,1409.23,0,26.1,25.9,false,false,undefined,false,false,false,false,undefined,false,false,true,true
182.173,undefined,0,0,0,0,0,0,0,0,0,0,0,0,0,0,0,0,0,0,0,0,0,0,0,1983.02,409.36,556.72,0,0,1248.14,62.51,0,0,2632.5,54.6,2650.67,0,0,0,0,794.27,1410.47,0,26.1,25.9,false,false,undefined,false,false,false,false,undefined,false,false,true,true
182.288,undefined,0,0,0,0,0,0,0,0,0,0,0,0,0,0,0,0,0,0,0,0,0,0,0,1983.02,409.36,556.72,0,0,1248.14,62.51,0,0,2627.27,54.6,2650.67,0,0,0,0,794.27,1410.47,0,26.1,25.9,false,false,undefined,false,false,false,false,undefined,false,false,true,true
182.406,undefined,0,0,0,0,0,0,0,0,0,0,0,0,0,0,0,0,0,0,0,0,0,0,0,1990.62,404.16,566.15,0,0,1261.77,62.44,0,0,2627.27,54.6,2653.33,0,0,0,0,793.03,1410.47,0,26.1,25.9,false,false,undefined,false,false,false,false,undefined,false,false,true,true
182.526,undefined,0,0,0,0,0,0,0,0,0,0,0,0,0,0,0,0,0,0,0,0,0,0,0,1990.62,404.16,566.15,0,0,1261.77,62.44,0,0,2624.7,54.6,2653.33,0,0,0,0,793.03,1410.47,0,26.1,25.9,false,false,undefined,false,false,false,false,undefined,false,false,true,true
182.636,undefined,0,0,0,0,0,0,0,0,0,0,0,0,0,0,0,0,0,0,0,0,0,0,0,1990.62,404.16,566.15,0,0,1261.77,62.44,0,0,2624.7,54.6,2655.9,0,0,0,0,793.03,1410.47,0,26.1,25.9,false,false,undefined,false,false,false,false,undefined,false,false,true,true
182.746,undefined,0,0,0,0,0,0,0,0,0,0,0,0,0,0,0,0,0,0,0,0,0,0,0,1990.62,404.16,566.15,0,0,1261.77,62.44,0,0,2624.7,54.6,2658.47,0,0,0,0,793.03,1410.47,0,26.1,25.9,false,false,undefined,false,false,false,false,undefined,false,false,true,true
182.88,undefined,0,0,0,0,0,0,0,0,0,0,0,0,0,0,0,0,0,0,0,0,0,0,0,2013.16,403.83,573.98,0,0,1282.18,62.57,0,0,2627.27,54.6,2658.47,0,0,0,0,791.7,1410.47,0,26.1,25.9,false,false,undefined,false,false,false,false,undefined,false,false,true,true
182.999,undefined,0,0,0,0,0,0,0,0,0,0,0,0,0,0,0,0,0,0,0,0,0,0,0,2013.16,403.83,573.98,0,0,1282.18,62.57,0,0,2627.27,54.6,2668.93,0,0,0,0,793.03,1410.47,0,26.1,25.9,false,false,undefined,false,false,false,false,undefined,false,false,true,true
183.114,undefined,0,0,0,0,0,0,0,0,0,0,0,0,0,0,0,0,0,0,0,0,0,0,0,2013.16,403.83,573.98,0,0,1282.18,62.57,0,0,2633.83,54.6,2674.07,0,0,0,0,793.03,1411.8,0,26.1,25.9,false,false,undefined,false,false,false,false,undefined,false,false,true,true
183.225,undefined,0,0,0,0,0,0,0,0,0,0,0,0,0,0,0,0,0,0,0,0,0,0,0,2013.16,403.83,573.98,0,0,1282.18,62.57,0,0,2646.77,54.6,2668.93,0,0,0,0,794.27,1411.8,0,26.1,25.9,false,false,undefined,false,false,false,false,undefined,false,false,true,true
183.336,undefined,0,0,0,0,0,0,0,0,0,0,0,0,0,0,0,0,0,0,0,0,0,0,0,2020.19,400.34,600.33,0,0,1295.27,62.45,0,0,2653.33,54.6,2668.93,0,0,0,0,794.27,1413.13,0,26.1,25.9,false,false,undefined,false,false,false,false,undefined,false,false,true,true
183.46,undefined,0,0,0,0,0,0,0,0,0,0,0,0,0,0,0,0,0,0,0,0,0,0,0,2020.19,400.34,600.33,0,0,1295.27,62.45,0,0,2653.33,55.93,2670.17,0,0,0,0,794.27,1413.13,0,26.1,25.9,false,false,undefined,false,false,false,false,undefined,false,false,true,true
183.577,undefined,0,0,0,0,0,0,0,0,0,0,0,0,0,0,0,0,0,0,0,0,0,0,0,2020.19,400.34,600.33,0,0,1295.27,62.45,0,0,2653.33,54.6,2668.93,0,0,0,0,794.27,1413.13,0,26.1,25.9,false,false,undefined,false,false,false,false,undefined,false,false,true,true
183.689,undefined,0,0,0,0,0,0,0,0,0,0,0,0,0,0,0,0,0,0,0,0,0,0,0,2020.19,400.34,600.33,0,0,1295.27,62.45,0,0,2644.2,54.6,2670.17,0,0,0,0,794.27,1411.8,0,26.1,25.9,false,false,undefined,false,false,false,false,undefined,false,false,true,true
183.808,undefined,0,0,0,0,0,0,0,0,0,0,0,0,0,0,0,0,0,0,0,0,0,0,0,2035.96,399.33,609.5,0,0,1308.96,62.48,0,0,2638.97,54.6,2672.83,0,0,0,0,794.27,1411.8,0,26.1,25.9,false,false,undefined,false,false,false,false,undefined,false,false,true,true
183.938,undefined,0,0,0,0,0,0,0,0,0,0,0,0,0,0,0,0,0,0,0,0,0,0,0,2035.96,399.33,609.5,0,0,1308.96,62.48,0,0,2637.73,54.6,2672.83,0,0,0,0,793.03,1411.8,0,26.1,25.9,false,false,undefined,false,false,false,false,undefined,false,false,true,true
184.061,undefined,0,0,0,0,0,0,0,0,0,0,0,0,0,0,0,0,0,0,0,0,0,0,0,2035.96,399.33,609.5,0,0,1308.96,62.48,0,0,2637.73,54.6,2667.6,0,0,0,0,794.27,1411.8,0,26.1,25.9,false,false,undefined,false,false,false,false,undefined,false,false,true,true
184.189,undefined,0,0,0,0,0,0,0,0,0,0,0,0,0,0,0,0,0,0,0,0,0,0,0,2035.96,399.33,609.5,0,0,1308.96,62.48,0,0,2640.3,54.6,2662.37,0,0,0,0,795.6,1411.8,0,26.1,25.9,false,false,undefined,false,false,false,false,undefined,false,false,true,true
184.312,undefined,0,0,0,0,0,0,0,0,0,0,0,0,0,0,0,0,0,0,0,0,0,0,0,2041.81,398.66,627.24,0,0,1320.37,62.62,0,0,2646.77,54.6,2663.7,0,0,0,0,795.6,1411.8,0,26.1,25.9,false,false,undefined,false,false,false,false,undefined,false,false,true,true
184.421,undefined,0,0,0,0,0,0,0,0,0,0,0,0,0,0,0,0,0,0,0,0,0,0,0,2041.81,398.66,627.24,0,0,1320.37,62.62,0,0,2649.43,54.6,2659.8,0,0,0,0,794.27,1411.8,0,26.1,25.9,false,false,undefined,false,false,false,false,undefined,false,false,true,true
184.539,undefined,0,0,0,0,0,0,0,0,0,0,0,0,0,0,0,0,0,0,0,0,0,0,0,2041.81,398.66,627.24,0,0,1320.37,62.62,0,0,2645.53,54.6,2659.8,0,0,0,0,794.27,1411.8,0,26.1,25.9,false,false,undefined,false,false,false,false,undefined,false,false,true,true
184.668,undefined,0,0,0,0,0,0,0,0,0,0,0,0,0,0,0,0,0,0,0,0,0,0,0,2041.81,398.66,627.24,0,0,1320.37,62.62,0,0,2645.53,54.6,2655.9,0,0,0,0,794.27,1411.8,0,26.1,25.9,false,false,undefined,false,false,false,false,undefined,false,false,true,true
184.781,undefined,0,0,0,0,0,0,0,0,0,0,0,0,0,0,0,0,0,0,0,0,0,0,0,2049.19,398.66,609.9,0,0,1325.47,62.61,0,0,2646.77,54.6,2653.33,0,0,0,0,794.27,1411.8,0,26.1,25.9,false,false,undefined,false,false,false,false,undefined,false,false,true,true
184.897,undefined,0,0,0,0,0,0,0,0,0,0,0,0,0,0,0,0,0,0,0,0,0,0,0,2049.19,398.66,609.9,0,0,1325.47,62.61,0,0,2646.77,54.6,2650.67,0,0,0,0,795.6,1411.8,0,26.1,25.9,false,false,undefined,false,false,false,false,undefined,false,false,true,true
